[
  {
    "Id": "123577",
    "ThreadId": "37240",
    "Html": "I have found two problems in current release:<br>\r\n1) in IEEE style with table for numbers and bib entries, first column with numbers is really narrow, so after number 10 it is already too small, and is being divided in two lines, which requires manual correction every time bibliography is updated.<br>\r\n2) when I use save as PDF or XPS addon to save docx to pdf, I get 'x' character printed before and after bibliography. It seems like there is some special character inserted, which does not have printable representation, or something like that...\r\n",
    "PostedDate": "2008-10-07T13:42:06.3-07:00",
    "UserRole": null,
    "MarkedAsAnswerDate": null
  },
  {
    "Id": "123605",
    "ThreadId": "37240",
    "Html": "Sorry but I can not reproduce either of&nbsp;your problems. The only reason I can see for them is that you are doing something weird with the style of the bibliography. A bibliography has a style called &quot;Bibliography&quot; (or a language dependant equivalent).<br>\r\n<br>\r\nRegarding your second remark. The HTML returned by the style is handled incorrectly by Word 2007, it adds a blank paragraph both&nbsp;in front and at the end of the table. So my &quot;dirty hack&quot; to get rid of those paragraphs,&nbsp;consists of creating dummy paragraphs which contain just one character: &quot;x&quot;. By setting the line height of those paragraphs to 0, the &quot;x&quot; characters are concealed (they are in the document, but you can't see them). <br>\r\n<br>\r\nI just retried&nbsp;both the save as pdf and save as xps options with a new document&nbsp;and in both cases the &quot;x&quot;'s stay hidden. Both xps and pdf converters seem to grasp the concept of line-height:0.&nbsp;If you really can't hide the &quot;x&quot;'s, you can always remove them from the stylesheet. Just remove the line:&nbsp;&nbsp;<span style=\"font-size:13px;color:#0000ff\">&lt;</span><span style=\"font-size:13px;color:#a31515\">p</span><span style=\"font-size:13px;color:#ff0000\"> class</span><span style=\"font-size:13px;color:#0000ff\">=</span><span style=\"font-size:13px\">&quot;</span><span style=\"font-size:13px;color:#0000ff\">MsoBibliography</span><span style=\"font-size:13px\">&quot;</span> <span style=\"font-size:13px;color:#ff0000\">style</span><span style=\"font-size:13px;color:#0000ff\"><span style=\"font-size:13px;color:#0000ff\">=</span></span><span style=\"font-size:13px\">&quot;</span><span style=\"font-size:13px;color:#0000ff\"><span style=\"font-size:13px;color:#0000ff\">line-height:0;</span></span><span style=\"font-size:13px\">&quot;</span><span style=\"font-size:13px;color:#0000ff\">&gt;</span><span style=\"font-size:13px\">x</span><span style=\"font-size:13px;color:#0000ff\">&lt;/</span><span style=\"font-size:13px;color:#a31515\">p</span><span style=\"font-size:13px;color:#0000ff\">&gt; </span><br>\r\nfrom the code (it appears twice). You might get an&nbsp;extra white line in front and at the end&nbsp;of your&nbsp;bibliography&nbsp;though.<br>\r\n<br>\r\nAs the issue about the &quot;x&quot;'s showing up is bothering me, I would appreciate it if you could send an example docx to my e-mail which will show the &quot;x&quot; in the pdf (or&nbsp;xps)&nbsp;when I open the docx&nbsp;it and select &quot;Save As&quot; =&gt; &quot;PDF or XPS&quot;.<br>\r\n&nbsp;<br>\r\nYves\r\n",
    "PostedDate": "2008-10-07T14:57:03.137-07:00",
    "UserRole": null,
    "MarkedAsAnswerDate": null
  },
  {
    "Id": "123609",
    "ThreadId": "37240",
    "Html": "\r\n\r\n<div class=Section1>\r\n\r\n<p class=MsoNormal>Hi Yves,</p>\r\n\r\n<p class=MsoNormal>Enclosed is an example of both issues. I have not done\r\nanything to the styles. It is all in normal style in a fresh new document.</p>\r\n\r\n<p class=MsoNormal>I simply inserted bibliography field using IEEE Reference Order\r\nformat to display 10+ sources.</p>\r\n\r\n<p class=MsoNormal>It would be great if it was possible to fix these small bugs,\r\nas I like your styles very much.</p>\r\n\r\n<p class=MsoNormal> </p>\r\n\r\n<p class=MsoNormal>Best Regards,</p>\r\n\r\n<p class=MsoNormal>Marek</p>\r\n\r\n</div>\r\n\r\n",
    "PostedDate": "2008-10-07T15:20:06.243-07:00",
    "UserRole": null,
    "MarkedAsAnswerDate": null
  },
  {
    "Id": "123675",
    "ThreadId": "37240",
    "Html": "I did not receive any example docx. If you mailed it to this discussion, then the attachments were most likely removed along the way. Mail it to me directly. You can find my email&nbsp;at the top of the stylesheets.<br>\r\n<br>\r\nYves\r\n",
    "PostedDate": "2008-10-07T23:24:49.657-07:00",
    "UserRole": null,
    "MarkedAsAnswerDate": null
  },
  {
    "Id": "124342",
    "ThreadId": "37240",
    "Html": "<p>Thanks for the example.<br>\r\n<br>\r\nIt seems your default formatting is different from any document I have seen so far. In Word 2007, it is possible to define some default values for the line-height. Normally it is never set, but in your case, it is. According to the document you send me, a line in a paragraph has to have a&nbsp;height of 276 (which equals a line spacing of 1,15). When I hide the x's in my document, I set the line height for the specific paragraph&nbsp;to 0 (as shown in the code below). Unfortunately, it seems when printing your text, the locally defined value is ignored, and the default value is used.&nbsp;It has to do with Word 2007&nbsp;not&nbsp;accepting 0 as a valid value (although according to the Office OpenXML specification, 0 is a perfectly valid value). You can see this behaviour&nbsp;when you try to set the line spacing for a paragraph to 0 by hand.<br>\r\n<br>\r\nAs the output of the stylesheet is actually HTML (with CSS), I looked for alternatives for &quot;line-height:0&quot;. I had 3&nbsp;options:\r\n<ul>\r\n    <li>style=&quot;line-height:0;&quot;</li>\r\n    <li>style=&quot;visibility:hidden;&quot;</li>\r\n    <li>style=&quot;display:none&quot;</li>\r\n</ul>\r\n<p>According to the MSDN article at&nbsp;<a href=\"http://msdn.microsoft.com/en-us/library/aa338201.aspx\">http://msdn.microsoft.com/en-us/library/aa338201.aspx</a>&nbsp;only the first solution should be working (but your example&nbsp;demonstrated it doesn't always). The third alternative seems to be working in all cases I tried so far although it shouldn't according to Microsoft. So I used that as a bug fix.&nbsp;<br>\r\n<br>\r\nI updated both BibWord and all styles with this fix. Thanks again for reporting the issue.<br>\r\n<br>\r\nYves</p>\r\n",
    "PostedDate": "2008-10-10T09:37:53.447-07:00",
    "UserRole": null,
    "MarkedAsAnswerDate": null
  },
  {
    "Id": "124477",
    "ThreadId": "37240",
    "Html": "\r\n\r\n<div class=Section1>\r\n\r\n<p class=MsoNormal>Hi Yves,</p>\r\n\r\n<p class=MsoNormal>Could you please explain to me in a more clear way what is\r\nwrong with my default settings? Are you saying that my Normal.dot template is\r\nnot normal?</p>\r\n\r\n<p class=MsoNormal>I did not change any default format of any style. So this\r\nmust be how it works out of the box. I have all the SPs and patches for office\r\nfrom MS Update.</p>\r\n\r\n<p class=MsoNormal>Perhaps you could send me your Normal.dot file, so I can try\r\nit out?</p>\r\n\r\n<p class=MsoNormal> </p>\r\n\r\n<p class=MsoNormal>Best Regards,</p>\r\n\r\n<p class=MsoNormal>Marek</p>\r\n\r\n</div>\r\n\r\n",
    "PostedDate": "2008-10-11T09:19:37.157-07:00",
    "UserRole": null,
    "MarkedAsAnswerDate": null
  },
  {
    "Id": "124489",
    "ThreadId": "37240",
    "Html": "There is nothing wrong with your default template. <br>\r\n<br>\r\nA docx file is actually nothing more than a zip file. If you would rename it and open it, you would find a couple of subdirectory all filled with xml files (sometimes they have a .rels extension but are still zip files). One of the files is called styles.xml.&nbsp;In it there is an element docDefaults which contains some default values for runs (rPrDefault) and paragraphs (pPrDefault). Yours looked like this:&nbsp;<br>\r\n<span style=\"font-size:10pt;color:#0000ff;font-family:'Courier New'\"><span style=\"\"><br>\r\n&nbsp; </span>&lt;</span><span style=\"font-size:10pt;color:#a31515;font-family:'Courier New'\">w:docDefaults</span><span style=\"font-size:10pt;color:#0000ff;font-family:'Courier New'\">&gt;&lt;?xml:namespace prefix = o /&gt;&lt;o:p&gt;&lt;/o:p&gt;</span>\r\n<p class=MsoNormal style=\"margin:0cm 0cm 0pt;line-height:normal\"><span style=\"font-size:10pt;color:#0000ff;font-family:'Courier New'\"><span style=\"\">&nbsp;&nbsp;&nbsp; </span>&lt;</span><span style=\"font-size:10pt;color:#a31515;font-family:'Courier New'\">w:rPrDefault</span><span style=\"font-size:10pt;color:#0000ff;font-family:'Courier New'\">&gt;&lt;o:p&gt;&lt;/o:p&gt;</span></p>\r\n<p class=MsoNormal style=\"margin:0cm 0cm 0pt;line-height:normal\"><span style=\"font-size:10pt;color:#0000ff;font-family:'Courier New'\"><span style=\"\">&nbsp;&nbsp;&nbsp;&nbsp;&nbsp; </span>&lt;</span><span style=\"font-size:10pt;color:#a31515;font-family:'Courier New'\">w:rPr</span><span style=\"font-size:10pt;color:#0000ff;font-family:'Courier New'\">&gt;&lt;o:p&gt;&lt;/o:p&gt;</span></p>\r\n<p class=MsoNormal style=\"margin:0cm 0cm 0pt;line-height:normal\"><span style=\"font-size:10pt;color:#0000ff;font-family:'Courier New'\"><span style=\"\">&nbsp;&nbsp;&nbsp;&nbsp;&nbsp;&nbsp;&nbsp; </span>&lt;</span><span style=\"font-size:10pt;color:#a31515;font-family:'Courier New'\">w:rFonts</span><span style=\"font-size:10pt;color:#0000ff;font-family:'Courier New'\"> </span><span style=\"font-size:10pt;color:#ff0000;font-family:'Courier New'\">w:asciiTheme</span><span style=\"font-size:10pt;color:#0000ff;font-family:'Courier New'\">=</span><span style=\"font-size:10pt;font-family:'Courier New'\">&quot;<span style=\"color:#0000ff\">minorHAnsi</span>&quot;<span style=\"color:#0000ff\"> </span><span style=\"color:#ff0000\">w:eastAsiaTheme</span><span style=\"color:#0000ff\">=</span>&quot;<span style=\"color:#0000ff\">minorHAnsi</span>&quot;<span style=\"color:#0000ff\"> </span><span style=\"color:#ff0000\">w:hAnsiTheme</span><span style=\"color:#0000ff\">=</span>&quot;<span style=\"color:#0000ff\">minorHAnsi</span>&quot;<span style=\"color:#0000ff\"> </span><span style=\"color:#ff0000\">w:cstheme</span><span style=\"color:#0000ff\">=</span>&quot;<span style=\"color:#0000ff\">minorBidi</span>&quot;<span style=\"color:#0000ff\">/&gt;&lt;o:p&gt;&lt;/o:p&gt;</span></span></p>\r\n<p class=MsoNormal style=\"margin:0cm 0cm 0pt;line-height:normal\"><span style=\"font-size:10pt;color:#0000ff;font-family:'Courier New'\"><span style=\"\">&nbsp;&nbsp;&nbsp;&nbsp;&nbsp;&nbsp;&nbsp; </span></span><span lang=NL-BE style=\"font-size:10pt;color:#0000ff;font-family:'Courier New'\">&lt;</span><span lang=NL-BE style=\"font-size:10pt;color:#a31515;font-family:'Courier New'\">w:sz</span><span lang=NL-BE style=\"font-size:10pt;color:#0000ff;font-family:'Courier New'\"> </span><span lang=NL-BE style=\"font-size:10pt;color:#ff0000;font-family:'Courier New'\">w:val</span><span lang=NL-BE style=\"font-size:10pt;color:#0000ff;font-family:'Courier New'\">=</span><span lang=NL-BE style=\"font-size:10pt;font-family:'Courier New'\">&quot;<span style=\"color:#0000ff\">22</span>&quot;<span style=\"color:#0000ff\">/&gt;&lt;o:p&gt;&lt;/o:p&gt;</span></span></p>\r\n<p class=MsoNormal style=\"margin:0cm 0cm 0pt;line-height:normal\"><span lang=NL-BE style=\"font-size:10pt;color:#0000ff;font-family:'Courier New'\"><span style=\"\">&nbsp;&nbsp;&nbsp;&nbsp;&nbsp;&nbsp;&nbsp; </span>&lt;</span><span lang=NL-BE style=\"font-size:10pt;color:#a31515;font-family:'Courier New'\">w:szCs</span><span lang=NL-BE style=\"font-size:10pt;color:#0000ff;font-family:'Courier New'\"> </span><span lang=NL-BE style=\"font-size:10pt;color:#ff0000;font-family:'Courier New'\">w:val</span><span lang=NL-BE style=\"font-size:10pt;color:#0000ff;font-family:'Courier New'\">=</span><span lang=NL-BE style=\"font-size:10pt;font-family:'Courier New'\">&quot;<span style=\"color:#0000ff\">22</span>&quot;<span style=\"color:#0000ff\">/&gt;&lt;o:p&gt;&lt;/o:p&gt;</span></span></p>\r\n<p class=MsoNormal style=\"margin:0cm 0cm 0pt;line-height:normal\"><span lang=NL-BE style=\"font-size:10pt;color:#0000ff;font-family:'Courier New'\"><span style=\"\">&nbsp;&nbsp;&nbsp;&nbsp;&nbsp;&nbsp;&nbsp; </span></span><span style=\"font-size:10pt;color:#0000ff;font-family:'Courier New'\">&lt;</span><span style=\"font-size:10pt;color:#a31515;font-family:'Courier New'\">w:lang</span><span style=\"font-size:10pt;color:#0000ff;font-family:'Courier New'\"> </span><span style=\"font-size:10pt;color:#ff0000;font-family:'Courier New'\">w:val</span><span style=\"font-size:10pt;color:#0000ff;font-family:'Courier New'\">=</span><span style=\"font-size:10pt;font-family:'Courier New'\">&quot;<span style=\"color:#0000ff\">en-US</span>&quot;<span style=\"color:#0000ff\"> </span><span style=\"color:#ff0000\">w:eastAsia</span><span style=\"color:#0000ff\">=</span>&quot;<span style=\"color:#0000ff\">en-US</span>&quot;<span style=\"color:#0000ff\"> </span><span style=\"color:#ff0000\">w:bidi</span><span style=\"color:#0000ff\">=</span>&quot;<span style=\"color:#0000ff\">ar-SA</span>&quot;<span style=\"color:#0000ff\">/&gt;&lt;o:p&gt;&lt;/o:p&gt;</span></span></p>\r\n<p class=MsoNormal style=\"margin:0cm 0cm 0pt;line-height:normal\"><span style=\"font-size:10pt;color:#0000ff;font-family:'Courier New'\"><span style=\"\">&nbsp;&nbsp;&nbsp;&nbsp;&nbsp; </span>&lt;/</span><span style=\"font-size:10pt;color:#a31515;font-family:'Courier New'\">w:rPr</span><span style=\"font-size:10pt;color:#0000ff;font-family:'Courier New'\">&gt;&lt;o:p&gt;&lt;/o:p&gt;</span></p>\r\n<p class=MsoNormal style=\"margin:0cm 0cm 0pt;line-height:normal\"><span style=\"font-size:10pt;color:#0000ff;font-family:'Courier New'\"><span style=\"\">&nbsp;&nbsp;&nbsp; </span>&lt;/</span><span style=\"font-size:10pt;color:#a31515;font-family:'Courier New'\">w:rPrDefault</span><span style=\"font-size:10pt;color:#0000ff;font-family:'Courier New'\">&gt;&lt;o:p&gt;&lt;/o:p&gt;</span></p>\r\n<p class=MsoNormal style=\"margin:0cm 0cm 0pt;line-height:normal\"><span style=\"font-size:10pt;color:#0000ff;font-family:'Courier New'\"><span style=\"\">&nbsp;&nbsp;&nbsp; </span>&lt;</span><span style=\"font-size:10pt;color:#a31515;font-family:'Courier New'\">w:pPrDefault</span><span style=\"font-size:10pt;color:#0000ff;font-family:'Courier New'\">&gt;&lt;o:p&gt;&lt;/o:p&gt;</span></p>\r\n<p class=MsoNormal style=\"margin:0cm 0cm 0pt;line-height:normal\"><span style=\"font-size:10pt;color:#0000ff;font-family:'Courier New'\"><span style=\"\">&nbsp;&nbsp;&nbsp;&nbsp;&nbsp; </span>&lt;</span><span style=\"font-size:10pt;color:#a31515;font-family:'Courier New'\">w:pPr</span><span style=\"font-size:10pt;color:#0000ff;font-family:'Courier New'\">&gt;&lt;o:p&gt;&lt;/o:p&gt;</span></p>\r\n<p class=MsoNormal style=\"margin:0cm 0cm 0pt;line-height:normal\"><span style=\"font-size:10pt;color:#0000ff;font-family:'Courier New'\"><span style=\"\">&nbsp;&nbsp;&nbsp;&nbsp;&nbsp;&nbsp;&nbsp; </span>&lt;</span><span style=\"font-size:10pt;color:#a31515;font-family:'Courier New'\">w:spacing</span><span style=\"font-size:10pt;color:#0000ff;font-family:'Courier New'\"> </span><span style=\"font-size:10pt;color:#ff0000;font-family:'Courier New'\">w:after</span><span style=\"font-size:10pt;color:#0000ff;font-family:'Courier New'\">=</span><span style=\"font-size:10pt;font-family:'Courier New'\">&quot;<span style=\"color:#0000ff\">200</span>&quot;<span style=\"color:#0000ff\"> </span><span style=\"color:#ff0000\">w:line</span><span style=\"color:#0000ff\">=</span>&quot;<span style=\"color:#0000ff\">276</span>&quot;<span style=\"color:#0000ff\"> </span><span style=\"color:#ff0000\">w:lineRule</span><span style=\"color:#0000ff\">=</span>&quot;<span style=\"color:#0000ff\">auto</span>&quot;<span style=\"color:#0000ff\">/&gt;&lt;o:p&gt;&lt;/o:p&gt;</span></span></p>\r\n<p class=MsoNormal style=\"margin:0cm 0cm 0pt;line-height:normal\"><span style=\"font-size:10pt;color:#0000ff;font-family:'Courier New'\"><span style=\"\">&nbsp;&nbsp;&nbsp;&nbsp;&nbsp; </span>&lt;/</span><span style=\"font-size:10pt;color:#a31515;font-family:'Courier New'\">w:pPr</span><span style=\"font-size:10pt;color:#0000ff;font-family:'Courier New'\">&gt;&lt;o:p&gt;&lt;/o:p&gt;</span></p>\r\n<p class=MsoNormal style=\"margin:0cm 0cm 0pt;line-height:normal\"><span style=\"font-size:10pt;color:#0000ff;font-family:'Courier New'\"><span style=\"\">&nbsp;&nbsp;&nbsp; </span>&lt;/</span><span style=\"font-size:10pt;color:#a31515;font-family:'Courier New'\">w:pPrDefault</span><span style=\"font-size:10pt;color:#0000ff;font-family:'Courier New'\">&gt;&lt;o:p&gt;&lt;/o:p&gt;</span></p>\r\n<p class=MsoNormal style=\"margin:0cm 0cm 10pt\"><span style=\"font-size:10pt;color:#0000ff;line-height:115%;font-family:'Courier New'\"><span style=\"\">&nbsp; </span>&lt;/</span><span style=\"font-size:10pt;color:#a31515;line-height:115%;font-family:'Courier New'\">w:docDefaults</span><span style=\"font-size:10pt;color:#0000ff;line-height:115%;font-family:'Courier New'\">&gt;</span></p>\r\nBasically what yours says is that by default after&nbsp;each paragraph 200 'points'&nbsp;should be left open before the next paragraph starts. Also, each line should have a spacing of 276 points. Since 240 is the value for a line spacing of 1, 276 comes down to 1.15. This is actually the default value for the normal style on my version of Word as well. I checked my normal.dotm template and found out that it actually has the line&nbsp;<span style=\"font-size:13px\"><span style=\"font-family:Courier New\"><span style=\"color:#0000ff\">&lt;</span><span style=\"font-size:10pt;color:#a31515\">w:spacing</span><span style=\"font-size:10pt;color:#0000ff\"> </span><span style=\"font-size:10pt;color:#ff0000\">w:after</span><span style=\"font-size:10pt;color:#0000ff\">=</span><span style=\"font-size:10pt\">&quot;<span style=\"color:#0000ff\">200</span>&quot;<span style=\"color:#0000ff\"> </span><span style=\"color:#ff0000\">w:line</span><span style=\"color:#0000ff\">=</span>&quot;<span style=\"color:#0000ff\">276</span>&quot;<span style=\"color:#0000ff\"> </span><span style=\"color:#ff0000\">w:lineRule</span><span style=\"color:#0000ff\">=</span>&quot;<span style=\"color:#0000ff\">auto</span>&quot;<span style=\"color:#0000ff\">/&gt; </span></span></span></span>in it. For some reason, yours get saved to the final document while mine does not and hence the w:pPr element does not contain the line. So sending you my dotm is of no use. Yours is already correct.<br>\r\n<br>\r\nSo it seems that if the line is given in w:pPr, it picks 276 over 0 because it thinks 0 is not valid. If the line isn't there, it accepts 0.\r\n",
    "PostedDate": "2008-10-11T10:40:32.53-07:00",
    "UserRole": null,
    "MarkedAsAnswerDate": null
  }
]