[
  {
    "Id": "1089999",
    "ThreadId": "456192",
    "Html": "Hi guys \r<br />\n I need help to add a Vancouver style in word 2013, so I read some previous post but I did not understand this.\r<br />\nPlease help with this \r<br />\nThanks <br />\n",
    "PostedDate": "2013-09-08T20:28:54.857-07:00",
    "UserRole": null,
    "MarkedAsAnswerDate": null
  },
  {
    "Id": "1092878",
    "ThreadId": "456192",
    "Html": "What part didn't you understand?\r<br />\n<br />\nThe full installation instructions, or more simply put, the locations where you have to put the files, can be found at <a href=\"https://bibword.codeplex.com/wikipage?title=Styles&amp;referringTitle=Documentation&amp;ANCHOR#Installation\" rel=\"nofollow\">https://bibword.codeplex.com/wikipage?title=Styles&referringTitle=Documentation&ANCHOR#Installation</a><br />\n",
    "PostedDate": "2013-09-15T10:12:57.73-07:00",
    "UserRole": null,
    "MarkedAsAnswerDate": null
  },
  {
    "Id": "1098157",
    "ThreadId": "456192",
    "Html": "\r\n<div dir=\"ltr\">Dear Yves\r\n<div>I do that but it doesn't work; please let me know if I do something aditonal\r\n</div>\r\n<div>Thanks for your attention</div>\r\n<div>Francisco </div>\r\n<div><br>\r\n<div>\r\n<hr id=\"stopSpelling\">\r\n</div>\r\n</div>\r\n</div>\r\n",
    "PostedDate": "2013-09-23T11:28:35.36-07:00",
    "UserRole": null,
    "MarkedAsAnswerDate": null
  }
]