[
  {
    "Id": "1441737",
    "ThreadId": "644162",
    "Html": "I need a bit of help.  I've downloaded the MHRA style (along with all the others available) from Bibword, and installed it into the correct template folder.  When I open Word and click on References&gt;Style, all the other styles appear except for MHRA.<br />\n\r<br />\nI'm running Word 365 on Win 8.1.\r<br />\n<br />\nWhat do I need to do to get it running?\r<br />\n<br />\nThanks. <br />\n",
    "PostedDate": "2015-08-24T14:22:32.057-07:00",
    "UserRole": null,
    "MarkedAsAnswerDate": null
  }
]