[
  {
    "Id": "1330912",
    "ThreadId": "574641",
    "Html": "I'm writing my thesis and have been modifying a BibWord HarvardLeeds-based style to comply with referencing guidelines our university. \r<br />\n<br />\nNow I've run into a problem, as our guide requires that if there are more than two authors on first occurrence the citation authors are written out fully and in the rest of citations only first author is cited and rest truncated with et al.\r<br />\n<br />\nExample:<br />\n<pre><code>Lorem ipsum dolor sit amet, consectetuer adipiscing elit. Sed posuere interdum sem. Quisque ligula eros ullamcorper quis, lacinia quis facilisis sed sapien. (Author &amp; Author  2000; Author, Author &amp; Author 2001.)\n\nAliquam erat volutpat. Sed congue augue vitae neque. Nulla consectetuer porttitor pede. Fusce purus morbi tortor magna condimentum vel, placerat id blandit sit amet tortor. (Author &amp; Author 2000; Author et al. 2001.)\n</code></pre>\n\n",
    "PostedDate": "2014-12-11T01:23:24.933-08:00",
    "UserRole": null,
    "MarkedAsAnswerDate": null
  },
  {
    "Id": "1330995",
    "ThreadId": "574641",
    "Html": "What I have done is to create another citation form to cater for et al citations on the second mention of a multi-author source. This is enabled by a variation made to the ‘Suppress’ feature in the ‘Edit Citation’ box.\r<br />\n<br />\nFirst you need to create another subsection for an et al citation in the &lt;citation&gt; section of the stylesheet. You also have to identify the ordinary, full form citation and the et al form of citation. For example, in the &lt;source type=&quot;Book&quot;&gt; subsection:<br />\n<pre><code>&lt;source type=&quot;Book&quot;&gt;</code></pre>\n\n&lt;format type=&quot;full&quot;&gt;{%CitationPrefix%}{%Author:1|Editor:1|Title%}{, %Year%{%YearSuffix%}}{, %CitationVolume%}{, %CitationPages:p.:pp.%}{%CitationSuffix%}&lt;/format&gt;\r<br />\n&lt;format type=&quot;EtAl&quot;&gt;{%CitationPrefix%}{%Author:20|Editor:20|Title%}{, %Year%{%YearSuffix%}}{, %CitationVolume%}{, %CitationPages:p.:pp.%}{%CitationSuffix%}&lt;/format&gt;<br />\n<pre><code>  &lt;/source&gt;\n</code></pre>\n\nYou then need to add another subsection in the &lt;namelists&gt; section to use in the et al form citation. I happened to use “shortauthor”, ‘Author:20’. In this subsection, you will have to set up your required style for the ‘et al’ output.\r<br />\n<br />\n&lt;list name=&quot;shortauthor&quot; id=&quot;20&quot;&gt;<br />\n<pre><code>    &lt;!-- Used for et al. citations, set to show 1. --&gt;\n    &lt;single_prefix&gt;&lt;/single_prefix&gt;\n    &lt;multi_prefix&gt;&lt;/multi_prefix&gt;\n    &lt;corporate&gt;{%Corporate%}&lt;/corporate&gt;\n    &lt;first_person&gt;{%Last%}&lt;/first_person&gt;\n    &lt;other_persons&gt;{%Last%}&lt;/other_persons&gt;\n    &lt;separator_between_if_two&gt; &amp;amp; &lt;/separator_between_if_two&gt;\n    &lt;separator_between_if_more_than_two&gt;, &lt;/separator_between_if_more_than_two&gt;\n    &lt;separator_before_last&gt; &amp;amp; &lt;/separator_before_last&gt;\n    &lt;max_number_of_persons_to_display&gt;1&lt;/max_number_of_persons_to_display&gt;</code></pre>\n\n&lt;number_of_persons_to_display_if_more_than_max&gt;1&lt;/number_of_persons_to_display_if_more_than_max&gt;<br />\n<pre><code>    &lt;overflow&gt; et al.&lt;/overflow&gt;\n    &lt;single_suffix&gt;&lt;/single_suffix&gt;\n    &lt;multi_suffix&gt;&lt;/multi_suffix&gt;\n  &lt;/list&gt;\n</code></pre>\n\nTo make this work, you have to add code in the non-variable section which starts at line 659. The subsection that formats the citations starts at line 751: &lt;!-- Formats the citation. --&gt;\r<br />\n<br />\nAdditional code can then be inserted to allow for up to 8 permutations of citations by using different combinations of the suppression items. (This can get complicated and it took me months to sort out.)\r<br />\n<br />\nFor the present exercise to allow for et al citations:\r<br />\n<br />\nInsert the following at Line 775, replacing existing code up to &lt;!-- Else display error message. --&gt;:<br />\n&lt;!-- Get the version. This allows for additional citation forms by using the suppression feature. --&gt;\r\n<pre><code>          &lt;xsl:variable name=&quot;version&quot;&gt;\n            &lt;xsl:choose&gt;</code></pre>\n\n&lt;!--  If only Title is suppressed, show the Et Al version. Used to output et al, with 'Author 20'  --&gt;\r\n<pre><code>    &lt;xsl:when test=&quot;/b:Citation/b:NoTitle and not(/b:Citation/b:NoAuthor) and not(/b:Citation/b:NoYear)&quot;&gt;\n                &lt;xsl:text&gt;EtAl&lt;/xsl:text&gt;\n              &lt;/xsl:when&gt;</code></pre>\n\n&lt;!--  Otherwise, show the full version. --&gt;\r\n<pre><code>              &lt;xsl:otherwise&gt;\n                &lt;xsl:text&gt;full&lt;/xsl:text&gt;\n              &lt;/xsl:otherwise&gt;\n            &lt;/xsl:choose&gt;\n          &lt;/xsl:variable&gt;\n    &lt;xsl:choose&gt;\n            &lt;!-- Go for the type element if available. --&gt;\n            &lt;xsl:when test=&quot;string-length($type) &gt; 0 and string-length(msxsl:node-set($data)/citation/source[@type = $type]/format[@type = $version]) &gt; 0 &quot;&gt;\n              &lt;xsl:value-of select=&quot;msxsl:node-set($data)/citation/source[@type = $type]/format[@type = $version]&quot;/&gt;\n            &lt;/xsl:when&gt;\n            &lt;!-- Else go for the source type element if available. --&gt;\n            &lt;xsl:when test=&quot;string-length(msxsl:node-set($data)/citation/source[@type = $sourcetype]/format[@type = $version]) &gt; 0 &quot;&gt;\n              &lt;xsl:value-of select=&quot;msxsl:node-set($data)/citation/source[@type = $sourcetype]/format[@type = $version]&quot;/&gt;\n            &lt;/xsl:when&gt;\n            &lt;!-- This is a placeholder. --&gt;\n            &lt;xsl:when test =&quot;string-length($sourcetype) = 0 and string-length(msxsl:node-set($data)/citation/source[@type = 'Placeholder']/format[@type = $version]) &gt; 0&quot;&gt;\n              &lt;xsl:value-of select=&quot;msxsl:node-set($data)/citation/source[@type = 'Placeholder']/format[@type = $version]&quot;/&gt;\n            &lt;/xsl:when&gt;\n            &lt;!-- Else display error message. --&gt;\n</code></pre>\n\nThis setup will output the et al form of citation, after the citation has been inserted in the normal way, by suppressing ‘Title’ in the Edit Citation box. \r<br />\n<br />\nI hope this may help.\r<br />\n<br />\nLionel Crator,\r<br />\nTau Editing.\r<br />\nProfessional Language Practitioner.\r<br />\nBL (Hons)(Rhod) LL.B (Rhod). \r<br />\nMember of The Professional Editors Group. \r<br />\nWorking with words since 1981.<br />\n",
    "PostedDate": "2014-12-11T06:09:12.773-08:00",
    "UserRole": null,
    "MarkedAsAnswerDate": null
  }
]