[
  {
    "Id": "430916",
    "ThreadId": "209319",
    "Html": "<p>Hey,</p>\r\n<p>how to replace [number] by [Author, year] in IEEE - alphabetical order ?</p>\r\n<p><strong>Example:</strong></p>\r\n<p>1. Book chapter/Section</p>\r\n<p>Anderson (incollection) [1]</p>\r\n<p>Bibliography</p>\r\n<p>&nbsp;&nbsp;&nbsp;&nbsp;&nbsp;&nbsp;&nbsp;&nbsp;&nbsp;&nbsp;&nbsp;&nbsp;&nbsp;&nbsp;&nbsp;&nbsp; [1] J. B. Anderson and K. Tepe, &quot;Properties of the Tailbiting BCJR Decoder,&quot; in <em>Codes, Systems and Graphical Models</em>. New York: Springer-Verlag, 2000.</p>\r\n<p><strong>&nbsp;</strong></p>\r\n<p><strong>REPLACE</strong></p>\r\n<p>1. Book chapter/Section</p>\r\n<p>Anderson (incollection) [Anderson, 2000]</p>\r\n<p>Bibliography</p>\r\n<p>&nbsp;&nbsp;&nbsp;&nbsp;&nbsp;&nbsp;&nbsp;&nbsp;&nbsp;&nbsp;&nbsp;&nbsp;&nbsp;&nbsp;&nbsp;&nbsp; [Anderson, 2000] J. B. Anderson and K. Tepe, &quot;Properties of the Tailbiting BCJR Decoder,&quot; in <em>Codes, Systems and Graphical Models</em>. New York: Springer-Verlag, 2000.</p>\r\n<p>&nbsp;</p>\r\n<p>Thanks,</p>\r\n<p>Ragnol</p>",
    "PostedDate": "2010-04-14T06:50:13.703-07:00",
    "UserRole": null,
    "MarkedAsAnswerDate": null
  },
  {
    "Id": "430921",
    "ThreadId": "209319",
    "Html": "<p>Sorry, is not [number] but [BO].</p>\r\n<p>&nbsp;</p>\r\n<p><strong>Example:</strong></p>\r\n<p>1. Book chapter/Section</p>\r\n<p>Anderson (incollection) [BO]</p>\r\n<p>Bibliography</p>\r\n<p>&nbsp;&nbsp;&nbsp;&nbsp;&nbsp;&nbsp;&nbsp;&nbsp;&nbsp;&nbsp;&nbsp;&nbsp;&nbsp;&nbsp;&nbsp;&nbsp; [BO] J. B. Anderson and K. Tepe, &quot;Properties of the Tailbiting BCJR Decoder,&quot; in <em>Codes, Systems and Graphical Models</em>. New York: Springer-Verlag, 2000.</p>\r\n<p><strong>&nbsp;</strong></p>\r\n<p><strong>REPLACE</strong></p>\r\n<p>1. Book chapter/Section</p>\r\n<p>Anderson (incollection) [Anderson, 2000]</p>\r\n<p>Bibliography</p>\r\n<p>&nbsp;&nbsp;&nbsp;&nbsp;&nbsp;&nbsp;&nbsp;&nbsp;&nbsp;&nbsp;&nbsp;&nbsp;&nbsp;&nbsp;&nbsp;&nbsp; [Anderson, 2000] J. B. Anderson and K. Tepe, &quot;Properties of the Tailbiting BCJR Decoder,&quot; in <em>Codes, Systems and Graphical Models</em>. New York: Springer-Verlag, 2000.</p>",
    "PostedDate": "2010-04-14T06:57:57.857-07:00",
    "UserRole": null,
    "MarkedAsAnswerDate": null
  },
  {
    "Id": "430949",
    "ThreadId": "209319",
    "Html": "<p>For in-text&nbsp;<em>citations</em>, you will have to change</p>\r\n<div style=\"color:Black;background-color:White\">\r\n<pre><span style=\"color:Blue\">&lt;</span><span style=\"color:#A31515\">format</span><span style=\"color:Blue\">&gt;</span>{%BibOrder|&quot;BO&quot;%}<span style=\"color:Blue\">&lt;/</span><span style=\"color:#A31515\">format</span><span style=\"color:Blue\">&gt;</span>\r\n</pre>\r\n</div>\r\n<p>into something along the lines of</p>\r\n<div style=\"color:Black;background-color:White\">\r\n<pre><span style=\"color:Blue\">&lt;</span><span style=\"color:#A31515\">format</span><span style=\"color:Blue\">&gt;</span>{%Author:<span style=\"color:#00ff00\"><strong>5</strong></span>|Title%}{, %Year%}<span style=\"color:Blue\">&lt;/</span><span style=\"color:#A31515\">format</span><span style=\"color:Blue\">&gt;</span>\r\n</pre>\r\n</div>\r\n<p>Note that you will have to define how the namelist with id equal to <strong>5</strong> formats names. For more information on name formatting, see the <a title=\"BibWord Format Contributors\" href=\"http://bibword.codeplex.com/wikipage?title=BibWord Format Contributors&referringTitle=Documentation\">documentation</a>.</p>\r\n<p>For <em>bibliographies</em>, you will have to&nbsp;think about your layout first. Currently, the IEEE styles use a 2 column layout. The first column contains the number (or BO in your case) while the second column contains the formatted&nbsp;entry. This layout was chosen to align entries with one another or with themselves if they consist of multiple lines. In your case, I doubt this is a good idea.</p>\r\n<p>The fastest way would be to delete all elements of the form:</p>\r\n<div style=\"color:Black;background-color:White\">\r\n<pre><span style=\"color:Blue\">&lt;</span><span style=\"color:#A31515\">column</span> <span style=\"color:Red\">id</span><span style=\"color:Blue\">=</span><span style=\"color:Black\">&quot;</span><span style=\"color:Blue\">1</span><span style=\"color:Black\">&quot;</span><span style=\"color:Blue\">&gt;</span>\r\n  ...\r\n<span style=\"color:Blue\">&lt;/</span><span style=\"color:#A31515\">column</span><span style=\"color:Blue\">&gt;</span>\r\n</pre>\r\n</div>\r\n<p>Next change the id from 2 to 1 in all elements of the form:</p>\r\n<div style=\"color:Black;background-color:White\">\r\n<pre><span style=\"color:Blue\">&lt;</span><span style=\"color:#A31515\">column</span> <span style=\"color:Red\">id</span><span style=\"color:Blue\">=</span><span style=\"color:Black\">&quot;</span><span style=\"color:Blue\">2</span><span style=\"color:Black\">&quot;</span><span style=\"color:Blue\">&gt;</span>\r\n  ...\r\n<span style=\"color:Blue\">&lt;/</span><span style=\"color:#A31515\">column</span><span style=\"color:Blue\">&gt;</span>\r\n</pre>\r\n</div>\r\n<p>Then change the numbers of columns in your layout from 2 to 1:</p>\r\n<div style=\"color:Black;background-color:White\">\r\n<pre><span style=\"color:Blue\">&lt;</span><span style=\"color:#A31515\">columns</span><span style=\"color:Blue\">&gt;</span>2<span style=\"color:Blue\">&lt;/</span><span style=\"color:#A31515\">columns</span><span style=\"color:Blue\">&gt;</span>\r\n</pre>\r\n</div>\r\n<p>Now your entries will be sorted, but nothing will be in front of them. You&nbsp;can add the extra parts to the format string to get the formatting you require. For more information on format strings, see the <a title=\"Format Strings\" href=\"http://bibword.codeplex.com/wikipage?title=BibWord Format Strings&referringTitle=Documentation\">documentation</a>. Don't forget to add the <strong>r</strong> option, otherwise the author and year will not be displayed twice (once in your prefix, once in your actual reference).</p>\r\n<p>The above changes are the 'quick' and dirty way. You should consider what should happen if Anderson published 2 articles in 2000. If you want to start using year suffices, you will have to fall back to the Extender tool. Not a problem, but you will have to extend your stylesheet to support this. I would suggest taking a look at the Harvard styles in that case. They offer such functionality and might be a good starting point.</p>",
    "PostedDate": "2010-04-14T07:39:40.657-07:00",
    "UserRole": null,
    "MarkedAsAnswerDate": null
  },
  {
    "Id": "431308",
    "ThreadId": "209319",
    "Html": "<p>Hi Yves,</p>\r\n<p>Thanks for your help.</p>",
    "PostedDate": "2010-04-15T00:42:17.043-07:00",
    "UserRole": null,
    "MarkedAsAnswerDate": null
  },
  {
    "Id": "449547",
    "ThreadId": "209319",
    "Html": "<p>Hi Ragnol,</p>\r\n<p>I have exactly the same request. Would you please send your modified files and stylesheets?</p>\r\n<p>Thanks,</p>\r\n<p>Matthieu</p>\r\n<p>EDIT: followed the instructions and it works fine... not managing multiple publications from the same author, the same year.</p>",
    "PostedDate": "2010-05-31T04:16:27.567-07:00",
    "UserRole": null,
    "MarkedAsAnswerDate": null
  },
  {
    "Id": "450507",
    "ThreadId": "209319",
    "Html": "<p>Hi Matthieu,</p>\r\n<p>Finally, I don't use IEEE - alphabetical order but I use Harvard Exeter.</p>\r\n<p>But, I replaced:</p>\r\n<p><span style=\"color:#ff0000\"><span>&lt;</span><span>bibliography</span><span>&gt;</span> </span></p>\r\n<div>\r\n<div>\r\n<div style=\"text-indent:-2em;margin-left:1em\"><span style=\"color:#ff0000\"><span>&nbsp;</span> <span>&lt;</span><span>columns</span><span>&gt;</span><span>1</span><span>&lt;/</span><span>columns</span><span>&gt;</span></span></div>\r\n</div>\r\n<div>\r\n<div style=\"text-indent:-2em;margin-left:1em\"><span style=\"color:#ff0000\"><a>-</a> <span>&lt;</span><span>source</span><span> type</span><span>=&quot;</span><strong>Placeholder</strong><span>&quot;</span><span>&gt;</span></span></div>\r\n<div>\r\n<div>\r\n<div style=\"text-indent:-2em;margin-left:1em\"><span style=\"color:#ff0000\"><a>-</a> <span>&lt;</span><span>column</span><span> id</span><span>=&quot;</span><strong>1</strong><span>&quot;</span><span>&gt;</span></span></div>\r\n<div>\r\n<div>\r\n<div style=\"text-indent:-2em;margin-left:1em\"><span style=\"color:#ff0000\"><span>&nbsp;</span> <span>&lt;</span><span>halign</span><span>&gt;</span><span>left</span><span>&lt;/</span><span>halign</span><span>&gt;</span></span></div>\r\n</div>\r\n<div>\r\n<div style=\"text-indent:-2em;margin-left:1em\"><span style=\"color:#ff0000\"><span>&nbsp;</span> <span>&lt;</span><span>valign</span><span>&gt;</span><span>top</span><span>&lt;/</span><span>valign</span><span>&gt;</span></span></div>\r\n</div>\r\n<div>\r\n<div style=\"text-indent:-2em;margin-left:1em\"><span style=\"color:#ff0000\"><span>&nbsp;</span> <span>&lt;</span><span>format</span><span>&gt;</span><span>[[%Tag%]]</span><span>&lt;/</span><span>format</span><span>&gt;</span></span></div>\r\n</div>\r\n<div><span style=\"color:#ff0000\"><span>&nbsp;</span> <span>&lt;/</span><span>column</span><span>&gt;</span></span></div>\r\n</div>\r\n</div>\r\n<div><span style=\"color:#ff0000\"><span>&nbsp;</span> <span>&lt;/</span><span>source</span><span>&gt;</span></span></div>\r\n</div>\r\n</div>\r\n<div>\r\n<div style=\"text-indent:-2em;margin-left:1em\"><span style=\"color:#ff0000\"><a>-</a> <span>&lt;</span><span>source</span><span> type</span><span>=&quot;</span><strong>ArticleInAPeriodical</strong><span>&quot;</span><span>&gt;</span></span></div>\r\n<div>\r\n<div>\r\n<div style=\"text-indent:-2em;margin-left:1em\"><span style=\"color:#ff0000\"><a>-</a> <span>&lt;</span><span>column</span><span> id</span><span>=&quot;</span><strong>1</strong><span>&quot;</span><span>&gt;</span></span></div>\r\n<div>\r\n<div>\r\n<div style=\"text-indent:-2em;margin-left:1em\"><span style=\"color:#ff0000\"><span>&nbsp;</span> <span>&lt;</span><span>halign</span><span>&gt;</span><span>left</span><span>&lt;/</span><span>halign</span><span>&gt;</span></span></div>\r\n</div>\r\n<div>\r\n<div style=\"text-indent:-2em;margin-left:1em\"><span style=\"color:#ff0000\"><span>&nbsp;</span> <span>&lt;</span><span>valign</span><span>&gt;</span><span>top</span><span>&lt;/</span><span>valign</span><span>&gt;</span></span></div>\r\n</div>\r\n<div>\r\n<div style=\"text-indent:-2em;margin-left:1em\"><span style=\"color:#ff0000\"><span>&nbsp;</span> <span>&lt;</span><span>format</span><span>&gt;</span><span>{%Author:2%{ (%Year|&quot;n.d&quot;%{%YearSuffix%})}}{ '%Title|ShortTitle%'{, &lt;i&gt;%PeriodicalTitle%&lt;/i&gt;}}{ &lt;i&gt;%PeriodicalTitle%&lt;/i&gt;}{ ({{%Day% }%Month:s% }%Year%)}{, {%Day% }%Month:s%}{, %Pages:p. :pp. %}{, Available: %URL%{ [{{%DayAccessed% }%MonthAccessed:s% }%YearAccessed%]}}.</span><span>&lt;/</span><span>format</span><span>&gt;</span></span></div>\r\n</div>\r\n<div><span style=\"color:#ff0000\"><span>&nbsp;</span> <span>&lt;/</span><span>column</span><span>&gt;</span></span></div>\r\n</div>\r\n</div>\r\n<div>\r\n<div style=\"text-indent:-2em;margin-left:1em\"><span style=\"color:#ff0000\"><span>&nbsp;</span> <span>&lt;</span><span>sortkey</span><span>&gt;</span><span>{%Author:0|Title|ShortTitle%}{ %Year%}{ %Title|ShortTitle%}</span><span>&lt;/</span><span>sortkey</span><span>&gt;</span></span></div>\r\n</div>\r\n<div><span style=\"color:#ff0000\"><span>&nbsp;</span> <span>&lt;/</span><span>source</span><span>&gt;</span></span></div>\r\n<div><span>&nbsp;</span></div>\r\n<div><span>By</span></div>\r\n<div><span>&nbsp;</span></div>\r\n<div><span><span style=\"color:#ff0000\">&nbsp;<span>&lt;</span><span>bibliography</span><span>&gt;</span> </span>\r\n<div>\r\n<div>\r\n<div style=\"text-indent:-2em;margin-left:1em\"><span style=\"color:#ff0000\"><span>&nbsp;</span> <span>&lt;</span><span>columns</span><span>&gt;</span><span>2</span><span>&lt;/</span><span>columns</span><span>&gt;</span></span></div>\r\n</div>\r\n<div>\r\n<div style=\"text-indent:-2em;margin-left:1em\"><span style=\"color:#ff0000\"><a>-</a> <span>&lt;</span><span>source</span><span> type</span><span>=&quot;</span><strong>Placeholder</strong><span>&quot;</span><span>&gt;</span></span></div>\r\n<div>\r\n<div>\r\n<div style=\"text-indent:-2em;margin-left:1em\"><span style=\"color:#ff0000\"><a>-</a> <span>&lt;</span><span>column</span><span> id</span><span>=&quot;</span><strong>1</strong><span>&quot;</span><span>&gt;</span></span></div>\r\n<div>\r\n<div>\r\n<div style=\"text-indent:-2em;margin-left:1em\"><span style=\"color:#ff0000\"><span>&nbsp;</span> <span>&lt;</span><span>halign</span><span>&gt;</span><span>left</span><span>&lt;/</span><span>halign</span><span>&gt;</span></span></div>\r\n</div>\r\n<div>\r\n<div style=\"text-indent:-2em;margin-left:1em\"><span style=\"color:#ff0000\"><span>&nbsp;</span> <span>&lt;</span><span>valign</span><span>&gt;</span><span>top</span><span>&lt;/</span><span>valign</span><span>&gt;</span></span></div>\r\n</div>\r\n<div>\r\n<div style=\"text-indent:-2em;margin-left:1em\"><span style=\"color:#ff0000\"><span>&nbsp;</span> <span>&lt;</span><span>format</span><span>&gt;</span><span>[xx]</span><span>&lt;/</span><span>format</span><span>&gt;</span></span></div>\r\n</div>\r\n<div><span style=\"color:#ff0000\"><span>&nbsp;</span> <span>&lt;/</span><span>column</span><span>&gt;</span></span></div>\r\n</div>\r\n</div>\r\n<div>\r\n<div style=\"text-indent:-2em;margin-left:1em\"><span style=\"color:#ff0000\"><a>-</a> <span>&lt;</span><span>column</span><span> id</span><span>=&quot;</span><strong>2</strong><span>&quot;</span><span>&gt;</span></span></div>\r\n<div>\r\n<div>\r\n<div style=\"text-indent:-2em;margin-left:1em\"><span style=\"color:#ff0000\"><span>&nbsp;</span> <span>&lt;</span><span>halign</span><span>&gt;</span><span>left</span><span>&lt;/</span><span>halign</span><span>&gt;</span></span></div>\r\n</div>\r\n<div>\r\n<div style=\"text-indent:-2em;margin-left:1em\"><span style=\"color:#ff0000\"><span>&nbsp;</span> <span>&lt;</span><span>valign</span><span>&gt;</span><span>top</span><span>&lt;/</span><span>valign</span><span>&gt;</span></span></div>\r\n</div>\r\n<div>\r\n<div style=\"text-indent:-2em;margin-left:1em\"><span style=\"color:#ff0000\"><span>&nbsp;</span> <span>&lt;</span><span>format</span><span>&gt;</span><span>[[%Tag%]]</span><span>&lt;/</span><span>format</span><span>&gt;</span></span></div>\r\n</div>\r\n<div><span style=\"color:#ff0000\"><span>&nbsp;</span> <span>&lt;/</span><span>column</span><span>&gt;</span></span></div>\r\n</div>\r\n</div>\r\n<div><span style=\"color:#ff0000\"><span>&nbsp;</span> <span>&lt;/</span><span>source</span><span>&gt;</span></span></div>\r\n</div>\r\n</div>\r\n<div>\r\n<div style=\"text-indent:-2em;margin-left:1em\"><span style=\"color:#ff0000\"><a>-</a> <span>&lt;</span><span>source</span><span> type</span><span>=&quot;</span><strong>ArticleInAPeriodical</strong><span>&quot;</span><span>&gt;</span></span></div>\r\n<div>\r\n<div>\r\n<div style=\"text-indent:-2em;margin-left:1em\"><span style=\"color:#ff0000\"><a>-</a> <span>&lt;</span><span>column</span><span> id</span><span>=&quot;</span><strong>1</strong><span>&quot;</span><span>&gt;</span></span></div>\r\n<div>\r\n<div>\r\n<div style=\"text-indent:-2em;margin-left:1em\"><span style=\"color:#ff0000\"><span>&nbsp;</span> <span>&lt;</span><span>halign</span><span>&gt;</span><span>left</span><span>&lt;/</span><span>halign</span><span>&gt;</span></span></div>\r\n</div>\r\n<div>\r\n<div style=\"text-indent:-2em;margin-left:1em\"><span style=\"color:#ff0000\"><span>&nbsp;</span> <span>&lt;</span><span>valign</span><span>&gt;</span><span>top</span><span>&lt;/</span><span>valign</span><span>&gt;</span></span></div>\r\n</div>\r\n<div>\r\n<div style=\"text-indent:-2em;margin-left:1em\"><span style=\"color:#ff0000\"><span>&nbsp;</span> <span>&lt;</span><span>format</span><span>&gt;</span><span>[{%CitationPrefix%}{%Author:1|ShortTitle|Title%, }{%Year|&quot;n.d.&quot;%{%YearSuffix%}}{: %CitationPages::%}{%CitationSuffix%}]</span><span>&lt;/</span><span>format</span><span>&gt;</span></span></div>\r\n</div>\r\n<div><span style=\"color:#ff0000\"><span>&nbsp;</span> <span>&lt;/</span><span>column</span><span>&gt;</span></span></div>\r\n</div>\r\n</div>\r\n<div>\r\n<div style=\"text-indent:-2em;margin-left:1em\"><span style=\"color:#ff0000\"><a>-</a> <span>&lt;</span><span>column</span><span> id</span><span>=&quot;</span><strong>2</strong><span>&quot;</span><span>&gt;</span></span></div>\r\n<div>\r\n<div>\r\n<div style=\"text-indent:-2em;margin-left:1em\"><span style=\"color:#ff0000\"><span>&nbsp;</span> <span>&lt;</span><span>halign</span><span>&gt;</span><span>left</span><span>&lt;/</span><span>halign</span><span>&gt;</span></span></div>\r\n</div>\r\n<div>\r\n<div style=\"text-indent:-2em;margin-left:1em\"><span style=\"color:#ff0000\"><span>&nbsp;</span> <span>&lt;</span><span>valign</span><span>&gt;</span><span>top</span><span>&lt;/</span><span>valign</span><span>&gt;</span></span></div>\r\n</div>\r\n<div>\r\n<div style=\"text-indent:-2em;margin-left:1em\"><span style=\"color:#ff0000\"><span>&nbsp;</span> <span>&lt;</span><span>format</span><span>&gt;</span><span>{%Author:2%{ (%Year|&quot;n.d&quot;%{%YearSuffix%})}}{ '%Title|ShortTitle%'{, &lt;i&gt;%PeriodicalTitle%&lt;/i&gt;}}{ &lt;i&gt;%PeriodicalTitle%&lt;/i&gt;}{ ({{%Day% }%Month:s% }%Year%)}{, {%Day% }%Month:s%}{, %Pages:p. :pp. %}{, Available: %URL%{ [{{%DayAccessed% }%MonthAccessed:s% }%YearAccessed%]}}.</span><span>&lt;/</span><span>format</span><span>&gt;</span></span></div>\r\n</div>\r\n<div><span style=\"color:#ff0000\"><span>&nbsp;</span> <span>&lt;/</span><span>column</span><span>&gt;</span></span></div>\r\n</div>\r\n</div>\r\n<div>\r\n<div style=\"text-indent:-2em;margin-left:1em\"><span style=\"color:#ff0000\"><span>&nbsp;</span> <span>&lt;</span><span>sortkey</span><span>&gt;</span><span>{%Author:0|Title|ShortTitle%}{ %Year%}{ %Title|ShortTitle%}</span><span>&lt;/</span><span>sortkey</span><span>&gt;</span></span></div>\r\n</div>\r\n<div><span style=\"color:#ff0000\"><span>&nbsp;</span> <span>&lt;/</span><span>source</span><span>&gt;</span></span></div>\r\n<div><span>&nbsp;</span></div>\r\n<div><span>and so on for Book, Booksection....</span></div>\r\n<div><span>&nbsp;</span></div>\r\n<div><span>Best regards,</span></div>\r\n<div><span>&nbsp;</span></div>\r\n<div><span>Ragnol</span></div>\r\n</div>\r\n</div>\r\n</div>\r\n</span></div>\r\n</div>\r\n</div>\r\n</div>",
    "PostedDate": "2010-06-02T03:54:44.63-07:00",
    "UserRole": null,
    "MarkedAsAnswerDate": null
  },
  {
    "Id": "450524",
    "ThreadId": "209319",
    "Html": "<p>Although the above code will work, it contains unavailable information. In a bibliography, you don't have access to variables starting with Citation (CitationPrefix, CitationSuffix, and CitationPages here)</p>",
    "PostedDate": "2010-06-02T04:33:13.69-07:00",
    "UserRole": null,
    "MarkedAsAnswerDate": null
  }
]