[
  {
    "Id": "931723",
    "ThreadId": "400626",
    "Html": "\r\n<p>hi, i have just started university and be told to abide to&nbsp;Harvard&nbsp;style referencing system, but none of the bibword harvard referencing come close to how to how our university wants use to present it. Could some help make a XSL which could potentially\r\n save me time to rewriting all the cites and bibliography. as i can potentially be&nbsp;penalized&nbsp;in coursework if incorrectly done.</p>\r\n<p>if it works well I could make it available for others in university as well</p>\r\n<p>much&nbsp;appreciated</p>\r\n<p>Dhruv &nbsp;</p>\r\n<p>heres the pdf of how 'they' want it done&nbsp;</p>\r\n<p>in full PDF:<a href=\"http://wwwm.coventry.ac.uk/caw/cuhrs/Documents/Harvard_Guide_v3.0.1.pdf\">http://wwwm.coventry.ac.uk/caw/cuhrs/Documents/Harvard_Guide_v3.0.1.pdf</a></p>\r\n<p>short guide:&nbsp;<a href=\"http://wwwm.coventry.ac.uk/caw/cuhrs/Documents/CU%20Harvard%20Reference%20Style%20Quick%20Guide.pdf\">http://wwwm.coventry.ac.uk/caw/cuhrs/Documents/CU%20Harvard%20Reference%20Style%20Quick%20Guide.pdf</a></p>\r\n",
    "PostedDate": "2012-10-24T06:53:58.633-07:00",
    "UserRole": null,
    "MarkedAsAnswerDate": null
  }
]