[
  {
    "Id": "422654",
    "ThreadId": "207042",
    "Html": "<p>Hi, I have edited the Harvard - Leeds style, to fit the Birmingham standard. One thing I cant manage to do however is get rid of the hyperlinks. How do I stop it turning the URL addresses into a link? I have tried deleting some parts of the style that I can see correspond to the formatting of the URL but then in my document the whole URL&nbsp;disappears!</p>\r\n<p>&nbsp;</p>\r\n<p>Roob</p>",
    "PostedDate": "2010-03-23T10:21:02.35-07:00",
    "UserRole": null,
    "MarkedAsAnswerDate": null
  },
  {
    "Id": "422795",
    "ThreadId": "207042",
    "Html": "<p>You don't have to manipulate the style, you just have to change your format string.</p>\r\n<p>Change</p>\r\n<p style=\"padding-left:30px\">%URL:l%</p>\r\n<p>into</p>\r\n<p style=\"padding-left:30px\">%URL%</p>\r\n<p>&nbsp;</p>",
    "PostedDate": "2010-03-23T15:33:33.657-07:00",
    "UserRole": null,
    "MarkedAsAnswerDate": null
  },
  {
    "Id": "422950",
    "ThreadId": "207042",
    "Html": "<p>Thanks, but when I did this before, the whole URL disappeared in the document. No idea why. The way I got around this was simply to delete part of the URL formatting template where it adds the hyperlink. Before I had been deleting too much and deleting the &quot;display URL&quot; bit. It works so I'm happy.</p>\r\n<p>By the way if anyone reads this and wants the University of Birmingham style, get in touch.</p>",
    "PostedDate": "2010-03-24T02:17:36.423-07:00",
    "UserRole": null,
    "MarkedAsAnswerDate": null
  },
  {
    "Id": "422961",
    "ThreadId": "207042",
    "Html": "<p>There have been issues with hyperlinks displayed between &lt; and &gt; in the past. Is that something you are doing by any chance? Could you post the formatstring?</p>",
    "PostedDate": "2010-03-24T02:48:28.26-07:00",
    "UserRole": null,
    "MarkedAsAnswerDate": null
  },
  {
    "Id": "423122",
    "ThreadId": "207042",
    "Html": "<p>I think you are right, that was the problem.</p>\r\n<p>The old format string - example is for InternetSite</p>\r\n<p>&nbsp;</p>\r\n<div style=\"color:Black;background-color:White\">\r\n<pre><span style=\"color:Blue\">&lt;</span><span style=\"color:#A31515\">format</span><span style=\"color:Blue\">&gt;</span>{%Author:2%.{ %Year|&quot;n.d.&quot;%{%YearSuffix%}.}}{ <span style=\"color:Blue\">&lt;</span><span style=\"color:#A31515\">b</span><span style=\"color:Blue\">&gt;</span>%Title|ShortTitle|InternetSiteTitle%<span style=\"color:Blue\">&lt;/</span><span style=\"color:#A31515\">b</span><span style=\"color:Blue\">&gt;</span>.{ %Year%{%YearSuffix%}.}} [online].{ Available from World Wide Web: &lt;%URL:l%&gt;}{ [Accessed {{%DayAccessed% }%MonthAccessed:s% }%YearAccessed%].}<span style=\"color:Blue\">&lt;</span><span style=\"color:#A31515\">format</span><span style=\"color:Blue\">&gt;</span>\r\n</pre>\r\n</div>\r\n<p>&nbsp;</p>\r\n<p>&nbsp;</p>\r\n<p>The old URL format template</p>\r\n<p>&nbsp;</p>\r\n<div style=\"color:Black;background-color:White\">\r\n<pre>  <span style=\"color:Green\">&lt;!-- Formats an URL. --&gt;</span>\r\n  <span style=\"color:Blue\">&lt;</span><span style=\"color:#A31515\">xsl</span><span style=\"color:Blue\">:</span><span style=\"color:#A31515\">template</span> <span style=\"color:Red\">name</span><span style=\"color:Blue\">=</span><span style=\"color:Black\">&quot;</span><span style=\"color:Blue\">format-url</span><span style=\"color:Black\">&quot;</span><span style=\"color:Blue\">&gt;</span>\r\n    <span style=\"color:Green\">&lt;!-- URL to format. --&gt;</span>\r\n    <span style=\"color:Blue\">&lt;</span><span style=\"color:#A31515\">xsl</span><span style=\"color:Blue\">:</span><span style=\"color:#A31515\">param</span> <span style=\"color:Red\">name</span><span style=\"color:Blue\">=</span><span style=\"color:Black\">&quot;</span><span style=\"color:Blue\">url</span><span style=\"color:Black\">&quot;</span> <span style=\"color:Blue\">/&gt;</span>\r\n    <span style=\"color:Green\">&lt;!-- Formatting options. Currently only 'l' for link is supported. --&gt;</span>\r\n    <span style=\"color:Blue\">&lt;</span><span style=\"color:#A31515\">xsl</span><span style=\"color:Blue\">:</span><span style=\"color:#A31515\">param</span> <span style=\"color:Red\">name</span><span style=\"color:Blue\">=</span><span style=\"color:Black\">&quot;</span><span style=\"color:Blue\">options</span><span style=\"color:Black\">&quot;</span> <span style=\"color:Blue\">/&gt;</span>\r\n    <span style=\"color:Blue\">&lt;</span><span style=\"color:#A31515\">xsl</span><span style=\"color:Blue\">:</span><span style=\"color:#A31515\">if</span> <span style=\"color:Red\">test</span><span style=\"color:Blue\">=</span><span style=\"color:Black\">&quot;</span><span style=\"color:Blue\">string-length($url) &amp;gt; 0</span><span style=\"color:Black\">&quot;</span><span style=\"color:Blue\">&gt;</span>\r\n      <span style=\"color:Green\">&lt;!-- Open tag. --&gt;</span>\r\n      <span style=\"color:Blue\">&lt;</span><span style=\"color:#A31515\">xsl</span><span style=\"color:Blue\">:</span><span style=\"color:#A31515\">if</span> <span style=\"color:Red\">test</span><span style=\"color:Blue\">=</span><span style=\"color:Black\">&quot;</span><span style=\"color:Blue\">$options = 'l'</span><span style=\"color:Black\">&quot;</span><span style=\"color:Blue\">&gt;</span>\r\n        <span style=\"color:Blue\">&lt;</span><span style=\"color:#A31515\">xsl</span><span style=\"color:Blue\">:</span><span style=\"color:#A31515\">text</span><span style=\"color:Blue\">&gt;</span><span style=\"color:Red\">&amp;lt;</span>a href=&quot;<span style=\"color:Blue\">&lt;/</span><span style=\"color:#A31515\">xsl</span><span style=\"color:Blue\">:</span><span style=\"color:#A31515\">text</span><span style=\"color:Blue\">&gt;</span>\r\n        <span style=\"color:Blue\">&lt;</span><span style=\"color:#A31515\">xsl</span><span style=\"color:Blue\">:</span><span style=\"color:#A31515\">value-of</span> <span style=\"color:Red\">select</span><span style=\"color:Blue\">=</span><span style=\"color:Black\">&quot;</span><span style=\"color:Blue\">$url</span><span style=\"color:Black\">&quot;</span> <span style=\"color:Blue\">/&gt;</span>\r\n        <span style=\"color:Blue\">&lt;</span><span style=\"color:#A31515\">xsl</span><span style=\"color:Blue\">:</span><span style=\"color:#A31515\">text</span><span style=\"color:Blue\">&gt;</span>&quot;<span style=\"color:Red\">&amp;gt;</span><span style=\"color:Blue\">&lt;/</span><span style=\"color:#A31515\">xsl</span><span style=\"color:Blue\">:</span><span style=\"color:#A31515\">text</span><span style=\"color:Blue\">&gt;</span>\r\n      <span style=\"color:Blue\">&lt;/</span><span style=\"color:#A31515\">xsl</span><span style=\"color:Blue\">:</span><span style=\"color:#A31515\">if</span><span style=\"color:Blue\">&gt;</span>\r\n      <span style=\"color:Green\">&lt;!-- Display URL. --&gt;</span>\r\n      <span style=\"color:Blue\">&lt;</span><span style=\"color:#A31515\">xsl</span><span style=\"color:Blue\">:</span><span style=\"color:#A31515\">value-of</span> <span style=\"color:Red\">select</span><span style=\"color:Blue\">=</span><span style=\"color:Black\">&quot;</span><span style=\"color:Blue\">$url</span><span style=\"color:Black\">&quot;</span> <span style=\"color:Blue\">/&gt;</span>\r\n      <span style=\"color:Green\">&lt;!-- Close tag. --&gt;</span>\r\n      <span style=\"color:Blue\">&lt;</span><span style=\"color:#A31515\">xsl</span><span style=\"color:Blue\">:</span><span style=\"color:#A31515\">if</span> <span style=\"color:Red\">test</span><span style=\"color:Blue\">=</span><span style=\"color:Black\">&quot;</span><span style=\"color:Blue\">$options = 'l'</span><span style=\"color:Black\">&quot;</span><span style=\"color:Blue\">&gt;</span>\r\n        <span style=\"color:Blue\">&lt;</span><span style=\"color:#A31515\">xsl</span><span style=\"color:Blue\">:</span><span style=\"color:#A31515\">text</span><span style=\"color:Blue\">&gt;</span><span style=\"color:Red\">&amp;lt;</span>/a<span style=\"color:Red\">&amp;gt;</span><span style=\"color:Blue\">&lt;/</span><span style=\"color:#A31515\">xsl</span><span style=\"color:Blue\">:</span><span style=\"color:#A31515\">text</span><span style=\"color:Blue\">&gt;</span>\r\n      <span style=\"color:Blue\">&lt;/</span><span style=\"color:#A31515\">xsl</span><span style=\"color:Blue\">:</span><span style=\"color:#A31515\">if</span><span style=\"color:Blue\">&gt;</span>\r\n    <span style=\"color:Blue\">&lt;/</span><span style=\"color:#A31515\">xsl</span><span style=\"color:Blue\">:</span><span style=\"color:#A31515\">if</span><span style=\"color:Blue\">&gt;</span>\r\n  <span style=\"color:Blue\">&lt;/</span><span style=\"color:#A31515\">xsl</span><span style=\"color:Blue\">:</span><span style=\"color:#A31515\">template</span><span style=\"color:Blue\">&gt;</span>\r\n</pre>\r\n</div>\r\n<p>The new format string - example for InternetSite again</p>\r\n<p>&nbsp;</p>\r\n<div style=\"color:Black;background-color:White\">\r\n<pre><span style=\"color:Blue\">&lt;</span><span style=\"color:#A31515\">format</span><span style=\"color:Blue\">&gt;</span>{%Author:2%.{ %Year|<span style=\"color:Red\">&amp;quot;</span>n.d.<span style=\"color:Red\">&amp;quot;</span>%{%YearSuffix%}.}}{ <span style=\"color:Red\">&amp;lt;</span>b<span style=\"color:Red\">&amp;gt;</span>%Title|ShortTitle|InternetSiteTitle%<span style=\"color:Red\">&amp;lt;</span>/b<span style=\"color:Red\">&amp;gt;</span>.{ %Year%{%YearSuffix%}.}} [online].{ Available from World Wide Web: <span style=\"color:Red\">&amp;amp;</span>lt;%URL%<span style=\"color:Red\">&amp;amp;</span>gt;}{ [Accessed {{%DayAccessed% }%MonthAccessed:s% }%YearAccessed%].}<span style=\"color:Blue\">&lt;/</span><span style=\"color:#A31515\">format</span><span style=\"color:Blue\">&gt;</span>\r\n</pre>\r\n</div>\r\n<p>Te new URL Format Template</p>\r\n<p>&nbsp;</p>\r\n<div style=\"color:Black;background-color:White\">\r\n<pre><span style=\"color:Green\">&lt;!-- Formats an URL. --&gt;</span>\r\n<span style=\"color:Blue\">&lt;</span><span style=\"color:#A31515\">xsl</span><span style=\"color:Blue\">:</span><span style=\"color:#A31515\">template</span> <span style=\"color:Red\">name</span><span style=\"color:Blue\">=</span><span style=\"color:Black\">&quot;</span><span style=\"color:Blue\">format-url</span><span style=\"color:Black\">&quot;</span><span style=\"color:Blue\">&gt;</span>\r\n<span style=\"color:Green\">&lt;!-- URL to format. --&gt;</span> \r\n<span style=\"color:Blue\">&lt;</span><span style=\"color:#A31515\">xsl</span><span style=\"color:Blue\">:</span><span style=\"color:#A31515\">param</span> <span style=\"color:Red\">name</span><span style=\"color:Blue\">=</span><span style=\"color:Black\">&quot;</span><span style=\"color:Blue\">url</span><span style=\"color:Black\">&quot;</span><span style=\"color:Blue\">/&gt;</span>\r\n<span style=\"color:Green\">&lt;!-- Formatting options. Currently only 'l' for link is supported. --&gt;</span>    <span style=\"color:Blue\">&lt;</span><span style=\"color:#A31515\">xsl</span><span style=\"color:Blue\">:</span><span style=\"color:#A31515\">param</span> <span style=\"color:Red\">name</span><span style=\"color:Blue\">=</span><span style=\"color:Black\">&quot;</span><span style=\"color:Blue\">options</span><span style=\"color:Black\">&quot;</span><span style=\"color:Blue\">/&gt;</span>\r\n    <span style=\"color:Blue\">&lt;</span><span style=\"color:#A31515\">xsl</span><span style=\"color:Blue\">:</span><span style=\"color:#A31515\">if</span> <span style=\"color:Red\">test</span><span style=\"color:Blue\">=</span><span style=\"color:Black\">&quot;</span><span style=\"color:Blue\">string-length($url) &gt; 0</span><span style=\"color:Black\">&quot;</span><span style=\"color:Blue\">&gt;</span>\r\n<span style=\"color:Green\">&lt;!-- Open tag. --&gt;</span><span style=\"color:Green\">&lt;!-- Display URL. --&gt;</span>\r\n<span style=\"color:Blue\">&lt;</span><span style=\"color:#A31515\">xsl</span><span style=\"color:Blue\">:</span><span style=\"color:#A31515\">value-of</span> <span style=\"color:Red\">select</span><span style=\"color:Blue\">=</span><span style=\"color:Black\">&quot;</span><span style=\"color:Blue\">$url</span><span style=\"color:Black\">&quot;</span><span style=\"color:Blue\">/&gt;</span>\r\n<span style=\"color:Green\">&lt;!-- Close tag. --&gt;</span>\r\n<span style=\"color:Blue\">&lt;/</span><span style=\"color:#A31515\">xsl</span><span style=\"color:Blue\">:</span><span style=\"color:#A31515\">if</span><span style=\"color:Blue\">&gt;</span>\r\n  <span style=\"color:Blue\">&lt;/</span><span style=\"color:#A31515\">xsl</span><span style=\"color:Blue\">:</span><span style=\"color:#A31515\">template</span><span style=\"color:Blue\">&gt;</span>\r\n</pre>\r\n</div>\r\n<p>I dont know whether this whole thing was necessary, but it works very well. By the way, what editor (opensource or other free) is good to use? I've been using notepad, but I figure there must be an easier way... even something that simply highlights and can minimise/expand would be great! Im&nbsp;definitely&nbsp;no programmer, but I use Matlab alot, and can manipulate existing code alright!</p>\r\n<p>&nbsp;</p>\r\n<p>&nbsp;</p>\r\n<p>&nbsp;</p>",
    "PostedDate": "2010-03-24T09:52:22.43-07:00",
    "UserRole": null,
    "MarkedAsAnswerDate": null
  },
  {
    "Id": "423160",
    "ThreadId": "207042",
    "Html": "<p>I use Visual Studio but that is rather expensive if you don't need it for your work. There are the express editions which are free. According to the screenshots, <a href=\"http://www.microsoft.com/express/Web/\">http://www.microsoft.com/express/Web/</a>&nbsp;should offer what you need.</p>",
    "PostedDate": "2010-03-24T10:53:40.23-07:00",
    "UserRole": null,
    "MarkedAsAnswerDate": null
  },
  {
    "Id": "423459",
    "ThreadId": "207042",
    "Html": "<p>Thanks, I realise they have it at my University, and I was also able to download the pro version free from MSDN Academic Alliance! Score!</p>",
    "PostedDate": "2010-03-25T02:49:33.64-07:00",
    "UserRole": null,
    "MarkedAsAnswerDate": null
  }
]