[
  {
    "Id": "993175",
    "ThreadId": "431137",
    "Html": "\r\n<p>Dear.</p>\r\n<p>Hello, Excusses, but my english is not good.</p>\r\n<p>I need help in the &quot;harvard - exeter&quot; style.</p>\r\n<p>I want to order in a paragraph citations by &quot;year&quot;, for example: text text text (Salas\r\n<strong>1998</strong>; Alderetes <strong>2000</strong>; Paruelo <strong>2008</strong>). and not: text text text (Paruelo 2008, Salas 1998, Alderetes 2000).</p>\r\n<p>Do they understand me?</p>\r\n<p>Thanks very much.</p>\r\n<p>&nbsp;</p>\r\n<p>&nbsp;</p>\r\n<p>&nbsp;</p>\r\n",
    "PostedDate": "2013-01-28T10:09:51.88-08:00",
    "UserRole": null,
    "MarkedAsAnswerDate": null
  },
  {
    "Id": "993236",
    "ThreadId": "431137",
    "Html": "\r\n<p>See the <a href=\"http://bibword.codeplex.com/wikipage?title=FAQ#Q2\">FAQ</a>.</p>\r\n",
    "PostedDate": "2013-01-28T12:06:23.68-08:00",
    "UserRole": null,
    "MarkedAsAnswerDate": null
  }
]