[
  {
    "Id": "510191",
    "ThreadId": "231710",
    "Html": "<p>Hi</p>\r\n<p>I'm writing my thesis in  Persian, so there will be both Persian and English references in my  thesis. Also I want to use &quot;ISO 690 - Numeric Reference  with Square Brackets&quot; style (downloaded from <a href=\"../releases/view/14646\">here</a>).</p>\r\n<p>The problem is the language of in-text citation number is the same I define in the citation.So some of them are Persian and the others are English,but i want the language of all of them are Persian in the result of that my text language is Persian.</p>\r\n<p>In addition to,I want to unify the language of all indexes of citation in bottom of text to Persian,but without changing their whole style and language.[do not change the right handedness&nbsp; or left handedness ,.....]</p>\r\n<p>Any help would be appreciated</p>\r\n<p>Thanks in advance</p>",
    "PostedDate": "2010-10-20T15:45:34.817-07:00",
    "UserRole": null,
    "MarkedAsAnswerDate": null
  },
  {
    "Id": "510303",
    "ThreadId": "231710",
    "Html": "<p>Not sure if this will work, but try overriding the language of the in-text citation using the \\l flag. Right-click on an in-text citation and choose &quot;Edit Field...&quot;. In the dialog, there will be a string looking like &quot; CITATION Bee69 \\l 1033 &quot;. &quot;Bee69&quot; is the tag of the citation you are refering to, while &quot;\\l 1033&quot; is the language used to display the citation in.</p>\r\n<p>I'm not sure what influences the language of the numbers in the bibliography. I'm guessing the &quot;lang&quot; attribute plays a role here. You should experiment with that one. If I had the time, I would start by instead of assigning the same language to the entire paragraph, by splitting the paragraph into two spans each with their own language attribute. So where you now have a</p>\r\n<p>&lt;p lang=&quot;xyz&quot; dir=&quot;rtl&quot; class=&quot;MsoBibliography&quot;&gt;number text...&lt;/p&gt;</p>\r\n<p>you could try something along the lines of</p>\r\n<p>&lt;p class=&quot;MsoBibliography&gt;&lt;span lang=&quot;abc&quot; dir=&quot;rtl&quot;&gt;number&lt;/span&gt;&lt;span&nbsp;&nbsp;lang=&quot;xyz&quot; dir=&quot;rtl&quot;&gt;text...&lt;/span&gt;&lt;/p&gt;</p>\r\n<p>Of course dir would still remain dynamic depending on the language of your source.</p>",
    "PostedDate": "2010-10-20T23:49:10.35-07:00",
    "UserRole": null,
    "MarkedAsAnswerDate": null
  },
  {
    "Id": "510379",
    "ThreadId": "231710",
    "Html": "<p>Thanks for your rapid answer.</p>\r\n<p>I found how to change language of in-text citation manually with respect to your help,but i would appreciate&nbsp; if there is a solution to do this automatically, not manually correct those one by one.I mean change some part of the xsl code to do that.</p>\r\n<p>and about your solution about language of number in bibliography,I could not find something like that in the xsl code of &quot;<span>ISO 690 - Numeric Reference with Square Brackets&quot;.</span></p>\r\n<p><span>I am still waiting for your great help.</span></p>",
    "PostedDate": "2010-10-21T02:23:26.28-07:00",
    "UserRole": null,
    "MarkedAsAnswerDate": null
  },
  {
    "Id": "510516",
    "ThreadId": "231710",
    "Html": "<p>In-text citations also have a language attribute, I guess you could play with that one in the same as for your bibliography. Maybe letting it out is enough, maybe you will need to provide another value (bold italic code below).</p>\r\n<div style=\"color:black;background-color:white\">\r\n<pre><span style=\"color:blue\">&lt;</span><span style=\"color:#a31515\">html</span> <span style=\"color:red\">xmlns:o</span><span style=\"color:blue\">=</span><span style=\"color:black\">&quot;</span><span style=\"color:blue\">urn:schemas-microsoft-com:office:office</span><span style=\"color:black\">&quot;</span> <span style=\"color:red\">xmlns:w</span><span style=\"color:blue\">=</span><span style=\"color:black\">&quot;</span><span style=\"color:blue\">urn:schemas-microsoft-com:office:word</span><span style=\"color:black\">&quot;</span> <span style=\"color:red\">xmlns</span><span style=\"color:blue\">=</span><span style=\"color:black\">&quot;</span><span style=\"color:blue\">http://www.w3.org/TR/REC-html40</span><span style=\"color:black\">&quot;</span><span style=\"color:blue\">&gt;</span>\r\n\t<span style=\"color:blue\">&lt;</span><span style=\"color:#a31515\">head</span><span style=\"color:blue\">&gt;</span>\r\n\t<span style=\"color:blue\">&lt;/</span><span style=\"color:#a31515\">head</span><span style=\"color:blue\">&gt;</span>\r\n\t<span style=\"color:blue\">&lt;</span><span style=\"color:#a31515\">body</span><span style=\"color:blue\">&gt;</span>\r\n\t\t<span style=\"color:blue\">&lt;</span><span style=\"color:#a31515\">xsl</span><span style=\"color:blue\">:</span><span style=\"color:#a31515\">variable</span> <span style=\"color:red\">name</span><span style=\"color:blue\">=</span><span style=\"color:black\">&quot;</span><span style=\"color:blue\">LCID</span><span style=\"color:black\">&quot;</span><span style=\"color:blue\">&gt;</span>\r\n\t\t  <span style=\"color:blue\">&lt;</span><span style=\"color:#a31515\">xsl</span><span style=\"color:blue\">:</span><span style=\"color:#a31515\">choose</span><span style=\"color:blue\">&gt;</span>\r\n\t\t\t<span style=\"color:blue\">&lt;</span><span style=\"color:#a31515\">xsl</span><span style=\"color:blue\">:</span><span style=\"color:#a31515\">when</span> <span style=\"color:red\">test</span><span style=\"color:blue\">=</span><span style=\"color:black\">&quot;</span><span style=\"color:blue\">b:LCID='0' or b:LCID='' or not(b:LCID)</span><span style=\"color:black\">&quot;</span><span style=\"color:blue\">&gt;</span>\r\n\t\t\t  <span style=\"color:blue\">&lt;</span><span style=\"color:#a31515\">xsl</span><span style=\"color:blue\">:</span><span style=\"color:#a31515\">value-of</span> <span style=\"color:red\">select</span><span style=\"color:blue\">=</span><span style=\"color:black\">&quot;</span><span style=\"color:blue\">/*/b:Locals/b:DefaultLCID</span><span style=\"color:black\">&quot;</span><span style=\"color:blue\">/&gt;</span>\r\n\t\t\t<span style=\"color:blue\">&lt;/</span><span style=\"color:#a31515\">xsl</span><span style=\"color:blue\">:</span><span style=\"color:#a31515\">when</span><span style=\"color:blue\">&gt;</span>\r\n\t\t\t<span style=\"color:blue\">&lt;</span><span style=\"color:#a31515\">xsl</span><span style=\"color:blue\">:</span><span style=\"color:#a31515\">otherwise</span><span style=\"color:blue\">&gt;</span>\r\n\t\t\t  <span style=\"color:blue\">&lt;</span><span style=\"color:#a31515\">xsl</span><span style=\"color:blue\">:</span><span style=\"color:#a31515\">value-of</span> <span style=\"color:red\">select</span><span style=\"color:blue\">=</span><span style=\"color:black\">&quot;</span><span style=\"color:blue\">b:LCID</span><span style=\"color:black\">&quot;</span><span style=\"color:blue\">/&gt;</span>\r\n\t\t\t<span style=\"color:blue\">&lt;/</span><span style=\"color:#a31515\">xsl</span><span style=\"color:blue\">:</span><span style=\"color:#a31515\">otherwise</span><span style=\"color:blue\">&gt;</span>\r\n\t\t  <span style=\"color:blue\">&lt;/</span><span style=\"color:#a31515\">xsl</span><span style=\"color:blue\">:</span><span style=\"color:#a31515\">choose</span><span style=\"color:blue\">&gt;</span>\r\n\t\t<span style=\"color:blue\">&lt;/</span><span style=\"color:#a31515\">xsl</span><span style=\"color:blue\">:</span><span style=\"color:#a31515\">variable</span><span style=\"color:blue\">&gt;</span>\r\n\r\n\t\t<span style=\"color:blue\">&lt;</span><span style=\"color:#a31515\">xsl</span><span style=\"color:blue\">:</span><span style=\"color:#a31515\">element</span> <span style=\"color:red\">name</span><span style=\"color:blue\">=</span><span style=\"color:black\">&quot;</span><span style=\"color:blue\">p</span><span style=\"color:black\">&quot;</span><span style=\"color:blue\">&gt;</span>\r\n\r\n<em><strong>\t\t<span style=\"color:blue\">&lt;</span><span style=\"color:#a31515\">xsl</span><span style=\"color:blue\">:</span><span style=\"color:#a31515\">attribute</span> <span style=\"color:red\">name</span><span style=\"color:blue\">=</span><span style=\"color:black\">&quot;</span><span style=\"color:blue\">lang</span><span style=\"color:black\">&quot;</span><span style=\"color:blue\">&gt;</span>\r\n\t\t\t<span style=\"color:blue\">&lt;</span><span style=\"color:#a31515\">xsl</span><span style=\"color:blue\">:</span><span style=\"color:#a31515\">value-of</span> <span style=\"color:red\">select</span><span style=\"color:blue\">=</span><span style=\"color:black\">&quot;</span><span style=\"color:blue\">/*/b:Locals/b:Local[@LCID=$LCID]/@Culture</span><span style=\"color:black\">&quot;</span><span style=\"color:blue\">/&gt;</span>\r\n\t\t<span style=\"color:blue\">&lt;/</span><span style=\"color:#a31515\">xsl</span><span style=\"color:blue\">:</span><span style=\"color:#a31515\">attribute</span><span style=\"color:blue\">&gt;</span>\r\n</strong></em>\r\n\t\t<span style=\"color:blue\">&lt;</span><span style=\"color:#a31515\">xsl</span><span style=\"color:blue\">:</span><span style=\"color:#a31515\">attribute</span> <span style=\"color:red\">name</span><span style=\"color:blue\">=</span><span style=\"color:black\">&quot;</span><span style=\"color:blue\">dir</span><span style=\"color:black\">&quot;</span><span style=\"color:blue\">&gt;</span>\r\n\t\t\t<span style=\"color:blue\">&lt;</span><span style=\"color:#a31515\">xsl</span><span style=\"color:blue\">:</span><span style=\"color:#a31515\">value-of</span> <span style=\"color:red\">select</span><span style=\"color:blue\">=</span><span style=\"color:black\">&quot;</span><span style=\"color:blue\">/*/b:Locals/b:Local[@LCID=$LCID]/b:Properties/b:Direction</span><span style=\"color:black\">&quot;</span><span style=\"color:blue\">/&gt;</span>\r\n\t\t<span style=\"color:blue\">&lt;/</span><span style=\"color:#a31515\">xsl</span><span style=\"color:blue\">:</span><span style=\"color:#a31515\">attribute</span><span style=\"color:blue\">&gt;</span>\r\n\r\n</pre>\r\n</div>\r\n<p>With regards to your bibliography, the code is in there, just spread out and written differently.&nbsp;The above post was just&nbsp;providing an idea. It is just a description of what I would do if I had the issue. I don't have the time to test and experiment, that's something you will have to do.</p>\r\n<div style=\"color:black;background-color:white\">\r\n<pre><span style=\"color:blue\">&lt;</span><span style=\"color:#a31515\">xsl</span><span style=\"color:blue\">:</span><span style=\"color:#a31515\">element</span> <span style=\"color:red\">name</span><span style=\"color:blue\">=</span><span style=\"color:black\">&quot;</span><span style=\"color:blue\">p</span><span style=\"color:black\">&quot;</span><span style=\"color:blue\">&gt;</span>\r\n  <span style=\"color:blue\">&lt;</span><span style=\"color:#a31515\">xsl</span><span style=\"color:blue\">:</span><span style=\"color:#a31515\">variable</span> <span style=\"color:red\">name</span><span style=\"color:blue\">=</span><span style=\"color:black\">&quot;</span><span style=\"color:blue\">LCID</span><span style=\"color:black\">&quot;</span><span style=\"color:blue\">&gt;</span>\r\n    <span style=\"color:blue\">&lt;</span><span style=\"color:#a31515\">xsl</span><span style=\"color:blue\">:</span><span style=\"color:#a31515\">choose</span><span style=\"color:blue\">&gt;</span>\r\n      <span style=\"color:blue\">&lt;</span><span style=\"color:#a31515\">xsl</span><span style=\"color:blue\">:</span><span style=\"color:#a31515\">when</span> <span style=\"color:red\">test</span><span style=\"color:blue\">=</span><span style=\"color:black\">&quot;</span><span style=\"color:blue\">b:LCID='0' or b:LCID='' or not(b:LCID)</span><span style=\"color:black\">&quot;</span><span style=\"color:blue\">&gt;</span>\r\n\t\t<span style=\"color:blue\">&lt;</span><span style=\"color:#a31515\">xsl</span><span style=\"color:blue\">:</span><span style=\"color:#a31515\">value-of</span> <span style=\"color:red\">select</span><span style=\"color:blue\">=</span><span style=\"color:black\">&quot;</span><span style=\"color:blue\">/*/b:Locals/b:DefaultLCID</span><span style=\"color:black\">&quot;</span><span style=\"color:blue\">/&gt;</span>\r\n      <span style=\"color:blue\">&lt;/</span><span style=\"color:#a31515\">xsl</span><span style=\"color:blue\">:</span><span style=\"color:#a31515\">when</span><span style=\"color:blue\">&gt;</span>\r\n      <span style=\"color:blue\">&lt;</span><span style=\"color:#a31515\">xsl</span><span style=\"color:blue\">:</span><span style=\"color:#a31515\">otherwise</span><span style=\"color:blue\">&gt;</span>\r\n        <span style=\"color:blue\">&lt;</span><span style=\"color:#a31515\">xsl</span><span style=\"color:blue\">:</span><span style=\"color:#a31515\">value-of</span> <span style=\"color:red\">select</span><span style=\"color:blue\">=</span><span style=\"color:black\">&quot;</span><span style=\"color:blue\">b:LCID</span><span style=\"color:black\">&quot;</span><span style=\"color:blue\">/&gt;</span>\r\n      <span style=\"color:blue\">&lt;/</span><span style=\"color:#a31515\">xsl</span><span style=\"color:blue\">:</span><span style=\"color:#a31515\">otherwise</span><span style=\"color:blue\">&gt;</span>\r\n    <span style=\"color:blue\">&lt;/</span><span style=\"color:#a31515\">xsl</span><span style=\"color:blue\">:</span><span style=\"color:#a31515\">choose</span><span style=\"color:blue\">&gt;</span>\r\n  <span style=\"color:blue\">&lt;/</span><span style=\"color:#a31515\">xsl</span><span style=\"color:blue\">:</span><span style=\"color:#a31515\">variable</span><span style=\"color:blue\">&gt;</span>\r\n\r\n  <span style=\"color:blue\">&lt;</span><span style=\"color:#a31515\">xsl</span><span style=\"color:blue\">:</span><span style=\"color:#a31515\">attribute</span> <span style=\"color:red\">name</span><span style=\"color:blue\">=</span><span style=\"color:black\">&quot;</span><span style=\"color:blue\">lang</span><span style=\"color:black\">&quot;</span><span style=\"color:blue\">&gt;</span>\r\n    <span style=\"color:blue\">&lt;</span><span style=\"color:#a31515\">xsl</span><span style=\"color:blue\">:</span><span style=\"color:#a31515\">value-of</span> <span style=\"color:red\">select</span><span style=\"color:blue\">=</span><span style=\"color:black\">&quot;</span><span style=\"color:blue\">/*/b:Locals/b:Local[@LCID=$LCID]/@Culture</span><span style=\"color:black\">&quot;</span><span style=\"color:blue\">/&gt;</span>\r\n  <span style=\"color:blue\">&lt;/</span><span style=\"color:#a31515\">xsl</span><span style=\"color:blue\">:</span><span style=\"color:#a31515\">attribute</span><span style=\"color:blue\">&gt;</span>\r\n  <span style=\"color:blue\">&lt;</span><span style=\"color:#a31515\">xsl</span><span style=\"color:blue\">:</span><span style=\"color:#a31515\">attribute</span> <span style=\"color:red\">name</span><span style=\"color:blue\">=</span><span style=\"color:black\">&quot;</span><span style=\"color:blue\">dir</span><span style=\"color:black\">&quot;</span><span style=\"color:blue\">&gt;</span>\r\n    <span style=\"color:blue\">&lt;</span><span style=\"color:#a31515\">xsl</span><span style=\"color:blue\">:</span><span style=\"color:#a31515\">value-of</span> <span style=\"color:red\">select</span><span style=\"color:blue\">=</span><span style=\"color:black\">&quot;</span><span style=\"color:blue\">/*/b:Locals/b:Local[@LCID=$LCID]/b:Properties/b:Direction</span><span style=\"color:black\">&quot;</span><span style=\"color:blue\">/&gt;</span>\r\n  <span style=\"color:blue\">&lt;/</span><span style=\"color:#a31515\">xsl</span><span style=\"color:blue\">:</span><span style=\"color:#a31515\">attribute</span><span style=\"color:blue\">&gt;</span>\r\n  <span style=\"color:blue\">&lt;</span><span style=\"color:#a31515\">xsl</span><span style=\"color:blue\">:</span><span style=\"color:#a31515\">attribute</span> <span style=\"color:red\">name</span><span style=\"color:blue\">=</span><span style=\"color:black\">&quot;</span><span style=\"color:blue\">class</span><span style=\"color:black\">&quot;</span><span style=\"color:blue\">&gt;</span>\r\n    <span style=\"color:blue\">&lt;</span><span style=\"color:#a31515\">xsl</span><span style=\"color:blue\">:</span><span style=\"color:#a31515\">value-of</span> <span style=\"color:red\">select</span><span style=\"color:blue\">=</span><span style=\"color:black\">&quot;</span><span style=\"color:blue\">'MsoBibliography'</span><span style=\"color:black\">&quot;</span><span style=\"color:blue\">/&gt;</span>\r\n  <span style=\"color:blue\">&lt;/</span><span style=\"color:#a31515\">xsl</span><span style=\"color:blue\">:</span><span style=\"color:#a31515\">attribute</span><span style=\"color:blue\">&gt;</span>\r\n</pre>\r\n</div>",
    "PostedDate": "2010-10-21T07:28:35.987-07:00",
    "UserRole": null,
    "MarkedAsAnswerDate": null
  }
]