[
  {
    "Id": "1479174",
    "ThreadId": "656496",
    "Html": "Good afternoon. Can you help me? You can change the part of the code to put the author's full name in the bibliographic reference ? See attachment for better understanding . Thank you in advance for your attention.\r<br />\n<br />\n<a href=\"https://drive.google.com/file/d/0B0wthRUBsHShcUFRdVd0SFo3QlU/view?usp=sharing\" rel=\"nofollow\">https://drive.google.com/file/d/0B0wthRUBsHShcUFRdVd0SFo3QlU/view?usp=sharing</a>\r<br />\n<br />\nWilson\r<br />\nSão Paulo\r<br />\nBrazil<br />\n",
    "PostedDate": "2016-07-17T10:24:44.22-07:00",
    "UserRole": null,
    "MarkedAsAnswerDate": null
  },
  {
    "Id": "1494042",
    "ThreadId": "656496",
    "Html": "Hey, I'm in the same boat as you are, hopefully Yves will check this thread and shed some light into the problem.\r<br />\n<br />\nReally wish I could reference like you showed automatically, would save me eons in my current work.<br />\n",
    "PostedDate": "2017-03-14T08:55:57.453-07:00",
    "UserRole": null,
    "MarkedAsAnswerDate": null
  }
]