[
  {
    "Id": "629734",
    "ThreadId": "261920",
    "Html": "<p>Hello everyone. I am new in using BinWord but even so I find it a very useful tool for changing the way you bibliography looks. I have a problem regarding the abrreviation, and I could not find a soution in the previous discussions. So what I would like to do is the following: if  there is only one author I would like to have the abrreviation showing the first 3 letters of his name + last 2 digits of the publication year (this I have done succesfully following the instructions from some older post); if there are 2 or more authors I want  only the first letter of the name + last 2 digit of publication year.</p>\n<p>E.g: 1 person (Mark Musterman - \"Title\" - 2011) -&gt; [Mus11]</p>\n<p>&nbsp;&nbsp;&nbsp;&nbsp;&nbsp; 2 or more persons (Mark Musterman, Susan Hamil, Erik Kandel - \"Title\" - 2005) -&gt; [MHK05]</p>\n<p>So far I have created a new namelist where the first author is defined as:&nbsp; &lt;first_person&gt;{%Last:z%}&lt;/first_person&gt; (where z is a new case created to substring the Name field to first 3 letters). The other persons field are defined as: &lt;other_persons&gt;{%Last:au%}&lt;/other_persons&gt;.  My problem in this approach is that the first person will always be shown with 3 letters and I could not find a way to create a dependency between the No. of Authors and how the abbreviation is shown (something like: if NoAuth&lt;2 then ..([Mus11]).. else..[MHK05]..).</p>\n<p>King regards</p>\n<p>&nbsp;boga8207</p>",
    "PostedDate": "2011-06-19T06:21:19.727-07:00",
    "UserRole": null,
    "MarkedAsAnswerDate": null
  },
  {
    "Id": "629821",
    "ThreadId": "261920",
    "Html": "<p>There is no way to do this directly in BibWord. I would suggest you define a fake list element where the first_person is a predefined string like&nbsp;'XXXX'&nbsp;and then adjust the template \"format-contributors-by-params\". For example at the start of the routine you could do something like:</p>\r\n<div style=\"color: black; background-color: white;\">\r\n<pre><span style=\"color: blue;\">&lt;</span><span style=\"color: #a31515;\">xsl</span><span style=\"color: blue;\">:</span><span style=\"color: #a31515;\">choose</span><span style=\"color: blue;\">&gt;</span>\r\n  <span style=\"color: blue;\">&lt;</span><span style=\"color: #a31515;\">xsl</span><span style=\"color: blue;\">:</span><span style=\"color: #a31515;\">when</span> <span style=\"color: red;\">test</span><span style=\"color: blue;\">=</span><span style=\"color: black;\">\"</span><span style=\"color: blue;\">$params/first_person = 'XXXX'</span><span style=\"color: black;\">\"</span><span style=\"color: blue;\">&gt;</span>\r\n    <span style=\"color: green;\">&lt;!-- your custom routine --&gt;</span>    \r\n  <span style=\"color: blue;\">&lt;/</span><span style=\"color: #a31515;\">xsl</span><span style=\"color: blue;\">:</span><span style=\"color: #a31515;\">when</span><span style=\"color: blue;\">&gt;</span>\r\n  <span style=\"color: blue;\">&lt;</span><span style=\"color: #a31515;\">xsl</span><span style=\"color: blue;\">:</span><span style=\"color: #a31515;\">otherwise</span><span style=\"color: blue;\">&gt;</span>\r\n    <span style=\"color: green;\">&lt;!-- original code --&gt;</span>\r\n  <span style=\"color: blue;\">&lt;/</span><span style=\"color: #a31515;\">xsl</span><span style=\"color: blue;\">:</span><span style=\"color: #a31515;\">otherwise</span><span style=\"color: blue;\">&gt;</span>\r\n<span style=\"color: blue;\">&lt;/</span><span style=\"color: #a31515;\">xsl</span><span style=\"color: blue;\">:</span><span style=\"color: #a31515;\">choose</span><span style=\"color: blue;\">&gt;</span> \r\n</pre>\r\n</div>\r\n<p>&nbsp;</p>\r\n<div id=\"_mcePaste\" class=\"mcePaste\" style=\"position: absolute; width: 1px; height: 1px; overflow: hidden; top: 0px; left: -10000px;\">﻿</div>",
    "PostedDate": "2011-06-19T13:59:08.01-07:00",
    "UserRole": null,
    "MarkedAsAnswerDate": null
  },
  {
    "Id": "630041",
    "ThreadId": "261920",
    "Html": "<p>Thank you very much for the quick reply Yves and for the advices. The problem is solved but I have done it in another way (I post this for other that might want the above described functionality). After reading your post I have seen the template \"format-contributors-by-params\" where the variable \"numPersons\" is defined. I have used this variable to in call the template \"format-person\" 2 times with a new created parameter (\"singleAuth\") which is 1 when we have a single author and 0 otherwise- the code looks like:</p>\r\n<p>\r\n<div style=\"color: black; background-color: white;\">\r\n<pre>          <span style=\"color: green;\">&lt;!-- Handle all the b:Person elements. --&gt;</span>\r\n          <span style=\"color: blue;\">&lt;</span><span style=\"color: #a31515;\">xsl</span><span style=\"color: blue;\">:</span><span style=\"color: #a31515;\">for-each</span> <span style=\"color: red;\">select</span><span style=\"color: blue;\">=</span><span style=\"color: black;\">\"</span><span style=\"color: blue;\">$contributors/b:NameList/b:Person</span><span style=\"color: black;\">\"</span><span style=\"color: blue;\">&gt;</span>\r\n            <span style=\"color: green;\">&lt;!-- The position of the current b:Person element. --&gt;</span>\r\n            <span style=\"color: blue;\">&lt;</span><span style=\"color: #a31515;\">xsl</span><span style=\"color: blue;\">:</span><span style=\"color: #a31515;\">variable</span> <span style=\"color: red;\">name</span><span style=\"color: blue;\">=</span><span style=\"color: black;\">\"</span><span style=\"color: blue;\">pos</span><span style=\"color: black;\">\"</span> <span style=\"color: red;\">select</span><span style=\"color: blue;\">=</span><span style=\"color: black;\">\"</span><span style=\"color: blue;\">position()</span><span style=\"color: black;\">\"</span> <span style=\"color: blue;\">/&gt;</span>\r\n\r\n            <span style=\"color: blue;\">&lt;</span><span style=\"color: #a31515;\">xsl</span><span style=\"color: blue;\">:</span><span style=\"color: #a31515;\">choose</span><span style=\"color: blue;\">&gt;</span>\r\n              <span style=\"color: blue;\">&lt;</span><span style=\"color: #a31515;\">xsl</span><span style=\"color: blue;\">:</span><span style=\"color: #a31515;\">when</span> <span style=\"color: red;\">test</span><span style=\"color: blue;\">=</span><span style=\"color: black;\">\"</span><span style=\"color: blue;\">position() &gt; $numDisplay</span><span style=\"color: black;\">\"</span><span style=\"color: blue;\">/&gt;</span>\r\n              <span style=\"color: blue;\">&lt;</span><span style=\"color: #a31515;\">xsl</span><span style=\"color: blue;\">:</span><span style=\"color: #a31515;\">when</span> <span style=\"color: red;\">test</span><span style=\"color: blue;\">=</span><span style=\"color: black;\">\"</span><span style=\"color: blue;\">position() = 1</span><span style=\"color: black;\">\"</span><span style=\"color: blue;\">&gt;</span>\r\n               <span style=\"color: blue;\">&lt;</span><span style=\"color: #a31515;\">xsl</span><span style=\"color: blue;\">:</span><span style=\"color: #a31515;\">choose</span><span style=\"color: blue;\">&gt;</span>\r\n               <span style=\"color: blue;\">&lt;</span><span style=\"color: #a31515;\">xsl</span><span style=\"color: blue;\">:</span><span style=\"color: #a31515;\">when</span> <span style=\"color: red;\">test</span><span style=\"color: blue;\">=</span><span style=\"color: black;\">\"</span><span style=\"color: blue;\">$numPersons = 1</span><span style=\"color: black;\">\"</span><span style=\"color: blue;\">&gt;</span>\r\n                 <span style=\"color: green;\">&lt;!--&lt;xsl:value-of select=\"substring($contributors/b:NameList/b:Person,1,3)\"/&gt;--&gt;</span>\r\n                  <span style=\"color: blue;\">&lt;</span><span style=\"color: #a31515;\">xsl</span><span style=\"color: blue;\">:</span><span style=\"color: #a31515;\">call-template</span> <span style=\"color: red;\">name</span><span style=\"color: blue;\">=</span><span style=\"color: black;\">\"</span><span style=\"color: blue;\">format-person</span><span style=\"color: black;\">\"</span><span style=\"color: blue;\">&gt;</span>\r\n                  <span style=\"color: blue;\">&lt;</span><span style=\"color: #a31515;\">xsl</span><span style=\"color: blue;\">:</span><span style=\"color: #a31515;\">with-param</span> <span style=\"color: red;\">name</span><span style=\"color: blue;\">=</span><span style=\"color: black;\">\"</span><span style=\"color: blue;\">person</span><span style=\"color: black;\">\"</span> <span style=\"color: red;\">select</span><span style=\"color: blue;\">=</span><span style=\"color: black;\">\"</span><span style=\"color: blue;\">.</span><span style=\"color: black;\">\"</span> <span style=\"color: blue;\">/&gt;</span>\r\n                  <span style=\"color: blue;\">&lt;</span><span style=\"color: #a31515;\">xsl</span><span style=\"color: blue;\">:</span><span style=\"color: #a31515;\">with-param</span> <span style=\"color: red;\">name</span><span style=\"color: blue;\">=</span><span style=\"color: black;\">\"</span><span style=\"color: blue;\">format</span><span style=\"color: black;\">\"</span> <span style=\"color: red;\">select</span><span style=\"color: blue;\">=</span><span style=\"color: black;\">\"</span><span style=\"color: blue;\">$params/first_person</span><span style=\"color: black;\">\"</span> <span style=\"color: blue;\">/&gt;</span>\r\n                  <span style=\"color: blue;\">&lt;</span><span style=\"color: #a31515;\">xsl</span><span style=\"color: blue;\">:</span><span style=\"color: #a31515;\">with-param</span> <span style=\"color: red;\">name</span><span style=\"color: blue;\">=</span><span style=\"color: black;\">\"</span><span style=\"color: blue;\">singleAuth</span><span style=\"color: black;\">\"</span><span style=\"color: blue;\">&gt;</span>\r\n                    <span style=\"color: blue;\">&lt;</span><span style=\"color: #a31515;\">xsl</span><span style=\"color: blue;\">:</span><span style=\"color: #a31515;\">text</span><span style=\"color: blue;\">&gt;</span>1<span style=\"color: blue;\">&lt;/</span><span style=\"color: #a31515;\">xsl</span><span style=\"color: blue;\">:</span><span style=\"color: #a31515;\">text</span><span style=\"color: blue;\">&gt;</span>\r\n                  <span style=\"color: blue;\">&lt;/</span><span style=\"color: #a31515;\">xsl</span><span style=\"color: blue;\">:</span><span style=\"color: #a31515;\">with-param</span><span style=\"color: blue;\">&gt;</span>\r\n                <span style=\"color: blue;\">&lt;/</span><span style=\"color: #a31515;\">xsl</span><span style=\"color: blue;\">:</span><span style=\"color: #a31515;\">call-template</span><span style=\"color: blue;\">&gt;</span>\r\n               <span style=\"color: blue;\">&lt;/</span><span style=\"color: #a31515;\">xsl</span><span style=\"color: blue;\">:</span><span style=\"color: #a31515;\">when</span><span style=\"color: blue;\">&gt;</span>\r\n               <span style=\"color: blue;\">&lt;</span><span style=\"color: #a31515;\">xsl</span><span style=\"color: blue;\">:</span><span style=\"color: #a31515;\">otherwise</span><span style=\"color: blue;\">&gt;</span>\r\n                <span style=\"color: blue;\">&lt;</span><span style=\"color: #a31515;\">xsl</span><span style=\"color: blue;\">:</span><span style=\"color: #a31515;\">call-template</span> <span style=\"color: red;\">name</span><span style=\"color: blue;\">=</span><span style=\"color: black;\">\"</span><span style=\"color: blue;\">format-person</span><span style=\"color: black;\">\"</span><span style=\"color: blue;\">&gt;</span>\r\n                  <span style=\"color: blue;\">&lt;</span><span style=\"color: #a31515;\">xsl</span><span style=\"color: blue;\">:</span><span style=\"color: #a31515;\">with-param</span> <span style=\"color: red;\">name</span><span style=\"color: blue;\">=</span><span style=\"color: black;\">\"</span><span style=\"color: blue;\">person</span><span style=\"color: black;\">\"</span> <span style=\"color: red;\">select</span><span style=\"color: blue;\">=</span><span style=\"color: black;\">\"</span><span style=\"color: blue;\">.</span><span style=\"color: black;\">\"</span> <span style=\"color: blue;\">/&gt;</span>\r\n                  <span style=\"color: blue;\">&lt;</span><span style=\"color: #a31515;\">xsl</span><span style=\"color: blue;\">:</span><span style=\"color: #a31515;\">with-param</span> <span style=\"color: red;\">name</span><span style=\"color: blue;\">=</span><span style=\"color: black;\">\"</span><span style=\"color: blue;\">format</span><span style=\"color: black;\">\"</span> <span style=\"color: red;\">select</span><span style=\"color: blue;\">=</span><span style=\"color: black;\">\"</span><span style=\"color: blue;\">$params/first_person</span><span style=\"color: black;\">\"</span> <span style=\"color: blue;\">/&gt;</span>\r\n                  <span style=\"color: blue;\">&lt;</span><span style=\"color: #a31515;\">xsl</span><span style=\"color: blue;\">:</span><span style=\"color: #a31515;\">with-param</span> <span style=\"color: red;\">name</span><span style=\"color: blue;\">=</span><span style=\"color: black;\">\"</span><span style=\"color: blue;\">singleAuth</span><span style=\"color: black;\">\"</span><span style=\"color: blue;\">&gt;</span>\r\n                    <span style=\"color: blue;\">&lt;</span><span style=\"color: #a31515;\">xsl</span><span style=\"color: blue;\">:</span><span style=\"color: #a31515;\">text</span><span style=\"color: blue;\">&gt;</span>0<span style=\"color: blue;\">&lt;/</span><span style=\"color: #a31515;\">xsl</span><span style=\"color: blue;\">:</span><span style=\"color: #a31515;\">text</span><span style=\"color: blue;\">&gt;</span>\r\n                  <span style=\"color: blue;\">&lt;/</span><span style=\"color: #a31515;\">xsl</span><span style=\"color: blue;\">:</span><span style=\"color: #a31515;\">with-param</span><span style=\"color: blue;\">&gt;</span>                    \r\n                <span style=\"color: blue;\">&lt;/</span><span style=\"color: #a31515;\">xsl</span><span style=\"color: blue;\">:</span><span style=\"color: #a31515;\">call-template</span><span style=\"color: blue;\">&gt;</span>\r\n               <span style=\"color: blue;\">&lt;/</span><span style=\"color: #a31515;\">xsl</span><span style=\"color: blue;\">:</span><span style=\"color: #a31515;\">otherwise</span><span style=\"color: blue;\">&gt;</span>\r\n              <span style=\"color: blue;\">&lt;/</span><span style=\"color: #a31515;\">xsl</span><span style=\"color: blue;\">:</span><span style=\"color: #a31515;\">choose</span><span style=\"color: blue;\">&gt;</span> \r\n              <span style=\"color: blue;\">&lt;/</span><span style=\"color: #a31515;\">xsl</span><span style=\"color: blue;\">:</span><span style=\"color: #a31515;\">when</span><span style=\"color: blue;\">&gt;</span>\r\n\r\n<br />In the functions \"format-person\", \"format-person-part-2\" and \"format-person-part-3\" I have defined the new parameter \"singleAuth\" and the value of the parameter I have just sendit from one function to the other:<br /><br /><div style=\"color: black; background-color: white;\"><pre>  <span style=\"color: blue;\">&lt;</span><span style=\"color: #a31515;\">xsl</span><span style=\"color: blue;\">:</span><span style=\"color: #a31515;\">template</span> <span style=\"color: red;\">name</span><span style=\"color: blue;\">=</span><span style=\"color: black;\">\"</span><span style=\"color: blue;\">format-person</span><span style=\"color: black;\">\"</span><span style=\"color: blue;\">&gt;</span>\r\n    ...\r\n    <span style=\"color: blue;\">&lt;</span><span style=\"color: #a31515;\">xsl</span><span style=\"color: blue;\">:</span><span style=\"color: #a31515;\">param</span> <span style=\"color: red;\">name</span><span style=\"color: blue;\">=</span><span style=\"color: black;\">\"</span><span style=\"color: blue;\">singleAuth</span><span style=\"color: black;\">\"</span><span style=\"color: blue;\">/&gt;</span>\r\n    <span style=\"color: blue;\">&lt;</span><span style=\"color: #a31515;\">xsl</span><span style=\"color: blue;\">:</span><span style=\"color: #a31515;\">call-template</span> <span style=\"color: red;\">name</span><span style=\"color: blue;\">=</span><span style=\"color: black;\">\"</span><span style=\"color: blue;\">format-person-part-2</span><span style=\"color: black;\">\"</span><span style=\"color: blue;\">&gt;</span>\r\n      ...\r\n      <span style=\"color: blue;\">&lt;</span><span style=\"color: #a31515;\">xsl</span><span style=\"color: blue;\">:</span><span style=\"color: #a31515;\">with-param</span> <span style=\"color: red;\">name</span><span style=\"color: blue;\">=</span><span style=\"color: black;\">\"</span><span style=\"color: blue;\">singleAuth</span><span style=\"color: black;\">\"</span> <span style=\"color: red;\">select</span><span style=\"color: blue;\">=</span><span style=\"color: black;\">\"</span><span style=\"color: blue;\">$singleAuth</span><span style=\"color: black;\">\"</span><span style=\"color: blue;\">/&gt;</span> \r\n  <span style=\"color: blue;\">&lt;/</span><span style=\"color: #a31515;\">xsl</span><span style=\"color: blue;\">:</span><span style=\"color: #a31515;\">call-template</span><span style=\"color: blue;\">&gt;</span>\r\n\r\n ...\r\n  <span style=\"color: blue;\">&lt;</span><span style=\"color: #a31515;\">xsl</span><span style=\"color: blue;\">:</span><span style=\"color: #a31515;\">template</span> <span style=\"color: red;\">name</span><span style=\"color: blue;\">=</span><span style=\"color: black;\">\"</span><span style=\"color: blue;\">format-person-part-2</span><span style=\"color: black;\">\"</span><span style=\"color: blue;\">&gt;</span>\r\n    ...\r\n    <span style=\"color: blue;\">&lt;</span><span style=\"color: #a31515;\">xsl</span><span style=\"color: blue;\">:</span><span style=\"color: #a31515;\">param</span> <span style=\"color: red;\">name</span><span style=\"color: blue;\">=</span><span style=\"color: black;\">\"</span><span style=\"color: blue;\">singleAuth</span><span style=\"color: black;\">\"</span><span style=\"color: blue;\">/&gt;</span>\r\n    ...\r\n        <span style=\"color: blue;\">&lt;</span><span style=\"color: #a31515;\">xsl</span><span style=\"color: blue;\">:</span><span style=\"color: #a31515;\">variable</span> <span style=\"color: red;\">name</span><span style=\"color: blue;\">=</span><span style=\"color: black;\">\"</span><span style=\"color: blue;\">current</span><span style=\"color: black;\">\"</span><span style=\"color: blue;\">&gt;</span>\r\n          <span style=\"color: blue;\">&lt;</span><span style=\"color: #a31515;\">xsl</span><span style=\"color: blue;\">:</span><span style=\"color: #a31515;\">call-template</span> <span style=\"color: red;\">name</span><span style=\"color: blue;\">=</span><span style=\"color: black;\">\"</span><span style=\"color: blue;\">format-person-part-3</span><span style=\"color: black;\">\"</span><span style=\"color: blue;\">&gt;</span>\r\n            ...\r\n            <span style=\"color: blue;\">&lt;</span><span style=\"color: #a31515;\">xsl</span><span style=\"color: blue;\">:</span><span style=\"color: #a31515;\">with-param</span> <span style=\"color: red;\">name</span><span style=\"color: blue;\">=</span><span style=\"color: black;\">\"</span><span style=\"color: blue;\">singleAuth</span><span style=\"color: black;\">\"</span> <span style=\"color: red;\">select</span><span style=\"color: blue;\">=</span><span style=\"color: black;\">\"</span><span style=\"color: blue;\">$singleAuth</span><span style=\"color: black;\">\"</span><span style=\"color: blue;\">/&gt;</span>\r\n          <span style=\"color: blue;\">&lt;/</span><span style=\"color: #a31515;\">xsl</span><span style=\"color: blue;\">:</span><span style=\"color: #a31515;\">call-template</span><span style=\"color: blue;\">&gt;</span>\r\n        <span style=\"color: blue;\">&lt;/</span><span style=\"color: #a31515;\">xsl</span><span style=\"color: blue;\">:</span><span style=\"color: #a31515;\">variable</span><span style=\"color: blue;\">&gt;</span>\r\n \r\n ...\r\n  <span style=\"color: blue;\">&lt;</span><span style=\"color: #a31515;\">xsl</span><span style=\"color: blue;\">:</span><span style=\"color: #a31515;\">template</span> <span style=\"color: red;\">name</span><span style=\"color: blue;\">=</span><span style=\"color: black;\">\"</span><span style=\"color: blue;\">format-person-part-3</span><span style=\"color: black;\">\"</span><span style=\"color: blue;\">&gt;</span>\r\n    ...    \r\n    <span style=\"color: blue;\">&lt;</span><span style=\"color: #a31515;\">xsl</span><span style=\"color: blue;\">:</span><span style=\"color: #a31515;\">param</span> <span style=\"color: red;\">name</span><span style=\"color: blue;\">=</span><span style=\"color: black;\">\"</span><span style=\"color: blue;\">singleAuth</span><span style=\"color: black;\">\"</span><span style=\"color: blue;\">/&gt;</span>\r\n ...\r\n</pre>\r\n</div>\r\n</pre>\r\n</div>\r\n</p>\r\n<p>In the template \"format-person-part-3\" I have used this parameter n the definition of athe new option (\"z\") that makes in this case the substring for the first name (as shown in the initial post):</p>\r\n<p>\r\n<div style=\"color: black; background-color: white;\">\r\n<pre>  ...\r\n                <span style=\"color: green;\">&lt;!-- Handle abbreviation. --&gt;</span>\r\n                <span style=\"color: blue;\">&lt;</span><span style=\"color: #a31515;\">xsl</span><span style=\"color: blue;\">:</span><span style=\"color: #a31515;\">choose</span><span style=\"color: blue;\">&gt;</span>\r\n                \r\n                 <span style=\"color: green;\">&lt;!--Option introduces by user to substring the Name of the Author --&gt;</span>\r\n                 <span style=\"color: blue;\">&lt;</span><span style=\"color: #a31515;\">xsl</span><span style=\"color: blue;\">:</span><span style=\"color: #a31515;\">when</span> <span style=\"color: red;\">test</span><span style=\"color: blue;\">=</span><span style=\"color: black;\">\"</span><span style=\"color: blue;\">contains($options, 'z')</span><span style=\"color: black;\">\"</span><span style=\"color: blue;\">&gt;</span>\r\n                    <span style=\"color: blue;\">&lt;</span><span style=\"color: #a31515;\">xsl</span><span style=\"color: blue;\">:</span><span style=\"color: #a31515;\">if</span> <span style=\"color: red;\">test</span><span style=\"color: blue;\">=</span><span style=\"color: black;\">\"</span><span style=\"color: blue;\">$singleAuth = 1</span><span style=\"color: black;\">\"</span><span style=\"color: blue;\">&gt;</span>\r\n                       <span style=\"color: blue;\">&lt;</span><span style=\"color: #a31515;\">xsl</span><span style=\"color: blue;\">:</span><span style=\"color: #a31515;\">value-of</span> <span style=\"color: red;\">select</span><span style=\"color: blue;\">=</span><span style=\"color: black;\">\"</span><span style=\"color: blue;\">substring($person/*[local-name() = $name],1,3)</span><span style=\"color: black;\">\"</span><span style=\"color: blue;\">/&gt;</span>\r\n                    <span style=\"color: blue;\">&lt;/</span><span style=\"color: #a31515;\">xsl</span><span style=\"color: blue;\">:</span><span style=\"color: #a31515;\">if</span><span style=\"color: blue;\">&gt;</span>\r\n                    <span style=\"color: blue;\">&lt;</span><span style=\"color: #a31515;\">xsl</span><span style=\"color: blue;\">:</span><span style=\"color: #a31515;\">if</span> <span style=\"color: red;\">test</span><span style=\"color: blue;\">=</span><span style=\"color: black;\">\"</span><span style=\"color: blue;\">$singleAuth = 0</span><span style=\"color: black;\">\"</span><span style=\"color: blue;\">&gt;</span>\r\n                    <span style=\"color: blue;\">&lt;</span><span style=\"color: #a31515;\">xsl</span><span style=\"color: blue;\">:</span><span style=\"color: #a31515;\">value-of</span> <span style=\"color: red;\">select</span><span style=\"color: blue;\">=</span><span style=\"color: black;\">\"</span><span style=\"color: blue;\">substring($person/*[local-name() = $name],1,1)</span><span style=\"color: black;\">\"</span><span style=\"color: blue;\">/&gt;</span>\r\n                    <span style=\"color: blue;\">&lt;/</span><span style=\"color: #a31515;\">xsl</span><span style=\"color: blue;\">:</span><span style=\"color: #a31515;\">if</span><span style=\"color: blue;\">&gt;</span>\r\n                 <span style=\"color: blue;\">&lt;/</span><span style=\"color: #a31515;\">xsl</span><span style=\"color: blue;\">:</span><span style=\"color: #a31515;\">when</span><span style=\"color: blue;\">&gt;</span> \r\n\r\n                <span style=\"color: blue;\">&lt;</span><span style=\"color: #a31515;\">xsl</span><span style=\"color: blue;\">:</span><span style=\"color: #a31515;\">when</span> <span style=\"color: red;\">test</span><span style=\"color: blue;\">=</span><span style=\"color: black;\">\"</span><span style=\"color: blue;\">contains($options, 'a')</span><span style=\"color: black;\">\"</span><span style=\"color: blue;\">&gt;</span>\r\n                   ....\r\n</pre>\r\n</div>\r\n</p>\r\n<p>This works well for me and I hope that there are no big problem with this approach (I am no expert in xml).</p>\r\n<p>Thanks again for the help and for the nice tool that you have build.</p>\r\n<p>Kind regards</p>",
    "PostedDate": "2011-06-20T05:53:15.967-07:00",
    "UserRole": null,
    "MarkedAsAnswerDate": null
  },
  {
    "Id": "631181",
    "ThreadId": "261920",
    "Html": "<p>Hi <span class=\"UserProfileLink\">boga8207,</span></p>\r\n<p><span class=\"UserProfileLink\">could share the whole template. I'm looking for such citation style recently for my thesis and I think if your writing thesis in Germany :) in word such style is very nice to have:). </span></p>\r\n<p><span class=\"UserProfileLink\">I can do it myself, but it is in fact a lot of effort and generally reinventing the wheel is bad principle :)</span></p>\r\n<p><span class=\"UserProfileLink\"><br /></span></p>\r\n<p><span class=\"UserProfileLink\">Cheers,<br />prodanoff<br /></span></p>",
    "PostedDate": "2011-06-22T08:25:19.03-07:00",
    "UserRole": null,
    "MarkedAsAnswerDate": null
  },
  {
    "Id": "631200",
    "ThreadId": "261920",
    "Html": "<p>No problem. send me your email please and I will send you the template.&nbsp; I tried&nbsp; to test it and for me worked with all the document types (book, article and so on) ... but if you find some mistakes/bugs&nbsp; then let me know also please :).</p>\r\n<p>&nbsp;</p>\r\n<p>King regards</p>\r\n<p>&nbsp; boga8207</p>",
    "PostedDate": "2011-06-22T08:49:04.72-07:00",
    "UserRole": null,
    "MarkedAsAnswerDate": null
  },
  {
    "Id": "1264824",
    "ThreadId": "261920",
    "Html": "is it already such a template created and shared? i need it also..<br />\n",
    "PostedDate": "2014-07-11T07:07:19.083-07:00",
    "UserRole": null,
    "MarkedAsAnswerDate": null
  }
]