[
  {
    "Id": "483573",
    "ThreadId": "224499",
    "Html": "<p>Hey,</p>\r\n<p>at first I'd like to thank you for the great work, but unfortunately I have a problem with some styles. I think the problem occures if there is a bibliography style with more the one column (like the IEEE-style) and a heading is following with the option &quot;page break before&quot; is checked.</p>\r\n<p>What happens is that the next page is&nbsp;normal and the heading starts at the beginning of the next page, but there is a additional appearence of the heading right below the bibliography, which can't&nbsp;get marked or deleted. If I change the bibliography to static text or change the bibliography style to a one-column-style these artefacts disappear.</p>\r\n<p>Could you tell me, how to get rid of&nbsp;the artefacts&nbsp;with a two-column-style or how to get a bibliography with 1 column which looks like this:</p>\r\n<p>[1]&nbsp;&nbsp;&nbsp;&nbsp;&nbsp;&nbsp;&nbsp;&nbsp; Last Name, First Name, Title etc.<br>&nbsp;&nbsp;&nbsp;&nbsp;&nbsp;&nbsp;&nbsp;&nbsp;&nbsp;&nbsp;&nbsp;&nbsp; over more than one line</p>\r\n<p>[2]&nbsp;&nbsp;&nbsp;&nbsp;&nbsp;&nbsp;&nbsp;&nbsp; Last Name, First Name, Title etc.<br>&nbsp;&nbsp;&nbsp;&nbsp;&nbsp;&nbsp;&nbsp;&nbsp;&nbsp;&nbsp;&nbsp;&nbsp; over more than one line</p>\r\n<p>Thank you for your help and sorry for my poor english</p>\r\n<p>Jayass</p>\r\n<p>&nbsp;</p>",
    "PostedDate": "2010-08-23T06:01:12.837-07:00",
    "UserRole": null,
    "MarkedAsAnswerDate": null
  },
  {
    "Id": "485939",
    "ThreadId": "224499",
    "Html": "<p>Unfortunately, I cannot reproduce the problem, so I can't suggest a fix. Is the header there if you try to print it? It might be a 'ghost' you are seeing as you say you can't select it or delete it.</p>\r\n<p>The styles use HTML and CSS to create the output which is then converted to WordProcessingML by Word. The layout you want can only be achieved in two ways when using HTML: either by using a table with 2 columns or by using divs which are positioned next to each other. Of those two solutions, only a table is feasible as it can adjust the width of an entire column as needed. If you would use divs, you would have to hardcode widths depending on the size of the font you are using and the number of sources you have in your bibliography ([1] requires less space than [1000] so the entire alignment would have to shift).</p>\r\n<p>With divs, your layout for 1 entry&nbsp;would be something like:</p>\r\n<div style=\"color:black;background-color:white\">\r\n<pre><span style=\"color:blue\">&lt;</span><span style=\"color:#a31515\">div</span> <span style=\"color:red\">class</span><span style=\"color:blue\">=</span><span style=\"color:blue\">'source' </span><span style=\"color:red\">style</span><span style=\"color:blue\">=</span><span style=\"color:blue\">'position:relative; clear:both;'</span><span style=\"color:blue\">&gt;</span>\r\n  <span style=\"color:blue\">&lt;</span><span style=\"color:#a31515\">div</span> <span style=\"color:red\">class</span><span style=\"color:blue\">=</span><span style=\"color:blue\">'column1'</span> <span style=\"color:red\">style</span><span style=\"color:blue\">=</span><span style=\"color:blue\">'position: relative; float: left; width: 10%;'</span><span style=\"color:blue\">&gt;</span><span style=\"color:blue\">&lt;</span><span style=\"color:#a31515\">p</span><span style=\"color:blue\">&gt;</span>[1]<span style=\"color:blue\">&lt;/</span><span style=\"color:#a31515\">p</span><span style=\"color:blue\">&gt;</span><span style=\"color:blue\">&lt;/</span><span style=\"color:#a31515\">div</span><span style=\"color:blue\">&gt;</span>\r\n  <span style=\"color:blue\">&lt;</span><span style=\"color:#a31515\">div</span> <span style=\"color:red\">class</span><span style=\"color:blue\">=</span><span style=\"color:blue\">'column2'</span> <span style=\"color:red\">style</span><span style=\"color:blue\">=</span><span style=\"color:blue\">'position: relative; float: right; width: 89%;'</span><span style=\"color:blue\">&gt;</span><span style=\"color:blue\">&lt;</span><span style=\"color:#a31515\">p</span><span style=\"color:blue\">&gt;</span>Lastname, Firstname, ...<span style=\"color:blue\">&lt;/</span><span style=\"color:#a31515\">p</span><span style=\"color:blue\">&gt;</span><span style=\"color:blue\">&lt;/</span><span style=\"color:#a31515\">div</span><span style=\"color:blue\">&gt;</span>\r\n<span style=\"color:blue\">&lt;/</span><span style=\"color:#a31515\">div</span><span style=\"color:blue\">&gt;</span>\r\n</pre>\r\n</div>\r\n<p>The classnames source,&nbsp;column1, and column2 are only for illustration purposes here.</p>\r\n<p>I currently&nbsp;have no intention of implementing the above scheme myself, but if you want to give it a try, the easiest is probably to overwrite the following template functions in the xslt:</p>\r\n<ul>\r\n<li>format-bibliography-as-table: you could get rid of the table element. The tr elements&nbsp;should be replaced by the&nbsp;div of&nbsp;class source in the above example;</li>\r\n<li>format-bibliography-table-column: here&nbsp;the td elements should be replaced by the&nbsp;inner divs from the above&nbsp;example. Their style attribute&nbsp;would need adjustment based on&nbsp;the column you are&nbsp;displaying.</li>\r\n</ul>\r\n<div id=\"_mcePaste\" style=\"width:1px;height:1px;overflow:hidden;top:0px;left:-10000px\">﻿</div>",
    "PostedDate": "2010-08-28T01:57:36.847-07:00",
    "UserRole": null,
    "MarkedAsAnswerDate": null
  }
]