[
  {
    "Id": "583424",
    "ThreadId": "250447",
    "Html": "<p>Using Word 2010 without BibWord.</p>\n<p>This is the output:</p>\n<p>&nbsp;</p>\n<pre>x\n\n[1]\n J. Ahrenholz and C. Danilov. Common Open Research Emulator. [Online]. http://cs.itd.nrl.navy.mil/work/core/\n\n[2] M. Zec and M. Mikuc, \"Operating System Support for Integrated Network Emulation in IMUNES,\" in Proceedings of the 1st Workshop on Operating System and Architectural Support for the on demand IT InfraStructure.\n\nx</pre>\n<p>&nbsp;</p>\n<p>What's with the 'x' in the beginning and the end?</p>",
    "PostedDate": "2011-03-20T15:18:56.287-07:00",
    "UserRole": null,
    "MarkedAsAnswerDate": null
  },
  {
    "Id": "583693",
    "ThreadId": "250447",
    "Html": "<p>The x's are normally marked as&nbsp;hidden text. If you disable the showing of non-printing symbols in Word, you&nbsp;shouldn't see them.</p>\r\n<p>The x's are there&nbsp;as a workaround for a bug in Microsoft Word. If the stylesheet returns nothing but a table containing your bibliography, Word will automatically put an empty paragraph before and after your bibliography. By wrapping your table in between two&nbsp;non-empty paragraphs, Word won't add the empty paragraphs. As the paragraphs have to be non-empty, I simply added an x in them (a space won't work) and marked the entire paragraph as hidden.</p>",
    "PostedDate": "2011-03-21T05:37:52.67-07:00",
    "UserRole": null,
    "MarkedAsAnswerDate": null
  },
  {
    "Id": "583708",
    "ThreadId": "250447",
    "Html": "<p>Ah I see<br /> thanks!<br /> <br /> Also could you change the IEEE ref order style so that authors are listed as J. Doe; S. Sue? I dont exclusively write english texts so<br /> english words in between (author1 AND author2) aren't suited for bibliography.<br /> <br /> Cheers.</p>",
    "PostedDate": "2011-03-21T06:07:26.72-07:00",
    "UserRole": null,
    "MarkedAsAnswerDate": null
  },
  {
    "Id": "583724",
    "ThreadId": "250447",
    "Html": "<p>You can easily change them yourself.</p>\r\n<p>See <a href=\"http://bibword.codeplex.com/wikipage?title=BibWord%20Format%20Contributors&amp;referringTitle=Documentation\">http://bibword.codeplex.com/wikipage?title=BibWord%20Format%20Contributors&amp;referringTitle=Documentation</a>&nbsp;on where you can find the information for formatting contributors&nbsp;inside the stylesheet.</p>\r\n<p>Changing things like 'AND' is just a simple substition there.</p>\r\n<p>Formatting authors is done through the 'first_person' and 'other_persons' elements in the above structure.&nbsp;Check out <a href=\"http://bibword.codeplex.com/wikipage?title=BibWord%20Format%20Strings&amp;referringTitle=Documentation#ex2\">http://bibword.codeplex.com/wikipage?title=BibWord%20Format%20Strings&amp;referringTitle=Documentation#ex2</a>&nbsp;for a long list of example&nbsp;format strings you could use.&nbsp;</p>",
    "PostedDate": "2011-03-21T06:43:21.893-07:00",
    "UserRole": null,
    "MarkedAsAnswerDate": null
  },
  {
    "Id": "583929",
    "ThreadId": "250447",
    "Html": "<p>Thanks again! Works nice :)</p>\r\n<p>&nbsp;</p>\r\n<p>On the side note. why use tables when displaying bibliography?</p>",
    "PostedDate": "2011-03-21T12:43:20.527-07:00",
    "UserRole": null,
    "MarkedAsAnswerDate": null
  },
  {
    "Id": "586027",
    "ThreadId": "250447",
    "Html": "<p>Tables are only used in layouts which require them. They are the only working solution for providing custom numbering and&nbsp;alignment&nbsp;I found so far. You can't just use basic HTML lists because they look like \"1.\" while users might need \"(1)\" or \"[1]\". Although it is possible to style them correctly in HTML, that HTML is too complex for Word to parse. Even span's with relative positioning are too complex for Word to understand.</p>\r\n<p>If there was a way to incorporate open xml inside HTML and let Word import that, I could probably create something without tables, but so far, I had no luck in doing so.</p>",
    "PostedDate": "2011-03-24T14:01:12.407-07:00",
    "UserRole": null,
    "MarkedAsAnswerDate": null
  },
  {
    "Id": "604991",
    "ThreadId": "250447",
    "Html": "<p>Hey</p>\r\n<p>&nbsp;</p>\r\n<p>is it possible for you to add the possibility to edit the citation and specify exact pages that are used?</p>\r\n<p>Here's the example of how it looks like with ISO 960 numerical: http://www.deviantpics.com/?v=ieeerefedi.png</p>",
    "PostedDate": "2011-04-29T11:31:07.097-07:00",
    "UserRole": null,
    "MarkedAsAnswerDate": null
  },
  {
    "Id": "605438",
    "ThreadId": "250447",
    "Html": "<p>You can do this yourself.</p>\r\n<p>In the xsl file, look at the citation element. For each type of source you will see an entry like:</p>\r\n<div style=\"color: black; background-color: white;\">\r\n<pre><span style=\"color: blue;\">&lt;</span><span style=\"color: #a31515;\">source</span> <span style=\"color: red;\">type</span><span style=\"color: blue;\">=</span><span style=\"color: black;\">\"</span><span style=\"color: blue;\">Book</span><span style=\"color: black;\">\"</span><span style=\"color: blue;\">&gt;</span>\r\n  <span style=\"color: blue;\">&lt;</span><span style=\"color: #a31515;\">format</span><span style=\"color: blue;\">&gt;</span>{%RefOrder%}<span style=\"color: blue;\">&lt;/</span><span style=\"color: #a31515;\">format</span><span style=\"color: blue;\">&gt;</span>\r\n<span style=\"color: blue;\">&lt;/</span><span style=\"color: #a31515;\">source</span><span style=\"color: blue;\">&gt;</span>\r\n</pre>\r\n</div>\r\n<p>Change the format string so it includes the CitationPages variable.</p>\r\n<div style=\"color: black; background-color: white;\">\r\n<pre><span style=\"color: blue;\">&lt;</span><span style=\"color: #a31515;\">source</span> <span style=\"color: red;\">type</span><span style=\"color: blue;\">=</span><span style=\"color: black;\">\"</span><span style=\"color: blue;\">Book</span><span style=\"color: black;\">\"</span><span style=\"color: blue;\">&gt;</span>\r\n  <span style=\"color: blue;\">&lt;</span><span style=\"color: #a31515;\">format</span><span style=\"color: blue;\">&gt;</span>{%RefOrder%}{ %CitationPages:str. :str. :%}<span style=\"color: blue;\">&lt;/</span><span style=\"color: #a31515;\">format</span><span style=\"color: blue;\">&gt;</span>\r\n<span style=\"color: blue;\">&lt;/</span><span style=\"color: #a31515;\">source</span><span style=\"color: blue;\">&gt;</span>\r\n</pre>\r\n</div>\r\n<p>Of course, you can change the 'str.' to something else like 'p. ' and 'pp. '.</p>",
    "PostedDate": "2011-05-01T01:53:48.27-07:00",
    "UserRole": null,
    "MarkedAsAnswerDate": null
  },
  {
    "Id": "606825",
    "ThreadId": "250447",
    "Html": "<p>Actually I was just referring to the difference in input between your style and the inbult styles (eg, ISO690 )</p>\r\n<p>As you can see with ISO 690 you get two additional options when reviewing the inserted citation:</p>\r\n<p>http://www.deviantpics.com/?v=citation2.png</p>\r\n<p>And here's the situation when using the IEEE Reference Order:</p>\r\n<p>http://www.deviantpics.com/?v=citation1.png</p>\r\n<p>When editing the field code of the inserted citation I can do it \"manually\" with the \\p switch so you get a similar code:\r\n<pre>CITATION rfc5614 \\p 12-23 \\l 1050<br /></pre>\r\nAlso, converting the citation to plain text also doesn't work for your style.</p>",
    "PostedDate": "2011-05-03T20:32:06.603-07:00",
    "UserRole": null,
    "MarkedAsAnswerDate": null
  },
  {
    "Id": "606944",
    "ThreadId": "250447",
    "Html": "<p>Just place your cursor between the number and the closing bracket and right click there. That should give you the menu items you normally see. The hyperlink contextmenu overwrites other contextmenus instead of merging them into one menu.&nbsp;That is a known bug in Word.</p>\r\n<p>Conversion to static text works fine here. Are you sure there is nothing else corrupt in your document? I have seen this behaviour before when pictures were involved. Otherwise, try using the macro from <a href=\"http://bibword.codeplex.com/wikipage?title=Styles_FAQ&amp;referringTitle=Documentation#Q10\">http://bibword.codeplex.com/wikipage?title=Styles_FAQ&amp;referringTitle=Documentation#Q10</a>&nbsp;to see if that one works.</p>",
    "PostedDate": "2011-05-04T02:18:29.02-07:00",
    "UserRole": null,
    "MarkedAsAnswerDate": null
  },
  {
    "Id": "608740",
    "ThreadId": "250447",
    "Html": "<p>Yes thank you now it works properly.</p>\r\n<p>&nbsp;</p>\r\n<p>On second thought while viewing the code on ISO 690 numerical i think this part was responsible for the citation part:</p>\r\n<p>\r\n<div style=\"color: black; background-color: white;\">\r\n<pre>\t\t\t<span style=\"color: blue;\">&lt;</span><span style=\"color: #a31515;\">xsl</span><span style=\"color: blue;\">:</span><span style=\"color: #a31515;\">when</span> <span style=\"color: red;\">test</span><span style=\"color: blue;\">=</span><span style=\"color: black;\">\"</span><span style=\"color: blue;\">b:Citation</span><span style=\"color: black;\">\"</span><span style=\"color: blue;\">&gt;</span>\r\n.....\r\n\t\t\t\t\t\t\r\n\t\t\t\t<span style=\"color: blue;\">&lt;</span><span style=\"color: #a31515;\">xsl</span><span style=\"color: blue;\">:</span><span style=\"color: #a31515;\">variable</span> <span style=\"color: red;\">name</span><span style=\"color: blue;\">=</span><span style=\"color: black;\">\"</span><span style=\"color: blue;\">pages</span><span style=\"color: black;\">\"</span> <span style=\"color: red;\">select</span><span style=\"color: blue;\">=</span><span style=\"color: black;\">\"</span><span style=\"color: blue;\">msxsl:node-set($ListPopulatedWithMain)/b:Citation/b:Pages</span><span style=\"color: black;\">\"</span><span style=\"color: blue;\">/&gt;</span>\r\n\r\n\t\t                <span style=\"color: blue;\">&lt;</span><span style=\"color: #a31515;\">xsl</span><span style=\"color: blue;\">:</span><span style=\"color: #a31515;\">variable</span> <span style=\"color: red;\">name</span><span style=\"color: blue;\">=</span><span style=\"color: black;\">\"</span><span style=\"color: blue;\">ppPages</span><span style=\"color: black;\">\"</span><span style=\"color: blue;\">&gt;</span>\r\n\t\t                  <span style=\"color: blue;\">&lt;</span><span style=\"color: #a31515;\">xsl</span><span style=\"color: blue;\">:</span><span style=\"color: #a31515;\">if</span> <span style=\"color: red;\">test</span><span style=\"color: blue;\">=</span><span style=\"color: black;\">\"</span><span style=\"color: blue;\">string-length($pages)&gt;0</span><span style=\"color: black;\">\"</span><span style=\"color: blue;\">&gt;</span>\r\n\t\t                    <span style=\"color: blue;\">&lt;</span><span style=\"color: #a31515;\">xsl</span><span style=\"color: blue;\">:</span><span style=\"color: #a31515;\">choose</span><span style=\"color: blue;\">&gt;</span>\r\n\t\t                      <span style=\"color: blue;\">&lt;</span><span style=\"color: #a31515;\">xsl</span><span style=\"color: blue;\">:</span><span style=\"color: #a31515;\">when</span> <span style=\"color: red;\">test</span><span style=\"color: blue;\">=</span><span style=\"color: black;\">\"</span><span style=\"color: blue;\">not(string-length($pages)=string-length(translate($pages, ',', '')))</span><span style=\"color: black;\">\"</span><span style=\"color: blue;\">&gt;</span>\r\n\t\t                        <span style=\"color: blue;\">&lt;</span><span style=\"color: #a31515;\">xsl</span><span style=\"color: blue;\">:</span><span style=\"color: #a31515;\">call-template</span> <span style=\"color: red;\">name</span><span style=\"color: blue;\">=</span><span style=\"color: black;\">\"</span><span style=\"color: blue;\">templ_str_PagesCountinousShort</span><span style=\"color: black;\">\"</span><span style=\"color: blue;\">/&gt;</span>\r\n\t\t                      <span style=\"color: blue;\">&lt;/</span><span style=\"color: #a31515;\">xsl</span><span style=\"color: blue;\">:</span><span style=\"color: #a31515;\">when</span><span style=\"color: blue;\">&gt;</span>\r\n\t\t                      <span style=\"color: blue;\">&lt;</span><span style=\"color: #a31515;\">xsl</span><span style=\"color: blue;\">:</span><span style=\"color: #a31515;\">when</span> <span style=\"color: red;\">test</span><span style=\"color: blue;\">=</span><span style=\"color: black;\">\"</span><span style=\"color: blue;\">string-length($pages)=string-length(translate($pages, $prop_APA_Hyphens, ''))</span><span style=\"color: black;\">\"</span><span style=\"color: blue;\">&gt;</span>\r\n\t\t                        <span style=\"color: blue;\">&lt;</span><span style=\"color: #a31515;\">xsl</span><span style=\"color: blue;\">:</span><span style=\"color: #a31515;\">call-template</span> <span style=\"color: red;\">name</span><span style=\"color: blue;\">=</span><span style=\"color: black;\">\"</span><span style=\"color: blue;\">templ_str_PageShort</span><span style=\"color: black;\">\"</span><span style=\"color: blue;\">/&gt;</span>\r\n\t\t                      <span style=\"color: blue;\">&lt;/</span><span style=\"color: #a31515;\">xsl</span><span style=\"color: blue;\">:</span><span style=\"color: #a31515;\">when</span><span style=\"color: blue;\">&gt;</span>\r\n\t\t                      <span style=\"color: blue;\">&lt;</span><span style=\"color: #a31515;\">xsl</span><span style=\"color: blue;\">:</span><span style=\"color: #a31515;\">otherwise</span><span style=\"color: blue;\">&gt;</span>\r\n\t\t                        <span style=\"color: blue;\">&lt;</span><span style=\"color: #a31515;\">xsl</span><span style=\"color: blue;\">:</span><span style=\"color: #a31515;\">call-template</span> <span style=\"color: red;\">name</span><span style=\"color: blue;\">=</span><span style=\"color: black;\">\"</span><span style=\"color: blue;\">templ_str_PagesCountinousShort</span><span style=\"color: black;\">\"</span><span style=\"color: blue;\">/&gt;</span>\r\n\t\t                      <span style=\"color: blue;\">&lt;/</span><span style=\"color: #a31515;\">xsl</span><span style=\"color: blue;\">:</span><span style=\"color: #a31515;\">otherwise</span><span style=\"color: blue;\">&gt;</span>\r\n\t\t                    <span style=\"color: blue;\">&lt;/</span><span style=\"color: #a31515;\">xsl</span><span style=\"color: blue;\">:</span><span style=\"color: #a31515;\">choose</span><span style=\"color: blue;\">&gt;</span>\r\n\t\t                    <span style=\"color: blue;\">&lt;</span><span style=\"color: #a31515;\">xsl</span><span style=\"color: blue;\">:</span><span style=\"color: #a31515;\">call-template</span> <span style=\"color: red;\">name</span><span style=\"color: blue;\">=</span><span style=\"color: black;\">\"</span><span style=\"color: blue;\">templ_prop_Space</span><span style=\"color: black;\">\"</span><span style=\"color: blue;\">/&gt;</span>\r\n\t\t                    <span style=\"color: blue;\">&lt;</span><span style=\"color: #a31515;\">xsl</span><span style=\"color: blue;\">:</span><span style=\"color: #a31515;\">value-of</span> <span style=\"color: red;\">select</span><span style=\"color: blue;\">=</span><span style=\"color: black;\">\"</span><span style=\"color: blue;\">$pages</span><span style=\"color: black;\">\"</span><span style=\"color: blue;\">/&gt;</span>\r\n\t\t                  <span style=\"color: blue;\">&lt;/</span><span style=\"color: #a31515;\">xsl</span><span style=\"color: blue;\">:</span><span style=\"color: #a31515;\">if</span><span style=\"color: blue;\">&gt;</span>\r\n\t\t                <span style=\"color: blue;\">&lt;/</span><span style=\"color: #a31515;\">xsl</span><span style=\"color: blue;\">:</span><span style=\"color: #a31515;\">variable</span><span style=\"color: blue;\">&gt;</span>\r\n\r\n</pre>\r\n</div>\r\n</p>\r\n<p>I like the default xsl as it obviously makes it possible to give the translated abbreviation depending on the language.</p>\r\n<p>Is it possible to implement that code easily for the IEEE reference?</p>\r\n<p>&nbsp;</p>\r\n<p>Regards</p>",
    "PostedDate": "2011-05-06T15:13:50.297-07:00",
    "UserRole": null,
    "MarkedAsAnswerDate": null
  },
  {
    "Id": "608913",
    "ThreadId": "250447",
    "Html": "<p>No. When creating BibWord I specifically chose not to support internationalization.&nbsp;</p>\r\n<p>I&nbsp;did so because Word's language mechanism tends to screw up things. In-text citations often end up in different languages within the same text. For example,&nbsp;you would see (1, p. 5) next to (2, str. 7). Even Microsoft realised this was an issue as the language field has been removed from the \"Edit Source\" dialog in Word 2010.</p>\r\n<p>That said, you could write format strings for each language you require and use the lcid codes to decide which format string to use as illustrated in <a href=\"http://bibword.codeplex.com/discussions/49159\">http://bibword.codeplex.com/discussions/49159</a></p>",
    "PostedDate": "2011-05-07T04:02:22.313-07:00",
    "UserRole": null,
    "MarkedAsAnswerDate": null
  }
]