[
  {
    "Id": "138115",
    "ThreadId": "41611",
    "Html": "Thanks for all of the styles!  I was wondering, is there anyway to add the &quot;Tag Name&quot; in place of the Authors name, or placed before the Authors name?<br>\r\n<br>\r\nI have a lot of references, used many times through out my paper, and I have previously orgainized my papers by a unique number (ie. 1a, 2a, 3a, 4a,...161a....) so that the files are easily found.  When I click on &quot;Insert Citation&quot;, I really need to see the &quot;Tag Name&quot; which is my unique number.<br>\r\n<br>\r\nI am using the APA style.<br>\r\n<br>\r\nThanks for any help!\r\n",
    "PostedDate": "2008-12-05T11:45:53.767-08:00",
    "UserRole": null,
    "MarkedAsAnswerDate": null
  },
  {
    "Id": "138118",
    "ThreadId": "41611",
    "Html": "...and, looking at the options, if &quot;Tag Name&quot; can not be added, how can I add the &quot;Comments&quot; field to the format (in front of the Authors)?<br>\r\n<br>\r\nAnd to elaborate, I am using the APA - Numerical with Square Brackets\r\n",
    "PostedDate": "2008-12-05T11:53:48.07-08:00",
    "UserRole": null,
    "MarkedAsAnswerDate": null
  },
  {
    "Id": "138155",
    "ThreadId": "41611",
    "Html": "Sorry, but I don't really understand where you want to see what.<br>\r\n<br>\r\nAre you talking about the drop-down list under &quot;Insert citation&quot;? Are you talking about the in-text citation? Or are you talking about the bibliography? Or a combination of those.<br>\r\n<br>\r\nThe look of the drop-down list under &quot;Insert citation&quot; is, to the best of my knowledge, static. There probably is an xsl specifying the format, but I haven't been able to locate it. Mind you, it could be incorporated within Word itself which means it will never be found. If you know the tag, you can insert a citation manually. On the &quot;Insert&quot; tab, in the &quot;Text&quot; group, click &quot;Quick Parts&quot; and choose &quot;Field...&quot;. Pick &quot;citation&quot; from the list and add the tag.<br>\r\n<br>\r\nIf you know the tag, the easiest way to display it in front of your in-text citation, is by using the \\f switch on your field. This can be done by right-clicking a citation and selecting &quot;Edit field...&quot;. Add the end of the string you can then add \\f &quot;the tag you want to show in front&quot;. The quotes are important if you use spaces in the text you want to display.<br>\r\n<br>\r\nAlternatively, I can help you change the stylesheet so it does that automatically but then you will have to provide more accurate information on what exactly you try to achieve. I can image that if you put the tag in your in-text citation, you want it in your bibliography as well. And you probably want your bibliography sorted by your tag. Note that sorting is normally either numerical or alphabetical (161a will be before 1a). Try to be as precise as possible on what you see now and what you do want to see.<br>\r\n<br>\r\nYves<br>\r\n<br>\r\n",
    "PostedDate": "2008-12-05T14:49:55.44-08:00",
    "UserRole": null,
    "MarkedAsAnswerDate": null
  },
  {
    "Id": "138179",
    "ThreadId": "41611",
    "Html": "Yves,  Thanks for your reply.  I should elaborate in what I am trying to do.<br>\r\n<br>\r\nI have a lot of papers that are going to be referenced many times throughout my paper.  I currently have all of these papers in a list, with notes and such, and I have them numbered (1a through 170a) so that I can find them easilier in their folder.  I placed the &quot;a&quot; after the number so that it distinguishes it from my reference number, and the reference number in the paper.<br>\r\n<br>\r\nOk, so, in the paper, as I am writing the paper, I want to be able to insert the references from the &quot;Insert Citation&quot; list by using my reference number (ie. 44a).  Right now, the &quot;Insert Citations&quot; option shows just the text of the bibliography.  So, if I wanted to insert [44a] into my paper, I would need to know that the actual citation is &quot;<span style=\"font-size:12pt;font-family:'times new roman','serif'\">Rigney, D.A., Chen, L.H., Naylor, Malcolm G.S., Rosenfield, A.R. (1984). Wear processes in sliding systems. <i>Wear</i>, v100(1-3), 195-219.&quot;<br>\r\n<br>\r\nSo, temporarily, I want the Citation to look like:<br>\r\n<span style=\"font-size:12pt;font-family:'times new roman','serif'\">44a. Rigney, D.A., Chen, L.H., Naylor, Malcolm G.S., Rosenfield, A.R. (1984). Wear processes in sliding systems. <i>Wear</i>, v100(1-3), 195-219.<br>\r\nor<br>\r\n<span style=\"font-size:12pt;font-family:'times new roman','serif'\">44a. (1984). Wear processes in sliding systems. <i>Wear</i>, v100(1-3), 195-219.<br>\r\n<br>\r\nso that I can just go to the &quot;Insert Citation&quot; list, and easily find &quot;44a&quot; and insert it to my paper.<br>\r\n<br>\r\nIn the paper, the inserted reference would be the Bibliography number, so:<br>\r\n<br>\r\n<span style=\"font-size:12pt;font-family:'times new roman','serif'\">&quot;Sliding wear in mc metallic materials creates large plastic strains in the grains at the surface. [whatever number 44a is in the bibliography] &quot;<br>\r\n<br>\r\nWhen I am near completion of the paper, I will then change the style of the Bibliography back to just &quot;APA - Numerical Square Bracket&quot; to remove my reference numbers.<br>\r\n<br>\r\nHopefully this explains it better of what I'm trying to do.  Thanks again for any help!</span></span></span></span>\r\n",
    "PostedDate": "2008-12-05T17:45:49.447-08:00",
    "UserRole": null,
    "MarkedAsAnswerDate": null
  },
  {
    "Id": "138223",
    "ThreadId": "41611",
    "Html": "Like I said, changing the look under &quot;Insert Citation&quot; is not possible to my knowledge. So you can't simplify the inserting that way. It's either using the 'unchangeable list' or inserting them manually as described in the previous post.<br>\r\n<br>\r\nI'm still not getting what else you might want. <br>\r\n<br>\r\nAssuming you currently use ordinary APA. For your in-text citations, do you want to see (Tag. OrdinaryAPA) instead of (OrdinaryAPA)? Or do you just want to see (Tag)? Or (Tag, OrderNumber)? Or just [OrderNumber]? Your example seems to be the latter case, but then you can use &quot;APA - Numerical Square Bracket&quot; directly.<br>\r\n<br>\r\nFor your bibliography, again starting from ordinary APA, what do you want to see? OrdinaryAPA? Or Tag. OrdinaryAPA? Or OrderNumber. OrdinaryAPA? Or another variation?\r\n",
    "PostedDate": "2008-12-06T02:07:50.97-08:00",
    "UserRole": null,
    "MarkedAsAnswerDate": null
  },
  {
    "Id": "138226",
    "ThreadId": "41611",
    "Html": "<br>\r\nOk, I see what you are saying.  No matter what the format, the &quot;Insert Citation&quot; will always only display &quot;<strong>Author</strong>, <em>Title</em>, (year).&quot;<br>\r\n<br>\r\nI was <span style=\"text-decoration:underline\">hoping</span> that if I added the &quot;Tag Name&quot; in place of the &quot;Author&quot;, like this:<br>\r\n            [1] [1a]. (2003). Mechanical Behavior of Nanocrystalline Metals and Alloys. <i>Acta Mater,</i> v51(19), 5743-5774.\r\n<p style=\"margin:0in 0in 0pt 0.5in;line-height:150%\">[2] [21a]. (2003). Deformation structures developing on fine scales. <i>Philos. Mag.,</i> v83(31-34), 3871-3893.</p>\r\n<p style=\"margin:0in 0in 0pt 0.5in;line-height:150%\">[3] [44a]. (1984). Wear processes in sliding systems. <i>Wear</i>, v100(1-3), 195-219.</p>\r\n<p style=\"margin:0in 0in 0pt 0.5in;line-height:150%\">[4] [45a]. (2001). The effect of grain size on the wear properties of electrodeposited nanocrystalline nickel coatings. <i>Scripta Mater</i>., v44(3), 493-499.</p>\r\n<p style=\"margin:0in 0in 0pt 0.5in;line-height:150%\">[5] [22a]. (2005). Study of deformation behavior of ultrafine-grained materials through in situ nanoindentation in a transmission electron microscope. <i>J. Mater. Res.</i>, v20(7), 1735-1740.</p>\r\n<p style=\"margin:0in 0in 0pt 0.5in;line-height:150%\">[6] [76a]. (1997). Characteristics of grain boundary migration and sliding during fatigue of high purity lead. <i>Mater Sci Eng A Struct Mater Prop Microstruct Process</i>, vA222(1), 9-13.<br>\r\n[7] [13a]. (2004). <i>Grain-boundary sliding and separation in polycrystalline metals: Application to nanocrystalline fcc metals</i>. <i>J Mech Phys Solids</i>, v52(11), 2587-2616.<br>\r\n<br>\r\nthen the &quot;Insert Citation&quot; would display &quot;Tag Name, <strong>Author</strong>, <em>Title</em>, (year).&quot;  Then I could easily find the paper from the list and insert it.  But, it looks like this is not possible.<br>\r\n<br>\r\nFor the in-text citation, if I could easily incorporate the &quot;Tag Name&quot; in the style, then I would want something like this:<br>\r\nBlah Blah Blah. [1a, 1]  Blah Bluh Blah. [22a, 5][76a, 6] Blah bloh blah. [13a, 7]<br>\r\n<br>\r\nI don't really need the &quot;tag name&quot; in the in-text citation (because I can just look up the number in the list if I really needed to), the most important thing is that my reference number is in the bibliography list and visible in the &quot;Insert Citation&quot; list.<br>\r\n<br>\r\nRight now, for my bibliography entries (I don't have them all typed in yet), I am inserting my reference name [#a] in the &quot;author field&quot;, and then placing the authors in the &quot;comment field&quot; so that the &quot;Insert Citation&quot; list displays:<br>\r\n<span style=\"font-size:12pt;font-family:'times new roman','serif'\"><strong>1a</strong>. Mechanical Behavior of Nanocrystalline Metals and Alloys, (2003)<br>\r\n</span><br>\r\nOnce I am near completion of the paper, I will just manually go back and change all of the citations back by moving the contents of the &quot;Comment Field&quot; to the &quot;Author Field&quot; and vice versa so that the Bibliography is correct. <br>\r\n<br>\r\nFrom the sound of it, it looks like I will just have to continue this method, and manually change all of the entries later.<br>\r\n<br>\r\nThanks for all your help!</p>\r\n",
    "PostedDate": "2008-12-06T02:56:24.343-08:00",
    "UserRole": null,
    "MarkedAsAnswerDate": null
  },
  {
    "Id": "138417",
    "ThreadId": "41611",
    "Html": "gwiz there is a &quot;dirty&quot; trick to achive what you desire. In order to have the insert citation list sources as follows: <br>\r\n<br>\r\n<strong>tag<br>\r\n</strong>title, (year)<br>\r\n<br>\r\nUsing bibType create your own source types, for example instead of &quot;ArticleInYournal&quot; create &quot;Article&quot; etc. then if you use tags like 1a , 2a etc. word will list things in the insert citation list the way you want. The issue is that the manage sources dialog box will show a list containing only &quot;title (year)&quot;, but if you'll use your own style (one that defines the source types and the way they are formated) then the preview window will work correctly.\r\n",
    "PostedDate": "2008-12-07T11:15:49.1-08:00",
    "UserRole": null,
    "MarkedAsAnswerDate": null
  },
  {
    "Id": "195987",
    "ThreadId": "41611",
    "Html": "<p>Hi there,</p>\r\n<p>This sounds like exactly what I need.&nbsp;</p>\r\n<p>I would be really grateful if you could explain the process that I need to go through in a bit more detail. &nbsp;I am happy about working out how to create my own style using bibType but not sure how I will get this to show in the Insert Citation list.</p>\r\n<p>I hope to hear from you soon.</p>\r\n<p>Many thanks&nbsp;</p>",
    "PostedDate": "2009-05-30T09:30:18.097-07:00",
    "UserRole": null,
    "MarkedAsAnswerDate": null
  },
  {
    "Id": "196131",
    "ThreadId": "41611",
    "Html": "<p>Hi Sarah,</p>\r\n<p>It's been a while since this thread has been active and since then I found out how to display whatever you want in the &quot;Insert Citation...&quot; list.</p>\r\n<p>Basically, it comes down to changing the &quot;&lt;xsl:template match=&quot;b:Source&quot;&gt;&quot; routine in Author2String.xml. There you can change the DisplayAuthor so that instead of the author name, the tag is shown (or a combination of tag and author). You can also change the SortKey so that everything gets sorted according to tag.</p>\r\n<p>The changes I made to be able to&nbsp;display by tag are:</p>\r\n<p style=\"line-height:normal;margin:0cm 0cm 0pt\"><span style=\"font-family:'Courier New';color:blue;font-size:10pt\">&lt;</span><span style=\"font-family:'Courier New';color:#a31515;font-size:10pt\">b:DisplayAuthor</span><span style=\"font-family:'Courier New';color:blue;font-size:10pt\">&gt;<br><span style=\"\">&nbsp; </span>&lt;</span><span style=\"font-family:'Courier New';color:#2b91af;font-size:10pt\">xsl:value-of</span><span style=\"font-family:'Courier New';color:blue;font-size:10pt\"> </span><span style=\"font-family:'Courier New';color:red;font-size:10pt\">select</span><span style=\"font-family:'Courier New';color:blue;font-size:10pt\">=</span><span style=\"font-family:'Courier New';font-size:10pt\">&quot;<span style=\"color:blue\">$displayAuthor</span>&quot;<span style=\"color:blue\">/&gt;<br>&lt;/</span><span style=\"color:#a31515\">b:DisplayAuthor</span><span style=\"color:blue\">&gt;</span></span></p>\r\n<p>into</p>\r\n<p style=\"line-height:normal;margin:0cm 0cm 0pt\"><span style=\"font-family:'Courier New';color:blue;font-size:10pt\">&lt;</span><span style=\"font-family:'Courier New';color:#a31515;font-size:10pt\">b:DisplayAuthor</span><span style=\"font-family:'Courier New';color:blue;font-size:10pt\">&gt;<br><span style=\"\">&nbsp; </span>&lt;!--</span><span style=\"font-family:'Courier New';color:green;font-size:10pt\"> Begin display tag. </span><span style=\"font-family:'Courier New';color:blue;font-size:10pt\">--&gt;<br><span style=\"\">&nbsp; </span>&lt;</span><span style=\"font-family:'Courier New';color:#2b91af;font-size:10pt\">xsl:value-of</span><span style=\"font-family:'Courier New';color:blue;font-size:10pt\"> </span><span style=\"font-family:'Courier New';color:red;font-size:10pt\">select</span><span style=\"font-family:'Courier New';color:blue;font-size:10pt\">=</span><span style=\"font-family:'Courier New';font-size:10pt\">&quot;<span style=\"color:blue\">b:Tag</span>&quot;<span style=\"color:blue\">/&gt;<br><span style=\"\">&nbsp; </span>&lt;</span><span style=\"color:#2b91af\">xsl:text</span><span style=\"color:blue\">&gt;</span> - <span style=\"color:blue\">&lt;/</span><span style=\"color:#2b91af\">xsl:text</span><span style=\"color:blue\">&gt;<br><span style=\"\">&nbsp; </span>&lt;!--</span><span style=\"color:green\"> End display tag. </span><span style=\"color:blue\">--&gt;<br><span style=\"\">&nbsp; </span>&lt;</span><span style=\"color:#2b91af\">xsl:value-of</span><span style=\"color:blue\"> </span><span style=\"color:red\">select</span><span style=\"color:blue\">=</span>&quot;<span style=\"color:blue\">$displayAuthor</span>&quot;<span style=\"color:blue\">/&gt;<br>&lt;/</span><span style=\"color:#a31515\">b:DisplayAuthor</span><span style=\"color:blue\">&gt;</span></span></p>\r\n<p><span style=\"color:#0000ff;font-size:x-small\"><span style=\"color:#0000ff;font-size:x-small\"><span style=\"color:#000000\">and</span></span></span></p>\r\n<p><span style=\"color:#0000ff;font-size:x-small\"><span style=\"color:#0000ff;font-size:x-small\"></span></span></p>\r\n<p style=\"line-height:normal;margin:0cm 0cm 0pt\"><span style=\"font-family:'Courier New';color:blue;font-size:10pt\">&lt;</span><span style=\"font-family:'Courier New';color:#a31515;font-size:10pt\">b:SortKey</span><span style=\"font-family:'Courier New';color:blue;font-size:10pt\">&gt;<br><span style=\"\">&nbsp; </span>&lt;</span><span style=\"font-family:'Courier New';color:#2b91af;font-size:10pt\">xsl:if</span><span style=\"font-family:'Courier New';color:blue;font-size:10pt\"> </span><span style=\"font-family:'Courier New';color:red;font-size:10pt\">test</span><span style=\"font-family:'Courier New';color:blue;font-size:10pt\">=</span><span style=\"font-family:'Courier New';font-size:10pt\">&quot;<span style=\"color:blue\">string-length($displayAuthor) &gt; 0</span>&quot;<span style=\"color:blue\">&gt;<br><span style=\"\">&nbsp;&nbsp;&nbsp; </span>&lt;</span><span style=\"color:#2b91af\">xsl:value-of</span><span style=\"color:blue\"> </span><span style=\"color:red\">select</span><span style=\"color:blue\">=</span>&quot;<span style=\"color:blue\">$displayAuthor</span>&quot;<span style=\"color:blue\">/&gt;<br><span style=\"\">&nbsp; </span>&lt;/</span><span style=\"color:#2b91af\">xsl:if</span><span style=\"color:blue\">&gt;<br><span style=\"\">&nbsp; </span>&lt;</span><span style=\"color:#2b91af\">xsl:if</span><span style=\"color:blue\"> </span><span style=\"color:red\">test</span><span style=\"color:blue\">=</span>&quot;<span style=\"color:blue\">string-length($displayAuthor) = 0</span>&quot;<span style=\"color:blue\">&gt;<br><span style=\"\">&nbsp;&nbsp;&nbsp; </span>&lt;</span><span style=\"color:#2b91af\">xsl:value-of</span><span style=\"color:blue\"> </span><span style=\"color:red\">select</span><span style=\"color:blue\">=</span>&quot;<span style=\"color:blue\">b:Tag</span>&quot;<span style=\"color:blue\">/&gt;<br><span style=\"\">&nbsp; </span>&lt;/</span><span style=\"color:#2b91af\">xsl:if</span><span style=\"color:blue\">&gt;<br><span style=\"\">&nbsp; </span>&lt;</span><span style=\"color:#2b91af\">xsl:if</span><span style=\"color:blue\"> </span><span style=\"color:red\">test</span><span style=\"color:blue\">=</span>&quot;<span style=\"color:blue\">string-length($displayTitle) &gt; 0 or string-length(b:Year) &gt; 0</span>&quot;<span style=\"color:blue\">&gt;<br><span style=\"\">&nbsp; </span><span style=\"\">&nbsp;&nbsp;</span>&lt;</span><span style=\"color:#2b91af\">xsl:value-of</span><span style=\"color:blue\"> </span><span style=\"color:red\">select</span><span style=\"color:blue\">=</span>&quot;<span style=\"color:blue\">'</span><span style=\"color:red\">&amp;#x0020;</span><span style=\"color:blue\">'</span>&quot;<span style=\"color:blue\">/&gt;<br><span style=\"\">&nbsp; </span><span style=\"\">&nbsp;&nbsp;</span>&lt;</span><span style=\"color:#2b91af\">xsl:value-of</span><span style=\"color:blue\"> </span><span style=\"color:red\">select</span><span style=\"color:blue\">=</span>&quot;<span style=\"color:blue\">$displayTitle</span>&quot;<span style=\"color:blue\">/&gt;<br><span style=\"\">&nbsp; </span><span style=\"\">&nbsp;&nbsp;</span>&lt;</span><span style=\"color:#2b91af\">xsl:if</span><span style=\"color:blue\"> </span><span style=\"color:red\">test</span><span style=\"color:blue\">=</span>&quot;<span style=\"color:blue\">string-length(b:Year) &gt; 0</span>&quot;<span style=\"color:blue\">&gt;<br><span style=\"\">&nbsp; </span><span style=\"\">&nbsp;&nbsp;</span><span style=\"\">&nbsp;&nbsp;</span>&lt;</span><span style=\"color:#2b91af\">xsl:value-of</span><span style=\"color:blue\"> </span><span style=\"color:red\">select</span><span style=\"color:blue\">=</span>&quot;<span style=\"color:blue\">'</span><span style=\"color:red\">&amp;#x0021;</span><span style=\"color:blue\">'</span>&quot;<span style=\"color:blue\">/&gt;<br><span style=\"\">&nbsp; </span><span style=\"\">&nbsp;&nbsp;</span><span style=\"\">&nbsp;&nbsp;</span>&lt;</span><span style=\"color:#2b91af\">xsl:value-of</span><span style=\"color:blue\"> </span><span style=\"color:red\">select</span><span style=\"color:blue\">=</span>&quot;<span style=\"color:blue\">b:Year</span>&quot;<span style=\"color:blue\">/&gt;<br><span style=\"\">&nbsp; </span><span style=\"\">&nbsp;&nbsp;</span>&lt;/</span><span style=\"color:#2b91af\">xsl:if</span><span style=\"color:blue\">&gt;<br><span style=\"\">&nbsp; </span>&lt;/</span><span style=\"color:#2b91af\">xsl:if</span><span style=\"color:blue\">&gt;<br>&lt;/</span><span style=\"color:#a31515\">b:SortKey</span><span style=\"color:blue\">&gt;</span></span></p>\r\n<p><span style=\"color:#0000ff;font-size:x-small\"><span style=\"color:#0000ff;font-size:x-small\"><span style=\"color:#000000\">into</span></span></span></p>\r\n<p style=\"line-height:normal;margin:0cm 0cm 0pt\"><span style=\"font-family:'Courier New';color:blue;font-size:10pt\">&lt;</span><span style=\"font-family:'Courier New';color:#a31515;font-size:10pt\">b:SortKey</span><span style=\"font-family:'Courier New';color:blue;font-size:10pt\">&gt;<br><span style=\"\">&nbsp; </span>&lt;!--</span><span style=\"font-family:'Courier New';color:green;font-size:10pt\"> Begin tag. </span><span style=\"font-family:'Courier New';color:blue;font-size:10pt\">--&gt;<br><span style=\"\">&nbsp; </span>&lt;</span><span style=\"font-family:'Courier New';color:#2b91af;font-size:10pt\">xsl:value-of</span><span style=\"font-family:'Courier New';color:blue;font-size:10pt\"> </span><span style=\"font-family:'Courier New';color:red;font-size:10pt\">select</span><span style=\"font-family:'Courier New';color:blue;font-size:10pt\">=</span><span style=\"font-family:'Courier New';font-size:10pt\">&quot;<span style=\"color:blue\">b:Tag</span>&quot;<span style=\"color:blue\">/&gt;<br><span style=\"\">&nbsp; </span>&lt;!--</span><span style=\"color:green\"> End tag. </span><span style=\"color:blue\">--&gt;<br><span style=\"\">&nbsp; </span>&lt;</span><span style=\"color:#2b91af\">xsl:if</span><span style=\"color:blue\"> </span><span style=\"color:red\">test</span><span style=\"color:blue\">=</span>&quot;<span style=\"color:blue\">string-length($displayAuthor) &gt; 0</span>&quot;<span style=\"color:blue\">&gt;<br><span style=\"\">&nbsp;&nbsp;&nbsp; </span>&lt;</span><span style=\"color:#2b91af\">xsl:value-of</span><span style=\"color:blue\"> </span><span style=\"color:red\">select</span><span style=\"color:blue\">=</span>&quot;<span style=\"color:blue\">$displayAuthor</span>&quot;<span style=\"color:blue\">/&gt;<br><span style=\"\">&nbsp; </span>&lt;/</span><span style=\"color:#2b91af\">xsl:if</span><span style=\"color:blue\">&gt;<br><span style=\"\">&nbsp; </span>&lt;</span><span style=\"color:#2b91af\">xsl:if</span><span style=\"color:blue\"> </span><span style=\"color:red\">test</span><span style=\"color:blue\">=</span>&quot;<span style=\"color:blue\">string-length($displayAuthor) = 0</span>&quot;<span style=\"color:blue\">&gt;<br><span style=\"\">&nbsp;&nbsp;&nbsp; </span>&lt;</span><span style=\"color:#2b91af\">xsl:value-of</span><span style=\"color:blue\"> </span><span style=\"color:red\">select</span><span style=\"color:blue\">=</span>&quot;<span style=\"color:blue\">b:Tag</span>&quot;<span style=\"color:blue\">/&gt;<br><span style=\"\">&nbsp; </span>&lt;/</span><span style=\"color:#2b91af\">xsl:if</span><span style=\"color:blue\">&gt;<br><span style=\"\">&nbsp; </span>&lt;</span><span style=\"color:#2b91af\">xsl:if</span><span style=\"color:blue\"> </span><span style=\"color:red\">test</span><span style=\"color:blue\">=</span>&quot;<span style=\"color:blue\">string-length($displayTitle) &gt; 0 or string-length(b:Year) &gt; 0</span>&quot;<span style=\"color:blue\">&gt;<br><span style=\"\">&nbsp; </span><span style=\"\">&nbsp;&nbsp;</span>&lt;</span><span style=\"color:#2b91af\">xsl:value-of</span><span style=\"color:blue\"> </span><span style=\"color:red\">select</span><span style=\"color:blue\">=</span>&quot;<span style=\"color:blue\">'</span><span style=\"color:red\">&amp;#x0020;</span><span style=\"color:blue\">'</span>&quot;<span style=\"color:blue\">/&gt;<br><span style=\"\">&nbsp; </span><span style=\"\">&nbsp;&nbsp;</span>&lt;</span><span style=\"color:#2b91af\">xsl:value-of</span><span style=\"color:blue\"> </span><span style=\"color:red\">select</span><span style=\"color:blue\">=</span>&quot;<span style=\"color:blue\">$displayTitle</span>&quot;<span style=\"color:blue\">/&gt;<br><span style=\"\">&nbsp; </span><span style=\"\">&nbsp;&nbsp;</span>&lt;</span><span style=\"color:#2b91af\">xsl:if</span><span style=\"color:blue\"> </span><span style=\"color:red\">test</span><span style=\"color:blue\">=</span>&quot;<span style=\"color:blue\">string-length(b:Year) &gt; 0</span>&quot;<span style=\"color:blue\">&gt;<br><span style=\"\">&nbsp; </span><span style=\"\">&nbsp;&nbsp;</span><span style=\"\">&nbsp;&nbsp;</span>&lt;</span><span style=\"color:#2b91af\">xsl:value-of</span><span style=\"color:blue\"> </span><span style=\"color:red\">select</span><span style=\"color:blue\">=</span>&quot;<span style=\"color:blue\">'</span><span style=\"color:red\">&amp;#x0021;</span><span style=\"color:blue\">'</span>&quot;<span style=\"color:blue\">/&gt;<br><span style=\"\">&nbsp; </span><span style=\"\">&nbsp;&nbsp;</span><span style=\"\">&nbsp;&nbsp;</span>&lt;</span><span style=\"color:#2b91af\">xsl:value-of</span><span style=\"color:blue\"> </span><span style=\"color:red\">select</span><span style=\"color:blue\">=</span>&quot;<span style=\"color:blue\">b:Year</span>&quot;<span style=\"color:blue\">/&gt;<br><span style=\"\">&nbsp; </span><span style=\"\">&nbsp;&nbsp;</span>&lt;/</span><span style=\"color:#2b91af\">xsl:if</span><span style=\"color:blue\">&gt;<br><span style=\"\">&nbsp; </span>&lt;/</span><span style=\"color:#2b91af\">xsl:if</span><span style=\"color:blue\">&gt;<br>&lt;/</span><span style=\"color:#a31515\">b:SortKey</span><span style=\"color:blue\">&gt;</span></span><span style=\"color:#0000ff;font-size:x-small\"></span></p>",
    "PostedDate": "2009-05-31T06:14:38.18-07:00",
    "UserRole": null,
    "MarkedAsAnswerDate": null
  },
  {
    "Id": "208436",
    "ThreadId": "41611",
    "Html": "<p>Hi Yves,\r\n<div></div>\r\n<div>Many thanks... it is fabulous! &nbsp;Exactly what I needed!</div>\r\n<div></div>\r\n<div>Much appreciated,</div>\r\n<div>Sarah</div>\r\n</p>",
    "PostedDate": "2009-07-03T15:24:42.733-07:00",
    "UserRole": null,
    "MarkedAsAnswerDate": null
  }
]