[
  {
    "Id": "206454",
    "ThreadId": "60910",
    "Html": "<p>Hi. I have a couple of suggestions:</p>\r\n<p>Acording to ABNT NBR 6023-2002 section 6.3, the bibliography should be left aligned, not justified. That can be changed in the styles box, I know, but if it could be included in the xml would be nice. Also it should use single space between lines and double space between references.</p>\r\n<p>ABNT NBR 10520-2002 section 6.2 says that if you are using the numerical system you should either use superscript or put the numbers between parenthesis. In your style it uses square brakets. Just a small change to the &lt;openbracket&gt; and &lt;closebracket&gt;.</p>\r\n<p>Finally, the rules say that you should use arabic numbers for the reference list, but it does not specify the style. But the only example provided is like this:</p>\r\n<p>1 CRETELLA J&Uacute;NIOR, Jos&eacute;. Do impeachment no direito brasileiro.<br>[S&atilde;o Paulo]: R. dos Tribunais, 1992. P. 107.</p>\r\n<p>2 BOLETIM ESTAT&Iacute;STICO [da] Rede Ferrovi&aacute;ria Federal. Rio de<br>Janeiro, 1965. p. 20.</p>\r\n<p>It is just the number and a space. No dot. Again just a change to &lt;format&gt;%RefOrder%.&lt;/format&gt;. It is also all left aligned. The second line is all the way to the left.</p>\r\n<p>Like this:</p>\r\n<p>1 CRETELLA J&Uacute;NIOR, Jos&eacute;. Do impeachment no direito brasileiro.<br>[S&atilde;o Paulo]: R. dos Tribunais, 1992. P. 107.</p>\r\n<p>And not like this:</p>\r\n<p>1 CRETELLA J&Uacute;NIOR, Jos&eacute;. Do impeachment no direito brasileiro.<br>&nbsp; &nbsp;[S&atilde;o Paulo]: R. dos Tribunais, 1992. P. 107.</p>\r\n<p>But this last suggestion is based only on the example provided. The text itself says nothing about how the numbers should be formated.</p>\r\n<p>I could send you these ABNT documents if you want. They are in Portuguese, so I could help translating some parts.</p>\r\n<p>&nbsp;</p>\r\n<p>Hope I could help. Thank you for your great work.</p>",
    "PostedDate": "2009-06-28T21:31:15.227-07:00",
    "UserRole": null,
    "MarkedAsAnswerDate": null
  },
  {
    "Id": "206726",
    "ThreadId": "60910",
    "Html": "<p>Hi,</p>\r\n<p>Thanks for the feedback. I don't speak Portugese but I do have the original document and a translation.</p>\r\n<p style=\"padding-left:30px\"><strong>Quote:<br></strong>Acording to ABNT NBR 6023-2002 section 6.3, the bibliography should be left aligned, not justified. That can be changed in the styles box, I know, but if it could be included in the xml would be nice. Also it should use single space between lines and double space between references.</p>\r\n<p>Although&nbsp;it is possible to directly implement this in the XSLT, this would violate expected style behaviour in Word and I therefore will not do it. People developing a template for ABNT style papers in Word should ensure that the &quot;Bibliography&quot; style has the correct format just like they should do for the style used to display the title for example.</p>\r\n<p style=\"padding-left:30px\"><strong>Quote:<br></strong>ABNT NBR 10520-2002 section 6.2 says that if you are using the numerical system you should either use superscript or put the numbers between parenthesis. In your style it uses square brakets. Just a small change to the &lt;openbracket&gt; and &lt;closebracket&gt;.</p>\r\n<p>According to the document I have, 6.2 only refers to examples in 7 and 8. So I'm not sure where you get that information regarding the use of round parenthesis instead of square brackets.&nbsp;I will provide a version with parenthesis instead of square brackets on the site though (might take me a day or two because of the other changes).</p>\r\n<p style=\"padding-left:30px\"><strong>Quote:</strong><br>It is just the number and a space. No dot. Again just a change to &lt;format&gt;%RefOrder%.&lt;/format&gt;. It is also all left aligned.</p>\r\n<p>I get the feeling that there is no clear definition of how to format a bibliography when reference numbers are used. For example, <a href=\"http://www.leffa.pro.br/textos/abnt.htm\">http://www.leffa.pro.br/textos/abnt.htm</a>&nbsp;contains contradicting examples on the same page:</p>\r\n<ol>\r\n<li>&nbsp;<ol>\r\n<li><span style=\"font-family:Arial;color:#400040;font-size:10pt\">ASSOCIA&Ccedil;&Atilde;O BRASILEIRA DE NORMAS T&Eacute;CNICAS. <strong>NBR 6023: </strong>Informa&ccedil;&atilde;o e Documenta&ccedil;&atilde;o - Refer&ecirc;ncias - Elabora&ccedil;&atilde;o. Rio de Janeiro: ABNT, 2000.</span> </li>\r\n<li><strong><span style=\"font-family:Arial;color:#400040;font-size:10pt\">C&Oacute;DIGO de cataloga&ccedil;&atilde;o Anglo-Americano</span></strong><span style=\"font-family:Arial;color:#400040;font-size:10pt\">. Bras&iacute;lia: Edi&ccedil;&atilde;o dos tradutores, 1969.</span> </li>\r\n<li><span style=\"font-family:Arial;color:#400040;font-size:10pt\">DUPAS, Maria Ang&eacute;lica.<strong> Pesquisando e normalizando</strong>: no&ccedil;&otilde;es b&aacute;sicas e recomenda&ccedil;&otilde;es &uacute;teis para elabora&ccedil;&atilde;o de trabalhos cient&iacute;ficos. S&atilde;o Carlos: UFSCAR, 1997. 78 p.</span> </li>\r\n<li><span style=\"font-family:Arial;color:#400040;font-size:10pt\">ENCONTRO Nacional de normaliza&ccedil;&atilde;o de trabalhos t&eacute;cnicos, cient&iacute;ficos e culturais. Niter&oacute;i, 1989. <strong>Manual de normaliza&ccedil;&atilde;o, </strong>Niter&oacute;i: <span>UFF/NDC</span>, 1992. 300 p.</span> </li>\r\n<li><span style=\"font-family:Arial;color:#400040;font-size:10pt\">FERREIRA, Sueli Mara <span>S.P.</span> ; KROEFF, M&aacute;rcia. <strong>Refer&ecirc;ncias bibliogr&aacute;ficas de documentos eletr&ocirc;nicos. </strong>S&atilde;o Paulo: APB, 1996. 2 v. (Ensaios APB, n. 35-36).</span> </li>\r\n<li><span style=\"font-family:Arial;color:#400040;font-size:10pt\">FRAN&Ccedil;A, <span>J&uacute;nia</span> Lessa. <strong>Manual para normaliza&ccedil;&atilde;o de publica&ccedil;&otilde;es t&eacute;cnico-cient&iacute;ficas.</strong>&nbsp; Belo Horizonte: UFMG, 1990, 168 p. (Cole&ccedil;&atilde;o Aprender).</span> </li>\r\n<li><span style=\"font-family:Arial;color:#400040;font-size:10pt\" lang=ES-TRAD>KRAEMER, <span>L&iacute;gia</span> <span>Leindorf</span> <span>Bartz</span> et al. </span><strong><span style=\"font-family:Arial;color:#400040;font-size:10pt\">Refer&ecirc;ncias bibliogr&aacute;ficas de informa&ccedil;&otilde;es e documentos eletr&ocirc;nicos: </span></strong><span style=\"font-family:Arial;color:#400040;font-size:10pt\">uma contribui&ccedil;&atilde;o para a pr&aacute;tica. Curitiba: [S.n.], 1996.</span> </li>\r\n<li><span style=\"font-family:Arial;color:#400040;font-size:10pt\">PUCCAMP. Faculdade de Biblioteconomia. <strong>Refer&ecirc;ncias bibliogr&aacute;ficas: </strong><span>disque-biblio</span>. Campinas, 1997. 15 p.</span> </li>\r\n<li><span style=\"font-family:Arial;color:#400040;font-size:10pt\">SAVI, Maria <span>Gorete</span> M<strong>. Refer&ecirc;ncias e cita&ccedil;&otilde;es bibliogr&aacute;ficas segundo a ABNT</strong>. Florian&oacute;polis, 1994. Transpar&ecirc;ncias.</span> </li>\r\n<li><span style=\"font-family:Arial;color:#400040;font-size:10pt\">UNIVERSIDADE FEDERAL DO PARAN&Aacute;.&nbsp;&nbsp; Biblioteca Central. <strong>Normas para apresenta&ccedil;&otilde;es de trabalhos: </strong>refer&ecirc;ncias bibliogr&aacute;ficas. 6. ed. Curitiba, 1996. v. 6.</span></li>\r\n</ol></li>\r\n</ol>\r\n<p>AND</p>\r\n<p style=\"padding-left:30px\"><span style=\"font-family:Verdana;font-size:10pt\">6 LAKATOS, Eva Maria; MARCONI, Marina de Andrade. <strong>Fundamentos de metodologia cient&iacute;fica</strong>. 3. ed. rev. S&atilde;o Paulo: Atlas, 1991.</span></p>\r\n<p style=\"padding-left:30px\"><span style=\"font-family:Verdana;font-size:10pt\">7 MARCONI, Marina de Andrade; LAKATOS, Eva Maria. <strong>Metodologia do trabalho cient&iacute;fico</strong>: procedimentos b&aacute;sicos; pesquisa bibliogr&aacute;fica, projeto e relat&oacute;rio; publica&ccedil;&otilde;es e trabalhos cient&iacute;ficos. 5. ed. S&atilde;o Paulo: Atlas, 2001.</span></p>\r\n<p style=\"padding-left:30px\"><span style=\"font-family:Verdana;font-size:10pt\">8 PEROTA, Maria Luiza Loures Rocha et al. <strong>Refer&ecirc;ncias bibliogr&aacute;ficas</strong> <strong>NBR 6023</strong>: notas explicativas. 3. ed. Niter&oacute;i: EDUFF, 1997.</span></p>\r\n<p style=\"padding-left:30px\"><strong>Quote:</strong><br>The second line is all the way to the left.</p>\r\n<p>According to the last sentence of&nbsp;6.3 it isn't. The first letter of the second line&nbsp;should be at the same position as the first letter of the first word on the first line (and thus not at the same position of the reference number). Hence, in case reference numbers are used, the&nbsp;second line should not start under the number but rather a bit more to the right. This would imply that the second set of examples above is incorrect. So only the first set&nbsp;might then be correct.</p>\r\n<p>However, the extra style I will add will&nbsp;support the second format next to the parenthesis.</p>",
    "PostedDate": "2009-06-29T12:08:54.917-07:00",
    "UserRole": null,
    "MarkedAsAnswerDate": null
  },
  {
    "Id": "208712",
    "ThreadId": "60910",
    "Html": "<p>I uploaded a second version of the numerical style to <a href=\"http://bibword.codeplex.com/Release/ProjectReleases.aspx?ReleaseId=27212\">http://bibword.codeplex.com/Release/ProjectReleases.aspx?ReleaseId=27212</a></p>",
    "PostedDate": "2009-07-05T13:13:21.05-07:00",
    "UserRole": null,
    "MarkedAsAnswerDate": null
  }
]