[
  {
    "Id": "1496800",
    "ThreadId": "663118",
    "Html": "hello, thanks for the vancouver style citation. I am facing a problem with display of bibliography at the end of document. even though I type the initials and surnames of authors in citation manager, in display in bibliography, only the first authors full surname is displayed. \r<br />\n<br />\neg\r<br />\n<br />\nMelmed S CFHAKDMVJAea. Diagnosis and Treatment of Hyperprolactinemia: An Endocrine Society Clinical Practice Guideline. J Clin Endocrinol Metab. 2011 Feb; 96(2): p. 273-288.\r<br />\n<br />\n<br />\nwhat it should be\r<br />\n<br />\nMelmed S, Casanueva FF, Hoffman AR, Kleinberg DL, Montori VM, Schlechte JA, Wass JA; Diagnosis and treatment of hyperprolactinemia: an Endocrine Society clinical practice guideline\r<br />\nJ Clin Endocrinol Metab. 2011 Feb;96(2):273-88<br />\n",
    "PostedDate": "2017-05-29T09:40:43.103-07:00",
    "UserRole": null,
    "MarkedAsAnswerDate": null
  }
]