[
  {
    "Id": "471080",
    "ThreadId": "220763",
    "Html": "<p>Thanks for creating the IEEE bib style.</p>\r\n<p>I can't figure out how to augment the Style to widen the first column of the bib table. I know that I can resize that column manually after each update, but my authors don't realize that and they keep reporting this as a bug.</p>\r\n<p>If I can change the source code so that it creates a wider first column, that would be great. Thanks.</p>",
    "PostedDate": "2010-07-22T08:32:24.5-07:00",
    "UserRole": null,
    "MarkedAsAnswerDate": null
  },
  {
    "Id": "472341",
    "ThreadId": "220763",
    "Html": "<p>I tried this in the past by using a white-space nowrap setting, but Word ignores that when it imports HTML tables.</p>\r\n<p>The only alternative is to hardcode the column width. But you only want to do that if you control all the parameters. For example, the width of the column is different if there are less than, more than 10 but less than 100, or more than 100 sources in your bibliography. Also, if you use a lettertype of 10, and someone else would use a lettertype of 14, the width of the column would need to be different.</p>\r\n<p>If you really want to go the hardcoding way, look for the following line:</p>\r\n<div style=\"color:black;background-color:white\">\r\n<pre><span style=\"color:blue\">&lt;</span><span style=\"color:#a31515\">td</span> <span style=\"color:red\">align</span><span style=\"color:blue\">=</span><span style=\"color:black\">&quot;</span><span style=\"color:blue\">{$params/bibliography/source[@type = $type]/column[@id = $columnId]/halign}</span><span style=\"color:black\">&quot;</span> <span style=\"color:red\">valign</span><span style=\"color:blue\">=</span><span style=\"color:black\">&quot;</span><span style=\"color:blue\">{$params/bibliography/source[@type = $type]/column[@id = $columnId]/valign}</span><span style=\"color:black\">&quot;</span><span style=\"color:blue\">&gt;</span>\r\n</pre>\r\n</div>\r\n<p>This sets the properties for the columns, what you can do is define an extra style element in the input and&nbsp;use that.&nbsp;Your input could then look like:</p>\r\n<div style=\"color:black;background-color:white\">\r\n<pre><span style=\"color:blue\">&lt;</span><span style=\"color:#a31515\">column</span> <span style=\"color:red\">id</span><span style=\"color:blue\">=</span><span style=\"color:black\">&quot;</span><span style=\"color:blue\">1</span><span style=\"color:black\">&quot;</span><span style=\"color:blue\">&gt;</span>\r\n  <span style=\"color:blue\">&lt;</span><span style=\"color:#a31515\">halign</span><span style=\"color:blue\">&gt;</span>right<span style=\"color:blue\">&lt;/</span><span style=\"color:#a31515\">halign</span><span style=\"color:blue\">&gt;</span>\r\n  <span style=\"color:blue\">&lt;</span><span style=\"color:#a31515\">valign</span><span style=\"color:blue\">&gt;</span>top<span style=\"color:blue\">&lt;/</span><span style=\"color:#a31515\">valign</span><span style=\"color:blue\">&gt;</span>\r\n  <strong><span style=\"color:blue\">&lt;</span><span style=\"color:#a31515\">style</span><span style=\"color:blue\">&gt;</span>width:50px<span style=\"color:blue\">&lt;/</span><span style=\"color:#a31515\">style</span><span style=\"color:blue\">&gt;</span>\r\n</strong>  <span style=\"color:blue\">&lt;</span><span style=\"color:#a31515\">format</span><span style=\"color:blue\">&gt;</span>{[xx]}<span style=\"color:blue\">&lt;/</span><span style=\"color:#a31515\">format</span><span style=\"color:blue\">&gt;</span>\r\n <span style=\"color:blue\">&lt;/</span><span style=\"color:#a31515\">column</span><span style=\"color:blue\">&gt;</span>\r\n <span style=\"color:blue\">&lt;</span><span style=\"color:#a31515\">column</span> <span style=\"color:red\">id</span><span style=\"color:blue\">=</span><span style=\"color:black\">&quot;</span><span style=\"color:blue\">2</span><span style=\"color:black\">&quot;</span><span style=\"color:blue\">&gt;</span>\r\n   <span style=\"color:blue\">&lt;</span><span style=\"color:#a31515\">halign</span><span style=\"color:blue\">&gt;</span>left<span style=\"color:blue\">&lt;/</span><span style=\"color:#a31515\">halign</span><span style=\"color:blue\">&gt;</span>\r\n   <span style=\"color:blue\">&lt;</span><span style=\"color:#a31515\">valign</span><span style=\"color:blue\">&gt;</span>top<span style=\"color:blue\">&lt;/</span><span style=\"color:#a31515\">valign</span><span style=\"color:blue\">&gt;</span>\r\n   <span style=\"color:blue\">&lt;</span><span style=\"color:#a31515\">format</span><span style=\"color:blue\">&gt;</span>{[%Tag%]}<span style=\"color:blue\">&lt;/</span><span style=\"color:#a31515\">format</span><span style=\"color:blue\">&gt;</span>\r\n<span style=\"color:blue\">&lt;/</span><span style=\"color:#a31515\">column</span><span style=\"color:blue\">&gt;</span>\r\n</pre>\r\n</div>\r\n<p>And your code could be something like</p>\r\n<div style=\"color:black;background-color:white\">\r\n<pre><span style=\"color:blue\">&lt;</span><span style=\"color:#a31515\">td</span> <span style=\"color:red\">align</span><span style=\"color:blue\">=</span><span style=\"color:black\">&quot;</span><span style=\"color:blue\">{$params/bibliography/source[@type = $type]/column[@id = $columnId]/halign}</span><span style=\"color:black\">&quot;</span> <span style=\"color:red\">valign</span><span style=\"color:blue\">=</span><span style=\"color:black\">&quot;</span><span style=\"color:blue\">{$params/bibliography/source[@type = $type]/column[@id = $columnId]/valign}&quot;&nbsp;<span style=\"color:red\">style</span>=&quot;{$params/bibliography/source[@type = $type]/column[@id = $columnId]/style}</span><span style=\"color:black\">&quot;</span><span style=\"color:blue\">&gt;</span>\r\n\r\n</pre>\r\n</div>",
    "PostedDate": "2010-07-25T08:33:05.75-07:00",
    "UserRole": null,
    "MarkedAsAnswerDate": null
  }
]