[
  {
    "Id": "163965",
    "ThreadId": "49083",
    "Html": "Hello, <br>\r\n<br>\r\nI would like to modify the ISO 690 style for my college requirements. I need the citations to look like: <br>\r\n<br>\r\n(Author Year p. xx) <br>\r\n<br>\r\nInstead of: <br>\r\n<br>\r\n(Author, Year, p. xx) <br>\r\n<br>\r\nCan you tell me how to make this modification? <br>\r\n<br>\r\n<br>\r\n",
    "PostedDate": "2009-03-03T10:15:47.02-08:00",
    "UserRole": null,
    "MarkedAsAnswerDate": null
  },
  {
    "Id": "164092",
    "ThreadId": "49083",
    "Html": "I'm guessing you mean the opposite as by default no comma is displayed.<br>\r\n<br>\r\nIn ISO690.xsl, the decision on how to display page numbers is done in the code section starting with:<br>\r\n<br>\r\n<span style=\"font-size:10pt;color:#0000ff;font-family:'courier new'\">&lt;</span><span style=\"font-size:10pt;color:#2b91af;font-family:'courier new'\">xsl:if</span> <span style=\"font-size:10pt;color:#ff0000;font-family:'courier new'\">test</span><span style=\"font-size:10pt;color:#0000ff;font-family:'courier new'\">=</span><span style=\"font-size:10pt;font-family:'courier new'\">&quot;<span style=\"color:#0000ff\">string-length($volume) &gt; 0 or string-length($pages) &gt; 0</span>&quot;<span style=\"color:#0000ff\">&gt;</span></span><br>\r\n<br>\r\nThe first few lines of the section force a space to be displayed if name, title or year is available:<br>\r\n<br>\r\n<p style=\"margin:0cm 0cm 0pt;line-height:normal\"><span style=\"font-size:10pt;color:#0000ff;font-family:'courier new'\">&lt;</span><span style=\"font-size:10pt;color:#2b91af;font-family:'courier new'\">xsl:if</span> <span style=\"font-size:10pt;color:#ff0000;font-family:'courier new'\">test</span><span style=\"font-size:10pt;color:#0000ff;font-family:'courier new'\">=</span><span style=\"font-size:10pt;font-family:'courier new'\">&quot;<span style=\"color:#0000ff\">string-length($displayAuthor) &gt; 0 or string-length($displayTitle) &gt; 0 or string-length($year) &gt; 0</span>&quot;<span style=\"color:#0000ff\">&gt;<br>\r\n  &lt;</span><span style=\"color:#2b91af\">xsl:call-template</span> <span style=\"color:#ff0000\">name</span><span style=\"color:#0000ff\">=</span>&quot;<span style=\"color:#0000ff\">templ_prop_Space</span>&quot;<span style=\"color:#0000ff\">/&gt;<br>\r\n&lt;/</span><span style=\"color:#2b91af\">xsl:if</span><span style=\"color:#0000ff\">&gt;</span></span></p>\r\n<br>\r\nYou can add your comma here.<br>\r\n<br>\r\n<p style=\"margin:0cm 0cm 0pt;line-height:normal\"><span style=\"font-size:10pt;color:#0000ff;font-family:'courier new'\">\r\n<p style=\"margin:0cm 0cm 0pt;line-height:normal\"><span style=\"font-size:10pt;color:#0000ff;font-family:'courier new'\">&lt;</span><span style=\"font-size:10pt;color:#2b91af;font-family:'courier new'\">xsl:if</span> <span style=\"font-size:10pt;color:#ff0000;font-family:'courier new'\">test</span><span style=\"font-size:10pt;color:#0000ff;font-family:'courier new'\">=</span><span style=\"font-size:10pt;font-family:'courier new'\">&quot;<span style=\"color:#0000ff\">string-length($displayAuthor) &gt; 0 or string-length($displayTitle) &gt; 0 or string-length($year) &gt; 0</span>&quot;<span style=\"color:#0000ff\">&gt;<br>\r\n  &lt;</span><span style=\"color:#2b91af\">xsl:text</span><span style=\"color:#0000ff\">&gt;</span>,<span style=\"color:#0000ff\">&lt;/</span><span style=\"color:#2b91af\">xsl:text</span><span style=\"color:#0000ff\">&gt;<br>\r\n  &lt;</span><span style=\"color:#2b91af\">xsl:call-template</span> <span style=\"color:#ff0000\">name</span><span style=\"color:#0000ff\">=</span>&quot;<span style=\"color:#0000ff\">templ_prop_Space</span>&quot;<span style=\"color:#0000ff\">/&gt;<br>\r\n&lt;/</span><span style=\"color:#2b91af\">xsl:if</span><span style=\"color:#0000ff\">&gt;</span>\r\n<p style=\"margin:0cm 0cm 0pt;line-height:normal\"><span style=\"font-size:10pt;font-family:'courier new'\"></span></p>\r\n</span></p>\r\n<p>&nbsp;</p>\r\n</span></p>\r\n<p>&nbsp;</p>\r\n<br>\r\nThat should do the trick.<br>\r\n",
    "PostedDate": "2009-03-03T14:43:01.3-08:00",
    "UserRole": null,
    "MarkedAsAnswerDate": null
  }
]