[
  {
    "Id": "1091345",
    "ThreadId": "456582",
    "Html": "I've just started using a BibWord stylesheet in a document that uses footnote references.\r<br />\nThe citations will insert into a footnote, but in Word 2010 the field switches are not available in the footnote citations as they normally are in running text citations.\r<br />\nWhen right clicking in the citation field in a footnote citation, the usual 'Edit Field' option doesn't show.\r<br />\nAnyone got any advice on how to use field switches in a footnote citation?<br />\n",
    "PostedDate": "2013-09-11T11:00:43.73-07:00",
    "UserRole": null,
    "MarkedAsAnswerDate": null
  }
]