[
  {
    "Id": "432387",
    "ThreadId": "209695",
    "Html": "<p>Hi all,<br>Firstly, many thanks for this fantastically helpful open source project. I am a a PhD student in the social sciences&nbsp;and am extremely grateful for the BibWord citation styles, especially 'Harvard Exeter', which most closely approximates the referencing requirements of the three UK universities I have studied at. I would just like to draw attention to a couple of minor problems. If these have already been raised or are not resolvable, please excuse my ignorance, this is the first time I have visited the site since I downloaded the styles last October, and I am far from au fait with the technical jargon used in the discussion pages.<br><br>1. When citing a chapter in an edited volume, where there is more than one editor, the text in the bibliography should read '(eds.)' (plural) but instead appears as '(ed.)' (singular).<br>2. When citing a website, the date appears with no spaces, so that 29 March appears as '29March'. I have been adding a space after the '29' in the date field, which corrects this issue in individual cases, but obviously it would be nice if this were globally updated.<br>3. As far as I can tell, from the three institutions I have attended for my BA, MA and PhD - all of which claim to use a generic 'Harvard' referencing format - it is also the norm that the square brackets containing the date a website&nbsp;was accessed in the bibliography should include 'accessed', so that instead of simply '[29 March 2010]', it should be '[Accessed 29 March 2010]'.<br><br>Once again, I am very much indebted to you for your time and effort in producing these Word citation styles, and my comments should not be seen as criticism but rather as suggestions for future development. Presumably the name 'Harvard Exeter' indicates that this particular form of Harvard referencing is taken from a model used by Exeter University. If this is the case, and the changes I have suggested are not in keeping with the Exeter referencing requirements, these are nonetheless the preferred formats at the University of East London, London Metropolitan University and the University of Reading, and might therefore be of use in constructing a more general 'UK Harvard' style.</p>\r\n<p>Best regards,<br>Ben</p>",
    "PostedDate": "2010-04-18T03:09:12.027-07:00",
    "UserRole": null,
    "MarkedAsAnswerDate": null
  },
  {
    "Id": "432390",
    "ThreadId": "209695",
    "Html": "<p>Just remembered (as I returned to my document to carry on working :) ), one last issue - when multiple citations are given for a single sentence/paragraph, there is no space between the semi-colon and the next citation, so that it might appear as '(Bhaskar, 1978;Callinicos, 2006)', when it should be '(Bhaskar 1978; Callinicos, 2006)'. For me, this is actually the most serious problem as fixing it on an ad hoc basis requires the conversion of citations into plain text, and therefore removes them from the automatic update system etc.<br>Thanks,<br>Ben</p>",
    "PostedDate": "2010-04-18T03:32:13.793-07:00",
    "UserRole": null,
    "MarkedAsAnswerDate": null
  },
  {
    "Id": "432398",
    "ThreadId": "209695",
    "Html": "<p>The Harvard-Exeter style is an implementation of <a href=\"http://education.exeter.ac.uk/dll/studyskills/harvard_referencing.htm\">http://education.exeter.ac.uk/dll/studyskills/harvard_referencing.htm</a></p>\r\n<p>Regarding your issues:</p>\r\n<p>1. According to the above page, you should not be using &quot;(eds.)&quot;. Just look for the following example on the page:</p>\r\n<div style=\"color:black;background-color:white\">\r\n<pre>Byrne, J. (1995) &lsquo;Disabilities in tertiary education&rsquo;, in Rowan, L. and McNamee, J. (ed.) Voices of a Margin, Rockhampton: CQU Press.</pre>\r\n</div>\r\n<p>Note that if you want to change this, you could easily do so by adding an &quot;s&quot; in the following line:</p>\r\n<div style=\"color:black;background-color:white\">\r\n<pre><span style=\"color:blue\">&lt;</span><span style=\"color:#a31515\">multi_suffix</span><span style=\"color:blue\">&gt;</span> (ed.)<span style=\"color:blue\">&lt;/</span><span style=\"color:#a31515\">multi_suffix</span><span style=\"color:blue\">&gt;</span>\r\n</pre>\r\n</div>\r\n<p>2. This is indeed a bug and will be fixed today.</p>\r\n<p>3. According to the above page, &quot;Accessed&quot; should not be added. There are several examples on the above mentioned page:</p>\r\n<div style=\"color:black;background-color:white\">\r\n<pre>Young, C. (2001) English Heritage position statement on the Valletta Convention, [Online], Available: http://www.archaeol.freeuk.com/EHPostionStatement.htm [24 Aug 2001].\r\n</pre>\r\n</div>\r\n<p>Of course, you are free to change that yourself. Just look for</p>\r\n<div style=\"color:black;background-color:white\">\r\n<pre>{ [{{%DayAccessed% }%MonthAccessed:s% }%YearAccessed%]}\r\n</pre>\r\n</div>\r\n<p>And add &quot;Accessed &quot; after the &quot;[&quot;.</p>\r\n<p>4. This is indeed a bug and will be fixed today.</p>",
    "PostedDate": "2010-04-18T04:50:58.723-07:00",
    "UserRole": null,
    "MarkedAsAnswerDate": null
  },
  {
    "Id": "441039",
    "ThreadId": "209695",
    "Html": "Hi, \r\nI've had difficulties with the missing space as mentioned by benwitham in his second post.\r\nI downloaded the citation styles right after this post, but still encounter the problem, so I guess\r\nthe changes haven't been made yet. Is there any way to edit the citation style to add that space \r\nthere by myself? What would I need to change to get it right?\r\nI've made a few adaptations to the style to match my university's requirements and would hate\r\nto lose those....\r\nThanks a lot!",
    "PostedDate": "2010-05-10T05:16:04.99-07:00",
    "UserRole": null,
    "MarkedAsAnswerDate": null
  },
  {
    "Id": "441141",
    "ThreadId": "209695",
    "Html": "<p>No, that was fixed on April, 18th. If it isn't in your copy, you must be using an older version.</p>\r\n<p>Anyway, in your style look for</p>\r\n<div style=\"color:black;background-color:white\">\r\n<pre><span style=\"color:blue\">&lt;</span><span style=\"color:#a31515\">separator</span><span style=\"color:blue\">&gt;</span>\r\n</pre>\r\n</div>\r\n<p>t<span id=\"_mce_start\" style=\"line-height:0;display:none\">﻿</span>he value <span id=\"_mce_start\" style=\"line-height:0;display:none\">﻿</span><span id=\"_mce_start\" style=\"line-height:0;display:none\">﻿</span>f<span id=\"_mce_start\" style=\"line-height:0;display:none\">﻿</span>o<span id=\"_mce_start\" style=\"line-height:0;display:none\">﻿</span>l<span id=\"_mce_start\" style=\"line-height:0;display:none\">﻿</span>l<span id=\"_mce_start\" style=\"line-height:0;display:none\">﻿</span>o<span id=\"_mce_start\" style=\"line-height:0;display:none\">﻿</span>w<span id=\"_mce_start\" style=\"line-height:0;display:none\">﻿</span>i<span id=\"_mce_start\" style=\"line-height:0;display:none\">﻿</span>n<span id=\"_mce_start\" style=\"line-height:0;display:none\">﻿</span>g<span id=\"_mce_start\" style=\"line-height:0;display:none\">﻿</span> <span id=\"_mce_start\" style=\"line-height:0;display:none\">﻿</span>i<span id=\"_mce_start\" style=\"line-height:0;display:none\">﻿</span>t<span id=\"_mce_start\" style=\"line-height:0;display:none\">﻿</span>,<span id=\"_mce_start\" style=\"line-height:0;display:none\">﻿</span> <span id=\"_mce_start\" style=\"line-height:0;display:none\">﻿</span>i<span id=\"_mce_start\" style=\"line-height:0;display:none\">﻿</span>s<span id=\"_mce_start\" style=\"line-height:0;display:none\">﻿</span> <span id=\"_mce_start\" style=\"line-height:0;display:none\">﻿</span>t<span id=\"_mce_start\" style=\"line-height:0;display:none\">﻿</span>h<span id=\"_mce_start\" style=\"line-height:0;display:none\">﻿</span>e<span id=\"_mce_start\" style=\"line-height:0;display:none\">﻿</span> <span id=\"_mce_start\" style=\"line-height:0;display:none\">﻿</span>s<span id=\"_mce_start\" style=\"line-height:0;display:none\">﻿</span>e<span id=\"_mce_start\" style=\"line-height:0;display:none\">﻿</span>p<span id=\"_mce_start\" style=\"line-height:0;display:none\">﻿</span>a<span id=\"_mce_start\" style=\"line-height:0;display:none\">﻿</span>r<span id=\"_mce_start\" style=\"line-height:0;display:none\">﻿</span>a<span id=\"_mce_start\" style=\"line-height:0;display:none\">﻿</span>t<span id=\"_mce_start\" style=\"line-height:0;display:none\">﻿</span>o<span id=\"_mce_start\" style=\"line-height:0;display:none\">﻿</span>r<span id=\"_mce_start\" style=\"line-height:0;display:none\">﻿</span> <span id=\"_mce_start\" style=\"line-height:0;display:none\">﻿</span>b<span id=\"_mce_start\" style=\"line-height:0;display:none\">﻿</span>e<span id=\"_mce_start\" style=\"line-height:0;display:none\">﻿</span>t<span id=\"_mce_start\" style=\"line-height:0;display:none\">﻿</span>w<span id=\"_mce_start\" style=\"line-height:0;display:none\">﻿</span>e<span id=\"_mce_start\" style=\"line-height:0;display:none\">﻿</span>e<span id=\"_mce_start\" style=\"line-height:0;display:none\">﻿</span>n<span id=\"_mce_start\" style=\"line-height:0;display:none\">﻿</span> <span id=\"_mce_start\" style=\"line-height:0;display:none\">﻿</span>i<span id=\"_mce_start\" style=\"line-height:0;display:none\">﻿</span>n<span id=\"_mce_start\" style=\"line-height:0;display:none\">﻿</span>-<span id=\"_mce_start\" style=\"line-height:0;display:none\">﻿</span>t<span id=\"_mce_start\" style=\"line-height:0;display:none\">﻿</span>e<span id=\"_mce_start\" style=\"line-height:0;display:none\">﻿</span>x<span id=\"_mce_start\" style=\"line-height:0;display:none\">﻿</span>t<span id=\"_mce_start\" style=\"line-height:0;display:none\">﻿</span> <span id=\"_mce_start\" style=\"line-height:0;display:none\">﻿</span>c<span id=\"_mce_start\" style=\"line-height:0;display:none\">﻿</span>i<span id=\"_mce_start\" style=\"line-height:0;display:none\">﻿</span>t<span id=\"_mce_start\" style=\"line-height:0;display:none\">﻿</span>a<span id=\"_mce_start\" style=\"line-height:0;display:none\">﻿</span>t<span id=\"_mce_start\" style=\"line-height:0;display:none\">﻿</span>i<span id=\"_mce_start\" style=\"line-height:0;display:none\">﻿</span>o<span id=\"_mce_start\" style=\"line-height:0;display:none\">﻿</span>n<span id=\"_mce_start\" style=\"line-height:0;display:none\">﻿</span>s<span id=\"_mce_start\" style=\"line-height:0;display:none\">﻿<span id=\"_mce_start\" style=\"line-height:0;display:none\">﻿<span id=\"_mce_start\" style=\"line-height:0;display:none\">﻿<span id=\"_mce_start\" style=\"line-height:0;display:none\">﻿<span id=\"_mce_start\" style=\"line-height:0;display:none\">﻿<span id=\"_mce_start\" style=\"line-height:0;display:none\">﻿<span id=\"_mce_start\" style=\"line-height:0;display:none\">﻿<span id=\"_mce_start\" style=\"line-height:0;display:none\">﻿<span id=\"_mce_start\" style=\"line-height:0;display:none\">﻿<span id=\"_mce_start\" style=\"line-height:0;display:none\">﻿<span id=\"_mce_start\" style=\"line-height:0;display:none\">﻿<span id=\"_mce_start\" style=\"line-height:0;display:none\">﻿<span id=\"_mce_start\" style=\"line-height:0;display:none\">﻿<span id=\"_mce_start\" style=\"line-height:0;display:none\">﻿<span id=\"_mce_start\" style=\"line-height:0;display:none\">﻿<span id=\"_mce_start\" style=\"line-height:0;display:none\">﻿<span id=\"_mce_start\" style=\"line-height:0;display:none\">﻿<span id=\"_mce_start\" style=\"line-height:0;display:none\">﻿<span id=\"_mce_start\" style=\"line-height:0;display:none\">﻿</span><span id=\"_mce_start\" style=\"line-height:0;display:none\">﻿</span>.<span id=\"_mce_start\" style=\"line-height:0;display:none\">﻿</span> <span id=\"_mce_start\" style=\"line-height:0;display:none\">﻿</span>I<span id=\"_mce_start\" style=\"line-height:0;display:none\">﻿</span>t<span id=\"_mce_start\" style=\"line-height:0;display:none\">﻿</span> <span id=\"_mce_start\" style=\"line-height:0;display:none\">﻿</span>c<span id=\"_mce_start\" style=\"line-height:0;display:none\">﻿</span>u<span id=\"_mce_start\" style=\"line-height:0;display:none\">﻿</span>r<span id=\"_mce_start\" style=\"line-height:0;display:none\">﻿</span>r<span id=\"_mce_start\" style=\"line-height:0;display:none\">﻿</span>e<span id=\"_mce_start\" style=\"line-height:0;display:none\">﻿</span>n<span id=\"_mce_start\" style=\"line-height:0;display:none\">﻿</span>t<span id=\"_mce_start\" style=\"line-height:0;display:none\">﻿</span>l<span id=\"_mce_start\" style=\"line-height:0;display:none\">﻿</span>y<span id=\"_mce_start\" style=\"line-height:0;display:none\">﻿</span> <span id=\"_mce_start\" style=\"line-height:0;display:none\">﻿</span>i<span id=\"_mce_start\" style=\"line-height:0;display:none\">﻿</span>s<span id=\"_mce_start\" style=\"line-height:0;display:none\">﻿</span> <span id=\"_mce_start\" style=\"line-height:0;display:none\">﻿</span>s<span id=\"_mce_start\" style=\"line-height:0;display:none\">﻿</span>e<span id=\"_mce_start\" style=\"line-height:0;display:none\">﻿</span>t<span id=\"_mce_start\" style=\"line-height:0;display:none\">﻿</span> <span id=\"_mce_start\" style=\"line-height:0;display:none\">﻿</span>t<span id=\"_mce_start\" style=\"line-height:0;display:none\">﻿</span>o<span id=\"_mce_start\" style=\"line-height:0;display:none\">﻿</span> <span id=\"_mce_start\" style=\"line-height:0;display:none\">﻿</span>&quot;<span id=\"_mce_start\" style=\"line-height:0;display:none\">﻿</span>;<span id=\"_mce_start\" style=\"line-height:0;display:none\">﻿</span> <span id=\"_mce_start\" style=\"line-height:0;display:none\">﻿</span>&quot;<span id=\"_mce_start\" style=\"line-height:0;display:none\">﻿</span> <span id=\"_mce_start\" style=\"line-height:0;display:none\">﻿</span>(<span id=\"_mce_start\" style=\"line-height:0;display:none\">﻿</span>w<span id=\"_mce_start\" style=\"line-height:0;display:none\">﻿</span>i<span id=\"_mce_start\" style=\"line-height:0;display:none\">﻿</span>t<span id=\"_mce_start\" style=\"line-height:0;display:none\">﻿</span>h<span id=\"_mce_start\" style=\"line-height:0;display:none\">﻿</span>o<span id=\"_mce_start\" style=\"line-height:0;display:none\">﻿</span>u<span id=\"_mce_start\" style=\"line-height:0;display:none\">﻿</span>t<span id=\"_mce_start\" style=\"line-height:0;display:none\">﻿</span> <span id=\"_mce_start\" style=\"line-height:0;display:none\">﻿</span>t<span id=\"_mce_start\" style=\"line-height:0;display:none\">﻿</span>h<span id=\"_mce_start\" style=\"line-height:0;display:none\">﻿</span>e<span id=\"_mce_start\" style=\"line-height:0;display:none\">﻿</span> <span id=\"_mce_start\" style=\"line-height:0;display:none\">﻿</span>b<span id=\"_mce_start\" style=\"line-height:0;display:none\">﻿</span>r<span id=\"_mce_start\" style=\"line-height:0;display:none\">﻿</span>a<span id=\"_mce_start\" style=\"line-height:0;display:none\">﻿</span>c<span id=\"_mce_start\" style=\"line-height:0;display:none\">﻿</span>k<span id=\"_mce_start\" style=\"line-height:0;display:none\">﻿</span>e<span id=\"_mce_start\" style=\"line-height:0;display:none\">﻿</span>t<span id=\"_mce_start\" style=\"line-height:0;display:none\">﻿</span>s<span id=\"_mce_start\" style=\"line-height:0;display:none\">﻿</span>)<span id=\"_mce_start\" style=\"line-height:0;display:none\">﻿</span><span id=\"_mce_start\" style=\"line-height:0;display:none\">﻿</span>.</span></span></span></span></span></span></span></span></span></span></span></span></span></span></span></span></span></span></p>",
    "PostedDate": "2010-05-10T09:56:07.64-07:00",
    "UserRole": null,
    "MarkedAsAnswerDate": null
  },
  {
    "Id": "461640",
    "ThreadId": "209695",
    "Html": "\r\nDear Yves,<br>\r\n <br>\r\nThanks again for your help before in bugfixing Harvard Exeter style and for your advice on how to change the code to suit my university's style requirements.<br>\r\n <br>\r\nBit of an odd request, but I was just wondering if you have a .pdf of the MHRA Style Manual on which you based the MHRA-Footnote style? They still offer the manual for free as a .pdf at the link you provided but the file seems to be corrupted. I have downloaded it several times and made sure my Acrobat reader is up-to-date (ver 9.3.3) but still no success. If you have a working copy of the manual and could either upload it or e-mail it to me it would be much appreciated. I will e-mail the MHRA to let them know there is an issue but expect they will take some time to resolve it.<br>\r\n <br>\r\nMany thanks,<br>\r\nBen<br> <br>\r\n<hr id=stopSpelling>\r\nFrom: [email removed]<br>To: [email removed]<br>Date: Sun, 18 Apr 2010 04:51:06 -0700<br>Subject: Re: Bugs in Harvard Exeter (FAO Yves Dhondt) [bibword:209695]<br><br>\r\n\r\n\r\nFrom: Yves<br>\r\n<div id=ecxThreadNotificationPostBody>\r\nThe Harvard-Exeter style is an implementation of <a>http://education.exeter.ac.uk/dll/studyskills/harvard_referencing.htm</a><br>\r\nRegarding your issues:<br>\r\n1. According to the above page, you should not be using &quot;(eds.)&quot;. Just look for the following example on the page:<br>\r\n<div style=\"background-color:white;color:black\"><pre>Byrne, J. (1995) ‘Disabilities in tertiary education’, in Rowan, L. and McNamee, J. (ed.) Voices of a Margin, Rockhampton: CQU Press.</pre></div>\r\nNote that if you want to change this, you could easily do so by adding an &quot;s&quot; in the following line:<br>\r\n<div style=\"background-color:white;color:black\"><pre><span style=\"color:blue\">&lt;</span><span style=\"color:#a31515\">multi_suffix</span><span style=\"color:blue\">&gt;</span> (ed.)<span style=\"color:blue\">&lt;/</span><span style=\"color:#a31515\">multi_suffix</span><span style=\"color:blue\">&gt;</span>\r\n</pre></div>\r\n2. This is indeed a bug and will be fixed today.<br>\r\n3. According to the above page, &quot;Accessed&quot; should not be added. There are several examples on the above mentioned page:<br>\r\n<div style=\"background-color:white;color:black\"><pre>Young, C. (2001) English Heritage position statement on the Valletta Convention, [Online], Available: http://www.archaeol.freeuk.com/EHPostionStatement.htm [24 Aug 2001].\r\n</pre></div>\r\nOf course, you are free to change that yourself. Just look for<br>\r\n<div style=\"background-color:white;color:black\"><pre>{ [{{%DayAccessed% }%MonthAccessed:s% }%YearAccessed%]}\r\n</pre></div>\r\nAnd add &quot;Accessed &quot; after the &quot;[&quot;.<br>\r\n4. This is indeed a bug and will be fixed today.<br></div>\r\n<div id=ecxThreadNotificationFooter>\r\nRead the <a>full discussion online</a>.<br>\r\nTo add a post to this discussion, reply to this email (<a>bibword@discussions.codeplex.com</a>)<br>\r\nTo start a new discussion for this project, email <a>bibword@discussions.codeplex.com</a><br>\r\nYou are receiving this email because you subscribed to this discussion on CodePlex. You can <a>unsubscribe</a> on CodePlex.com.<br>\r\nPlease note: Images and attachments will be removed from emails. Any posts to this discussion will also be available online at CodePlex.com<br></div> \t\t \t   \t\t  <br><hr>Hotmail has tools for the New Busy. Search, chat and e-mail from your inbox. <a href=\"http://www.windowslive.com/campaign/thenewbusy?ocid=PID28326::T:WLMTAGL:ON:WL:en-US:WM_HMP:042010_1\">Learn more.</a>",
    "PostedDate": "2010-06-30T06:37:41.8-07:00",
    "UserRole": null,
    "MarkedAsAnswerDate": null
  },
  {
    "Id": "461736",
    "ThreadId": "209695",
    "Html": "<p>I don't have a copy around. I just downloaded a new version of the style from their site without a problem (<a href=\"http://www.mhra.org.uk/Publications/Books/StyleGuide/StyleGuideV2_3.pdf\">http://www.mhra.org.uk/Publications/Books/StyleGuide/StyleGuideV2_3.pdf</a>). On this machine, I'm still using Acrobat Reader 8, and even with that version it still opens fine.</p>",
    "PostedDate": "2010-06-30T10:23:03.993-07:00",
    "UserRole": null,
    "MarkedAsAnswerDate": null
  }
]