[
  {
    "Id": "702287",
    "ThreadId": "280552",
    "Html": "\r\n<p>I can't insert in one group of in-text&nbsp; citation more than 10 sources. I mean that [1,2,3,4,5,6,7,8,9,10] is the limit but I really need more sources to insert sometimes. Do you have any solution for this? Thanks</p>\r\n",
    "PostedDate": "2011-11-23T04:01:32.35-08:00",
    "UserRole": null,
    "MarkedAsAnswerDate": null
  },
  {
    "Id": "702621",
    "ThreadId": "280552",
    "Html": "<p>In-text citation fields are limited to 255 characters for the field code. There is no way to change that limit.</p>\r\n<p>One way to solve your issue is play around with the tags of your sources. If you don't care about them, make the tags smaller. Word generates them automatically to something like 3 letters and 2 digits. If you don't care about them, you could make them 2 letters. That would means that you can add a lot more to the group.</p>\r\n<p>&nbsp;</p>",
    "PostedDate": "2011-11-23T13:50:21.14-08:00",
    "UserRole": null,
    "MarkedAsAnswerDate": null
  },
  {
    "Id": "702760",
    "ThreadId": "280552",
    "Html": "<p>I tried this but have no result. I can add more than 11 sources to the field code, 255 charaсters is enough. But Word displays only first 11(sometimes 10) sources, other are cutted and not dispalyed. Tags length doesn't&nbsp; matter.</p>",
    "PostedDate": "2011-11-23T22:40:04.517-08:00",
    "UserRole": null,
    "MarkedAsAnswerDate": null
  },
  {
    "Id": "713648",
    "ThreadId": "280552",
    "Html": "<p>Can some one give idea how to group the citation like instate of having [1,2,3,4,5,6,7,8,9,10] i like to have [1-10] is it possible...</p>",
    "PostedDate": "2011-12-17T10:02:19.48-08:00",
    "UserRole": null,
    "MarkedAsAnswerDate": null
  },
  {
    "Id": "713655",
    "ThreadId": "280552",
    "Html": "<p>You can't. See <a href=\"http://bibword.codeplex.com/wikipage?title=FAQ&amp;referringTitle=Home#Q3\">http://bibword.codeplex.com/wikipage?title=FAQ&amp;referringTitle=Home#Q3</a>&nbsp;for the explaination and a 'workaround'.</p>\r\n<p>&nbsp;</p>",
    "PostedDate": "2011-12-17T10:26:18.937-08:00",
    "UserRole": null,
    "MarkedAsAnswerDate": null
  }
]