[
  {
    "Id": "198701",
    "ThreadId": "58684",
    "Html": "<p>Hello Yves,</p>\r\n<p>at first I want to thank you to programming this different styles for Word and helping us to customize styles for our business and studying.</p>\r\n<p>I am studying business administration in Berlin (Germany) and have no experience with xml or xslt but with some tutorials and your styles it works to customize them.</p>\r\n<p>I only must add one functionality to my style than the requirements of citations of my university are fulfilled.</p>\r\n<p>&nbsp;</p>\r\n<p>When I cite the same book more as one time in my bachelor thesis I must us an other style for the footnote:</p>\r\n<p>First cite of the book: &quot;LastName&quot;, &quot;FirstName&quot; (&quot;Year&quot;&quot;YearSuffix&quot;): &quot;Title&quot;. &quot;PublicationCity&quot;: &quot;Publisher&quot;, &quot;Page&quot;.</p>\r\n<p>Next cites of the book: &quot;LastName&quot;, &quot;FirstName&quot; (&quot;Year&quot;&quot;YearSuffix&quot;): &quot;Page&quot;.</p>\r\n<p>&nbsp;</p>\r\n<p>My question is: Is something like this possible to program in xslt and how does it work? Thank you very much for your help.</p>\r\n<p>&nbsp;</p>\r\n<p>Kind regards</p>\r\n<p>Tobias</p>",
    "PostedDate": "2009-06-07T03:06:42.163-07:00",
    "UserRole": null,
    "MarkedAsAnswerDate": null
  },
  {
    "Id": "199039",
    "ThreadId": "58684",
    "Html": "<p>Word 2007 has bad (read non-existing) support for footnote styles.</p>\r\n<p>A possible workaround I came up with is by abusing the suppress options: <a href=\"http://bibword.codeplex.com/Release/ProjectReleases.aspx?ReleaseId=20331\">http://bibword.codeplex.com/Release/ProjectReleases.aspx?ReleaseId=20331</a>&nbsp;You could work from that one and just create multiple strings (full, short, ibid).</p>\r\n<p>Alternatively, you can just use the suppress field in general and only create one string. When you look in the code for citations, you will notice 3 lines for the different suppress flags:</p>\r\n<p><span style=\"font-family:'Courier New';color:blue;font-size:10pt\" lang=EN-US>&lt;</span><span style=\"font-family:'Courier New';color:#a31515;font-size:10pt\" lang=EN-US>noauthor</span><span style=\"font-family:'Courier New';color:blue;font-size:10pt\" lang=EN-US>&gt;</span><span style=\"font-family:'Courier New';font-size:10pt\" lang=EN-US>-Artist-Author-BookAuthor-Compiler-Composer-Conductor-Counsel-Director-Editor-Interviewee-Interviewer-Inventor-Performer-ProducerName-Translator-Writer-<span style=\"color:blue\">&lt;/</span><span style=\"color:#a31515\">noauthor</span><span style=\"color:blue\">&gt;<br>&lt;</span><span style=\"color:#a31515\">notitle</span><span style=\"color:blue\">&gt;</span>-Title-AlbumTitle-BookTitle-BroadcastTitle-InternetSiteTitle-PeriodicalTitle-PublicationTitle-ShortTitle-<span style=\"color:blue\">&lt;/</span><span style=\"color:#a31515\">notitle</span><span style=\"color:blue\">&gt;<br>&lt;</span><span style=\"color:#a31515\">noyear</span><span style=\"color:blue\">&gt;</span>-Year-YearAccessed-&quot;n.d.&quot;-<span style=\"color:blue\">&lt;/</span><span style=\"color:#a31515\">noyear</span><span style=\"color:blue\">&gt;</span></span></p>\r\n<p>These 3 lines say which variables not to use when&nbsp;one or more of the three suppress flags are used. So in your case, you could change the <strong>notitle</strong> field to include city and publisher.</p>\r\n<p><span style=\"font-family:Courier New\"><span style=\"color:#0000ff\">&lt;</span><span style=\"color:#a31515\">notitle</span><span style=\"color:blue\">&gt;</span>-Title-AlbumTitle-BookTitle-BroadcastTitle-InternetSiteTitle-PeriodicalTitle-PublicationTitle-ShortTitle<strong>-City-Publisher-</strong><span style=\"color:blue\">&lt;/</span><span style=\"color:#a31515\">notitle</span><span style=\"color:blue\">&gt;</span></span></p>\r\n<p>Then for your second and following citation, you can just indicate to suppress the title and neither city nor publisher will be shown.</p>\r\n<p>&nbsp;</p>",
    "PostedDate": "2009-06-08T07:10:14.853-07:00",
    "UserRole": null,
    "MarkedAsAnswerDate": null
  }
]