[
  {
    "Id": "709232",
    "ThreadId": "282243",
    "Html": "<p>Hi all,</p>\n<p>would you mind telling me if i can either build my own style that suits my school's requirement (with some sort like a simple style builder) or can i pass someone the requirements and they help me edit it from HarvardExeter. &nbsp;the problem is i do not totally understand the coding that was used and am  afraid to mess up the whole thing.</p>\n<p>thanks.</p>\n<p>Ken</p>",
    "PostedDate": "2011-12-08T03:13:49-08:00",
    "UserRole": null,
    "MarkedAsAnswerDate": null
  }
]