[
  {
    "Id": "992594",
    "ThreadId": "430990",
    "Html": "\r\n<p><span style=\"font-size:8pt; color:#253340\">I'm using</span><span style=\"font-size:8pt; color:#253340\">\r\n</span><span><span style=\"font-size:8pt; color:#253340\">&nbsp;</span></span><span style=\"font-size:8pt; color:#253340\">Microsoft office 2007 and the ISO 690\r\n</span><span lang=\"EN-US\" style=\"font-size:8pt; color:#253340\">First Name Alternative and\r\n</span><span style=\"font-size:8pt; color:#253340\">I would like to modify</span><span lang=\"EN-US\" style=\"font-size:8pt; color:#253340\"> it\r\n</span><span style=\"font-size:8pt; color:#253340\">for </span><span style=\"font-size:10pt; color:#253340\">my thesis</span><span style=\"font-size:8pt; color:#253340\">. I need the citations to look like:</span></p>\r\n<p>&nbsp;</p>\r\n<p>(Gradeva et al., 2011)</p>\r\n<p><strong>Gradeva, R., Petrov ,G. </strong><em>War and Peace in Rumeli, 15th to beginning of 19th century, Analecta Isisiana C.\r\n</em>Istanbul&nbsp;: The Isis Press, 2011. c. 332. 978-975-428-358-7.</p>\r\n<p>&nbsp;</p>\r\n<p>not:</p>\r\n<p>(Gradeva, et al., 2011)</p>\r\n<p><strong>Gradeva, Rosica and Petrov, Goran. 2011.</strong> <em>War and Peace in Rumeli, 15th to beginning of 19th century, Analecta Isisiana C.\r\n</em>Istanbul&nbsp;: The Isis Press, 2011. c. 332. 978-975-428-358-7.</p>\r\n<p>&nbsp;</p>\r\n<p>&nbsp;</p>\r\n",
    "PostedDate": "2013-01-27T01:17:19.47-08:00",
    "UserRole": null,
    "MarkedAsAnswerDate": null
  }
]