[
  {
    "Id": "835392",
    "ThreadId": "355534",
    "Html": "\r\n<p>Hello, sorry if this has been asked before but I am having trouble figuring out how to use the abbreviated title of a journal in AMA format. &nbsp;For example instead of &quot;Social Science and Medicine&quot; I want to say &quot;Soc Sci Med&quot; or World Development to say\r\n &quot;Word Dev&quot;. &nbsp;I am looking for a format that allows you to list the abbreviated title in a different field, not &quot;journal name&quot;, so that it is easy to switch the formats between those that require abbreviated titles and those that do not. Thanks.</p>\r\n",
    "PostedDate": "2012-05-11T22:25:42.103-07:00",
    "UserRole": null,
    "MarkedAsAnswerDate": null
  }
]