[
  {
    "Id": "985625",
    "ThreadId": "429338",
    "Html": "\r\n<p>Hi</p>\r\n<p>I'm using the APA style for my reprots but there are a few things which I need to change. Any suggestion is greatly appreciated:</p>\r\n<p>1- If there are two authors, I'd like to show the names of both, and for more that two, use the fist one\r\n<em>et al.</em></p>\r\n<p>2- Instead of &quot;&&quot; in the citation,&nbsp;use 'and'</p>\r\n<p>3- To remove the space before and after the citation.&nbsp; For example, sometime I cite a reference at the beginning of a sentence and show it as Authour (Year), and I figured to repeat one citation twice, once showin the name and once the year, but there\r\n is a space around the Year which I'd like removed.</p>\r\n<p>4- To make the 'et al.' <em>italics</em></p>\r\n<p>5- Sometimes, I cite agencies which have abbreviated names, and I cite using the abb. but the reference shows the full title.&nbsp; Is there a way around this?</p>\r\n<p>Thanks a lot</p>\r\n<p>Zahra</p>\r\n<p>&nbsp;</p>\r\n<p>&nbsp;</p>\r\n<p>&nbsp;</p>\r\n",
    "PostedDate": "2013-01-11T12:22:43.977-08:00",
    "UserRole": null,
    "MarkedAsAnswerDate": null
  },
  {
    "Id": "986412",
    "ThreadId": "429338",
    "Html": "\r\n<p>That is not a BibWord style, so you will have to do some puzzling to get things the way you want.</p>\r\n<p>I suggest you start from the template formatPersonsAuthor and the ones directly above and below it in the code. They look the most promising for handling problem 1, 2 and 4.</p>\r\n<p>Regarding problem 3, the space has nothing to do with the in-text citation formatting. It's part of the way fields are used in Word. Search this forum for a suggested workaround.</p>\r\n<p>Regarding your last point. The full name can only be shown if you entered the full name somewhere. Word is not intelligent enough to expand your abbreviation into a full name. So wherever you entered the fullname, enter the abbreviated name instead and you\r\n should be set.</p>\r\n",
    "PostedDate": "2013-01-14T05:07:09.523-08:00",
    "UserRole": null,
    "MarkedAsAnswerDate": null
  },
  {
    "Id": "988726",
    "ThreadId": "429338",
    "Html": "\r\n<p>Thanks for the tips.&nbsp; Although, I'm not very strong atprogramming and this language seems a bit confusing.&nbsp; I was wondering if there are samples or similar styles with which I can compare the existing APA and make changes accordingly.&nbsp; If you're aware of\r\n such codes, my main issues that I cannot find a way around are the two authors names, changing & to 'and', and making et al. italics.</p>\r\n",
    "PostedDate": "2013-01-18T06:43:22.193-08:00",
    "UserRole": null,
    "MarkedAsAnswerDate": null
  },
  {
    "Id": "988746",
    "ThreadId": "429338",
    "Html": "\r\n<div>\r\n<p>I’m in the process of adapting the Anglia Rushkin University 2008 style sheet to suit a particular version of APA style. There are many changes to consider, but for your citation query try editing the style sheet like this:</p>\r\n<p></p>\r\n<p>&lt;namelists&gt;</p>\r\n<p>&lt;list<span style=\"color:purple\"> </span><span style=\"color:teal\">name</span><span style=\"color:purple\">=</span><span style=\"color:#7F007F\">&quot;citation&quot;</span><span style=\"color:purple\">\r\n</span><span style=\"color:teal\">id</span><span style=\"color:purple\">=</span><span style=\"color:#7F007F\">&quot;1&quot;</span>&gt;</p>\r\n<p style=\"text-autospace:none\"><span style=\"font-family:Consolas; color:black\"></span><span style=\"font-family:Consolas; color:navy\">&lt;single_prefix&gt;&lt;/single_prefix&gt;</span><span style=\"font-family:Consolas; color:black\"></span></p>\r\n<p style=\"text-autospace:none\"><span style=\"font-family:Consolas; color:black\"></span><span style=\"font-family:Consolas; color:navy\">&lt;multi_prefix&gt;&lt;/multi_prefix&gt;</span><span style=\"font-family:Consolas; color:black\"></span></p>\r\n<p style=\"text-autospace:none\"><span style=\"font-family:Consolas; color:black\"></span><span style=\"font-family:Consolas; color:navy\">&lt;corporate&gt;</span><span style=\"font-family:Consolas; color:black\">{%Corporate%.}</span><span style=\"font-family:Consolas; color:navy\">&lt;/corporate&gt;</span><span style=\"font-family:Consolas; color:black\"></span></p>\r\n<p style=\"text-autospace:none\"><span style=\"font-family:Consolas; color:black\"></span><span style=\"font-family:Consolas; color:navy\">&lt;first_person&gt;</span><span style=\"font-family:Consolas; color:black\">{%Last|First|Middle%}</span><span style=\"font-family:Consolas; color:navy\">&lt;/first_person&gt;</span><span style=\"font-family:Consolas; color:black\"></span></p>\r\n<p style=\"text-autospace:none\"><span style=\"font-family:Consolas; color:black\"></span><span style=\"font-family:Consolas; color:navy\">&lt;other_persons&gt;</span><span style=\"font-family:Consolas; color:black\">{%Last|First|Middle%}</span><span style=\"font-family:Consolas; color:navy\">&lt;/other_persons&gt;</span><span style=\"font-family:Consolas; color:black\"></span></p>\r\n<p style=\"text-autospace:none\"><span style=\"font-family:Consolas; color:black\"></span><span style=\"font-family:Consolas; color:navy\">&lt;separator_between_if_two&gt;</span><span style=\"font-family:Consolas; color:black\">\r\n</span><span style=\"font-family:Consolas; color:purple; background:yellow\">and</span><span style=\"font-family:Consolas; color:black\">\r\n</span><span style=\"font-family:Consolas; color:navy\">&lt;/separator_between_if_two&gt;</span><span style=\"font-family:Consolas; color:black\"></span></p>\r\n<p style=\"text-autospace:none\"><span style=\"font-family:Consolas; color:black\"></span><span style=\"font-family:Consolas; color:navy\">&lt;separator_between_if_more_than_two&gt;</span><span style=\"font-family:Consolas; color:black\">,\r\n</span><span style=\"font-family:Consolas; color:navy\">&lt;/separator_between_if_more_than_two&gt;</span><span style=\"font-family:Consolas; color:black\"></span></p>\r\n<p style=\"text-autospace:none\"><span style=\"font-family:Consolas; color:black\"></span><span style=\"font-family:Consolas; color:navy\">&lt;separator_before_last&gt;</span><span style=\"font-family:Consolas; color:black\">\r\n</span><span style=\"font-family:Consolas; color:purple; background:yellow\">and</span><span style=\"font-family:Consolas; color:black\">\r\n</span><span style=\"font-family:Consolas; color:navy\">&lt;/separator_before_last&gt;</span><span style=\"font-family:Consolas; color:black\"></span></p>\r\n<p style=\"text-autospace:none\"><span style=\"font-family:Consolas; color:black\"></span><span style=\"font-family:Consolas; color:navy\">&lt;max_number_of_persons_to_display&gt;</span><span style=\"font-family:Consolas; color:black; background:yellow\">2</span><span style=\"font-family:Consolas; color:navy\">&lt;/max_number_of_persons_to_display&gt;</span><span style=\"font-family:Consolas; color:black\"></span></p>\r\n<p style=\"text-autospace:none\"><span style=\"font-family:Consolas; color:black\"></span><span style=\"font-family:Consolas; color:navy\">&lt;number_of_persons_to_display_if_more_than_max&gt;</span><span style=\"font-family:Consolas; color:black\">1</span><span style=\"font-family:Consolas; color:navy\">&lt;/number_of_persons_to_display_if_more_than_max&gt;</span><span style=\"font-family:Consolas; color:black\"></span></p>\r\n<p><span style=\"color:black\"></span>&lt;overflow&gt;<span style=\"color:black; background:yellow\">,</span><span style=\"color:purple; background:yellow\">&lt;</span><span style=\"color:black; background:yellow\">i</span><span style=\"color:purple; background:yellow\">&gt;</span><span style=\"color:black; background:yellow\">\r\n et al.</span><span style=\"color:purple; background:yellow\">&lt;</span><span style=\"color:black; background:yellow\">/i</span><span style=\"color:purple; background:yellow\">&gt;</span>&lt;/overflow&gt;<span style=\"font-family:\"></span></p>\r\n<p style=\"text-autospace:none\"><span style=\"font-family:Consolas; color:black\"></span><span style=\"font-family:Consolas; color:navy\">&lt;single_suffix&gt;&lt;/single_suffix&gt;</span><span style=\"font-family:Consolas; color:black\"></span></p>\r\n<p style=\"text-autospace:none\"><span style=\"font-family:Consolas; color:black\"></span><span style=\"font-family:Consolas; color:navy\">&lt;multi_suffix&gt;&lt;/multi_suffix&gt;</span><span style=\"font-family:Consolas; color:black\"></span></p>\r\n<p style=\"text-autospace:none\"><span style=\"font-family:Consolas; color:black\"></span><span style=\"font-family:Consolas; color:navy\">&lt;/list&gt;</span><span style=\"font-family:Consolas; color:black\"></span></p>\r\n<p><span style=\"font-family:\"></span></p>\r\n<p>I’m new to this and I’m also finding my way around. I haven’t tried this to see how it outputs.</p>\r\n<p></p>\r\n<p>To juggle abbreviations in citation names for an inserted citation, select the ‘edit citation’ option after clicking on the citation and suppress the author, leaving just the year so you can add the names as you choose. Some permutations will require the\r\n entire citation to be converted to static text so you can edit it the way you want. (Don’t convert citations to static text with track changes ‘on’ – the citation will disappear off your screen. Switch track changes off, convert to static, and then switch\r\n track changes back on.)</p>\r\n<p></p>\r\n<p>I hope this helps. As always, no warranties are given and you proceed at your own risk. Back up your data before trying any changes.</p>\r\n<p><span style=\"font-size:11.0pt; font-family:\"></span></p>\r\n<p><span style=\"font-size:11.0pt; font-family:\"></span></p>\r\n<p><span style=\"font-size:11.0pt; font-family:\">Lionel Crator,</span></p>\r\n<p><span style=\"font-size:11.0pt; font-family:\">Tau Editing.</span></p>\r\n<p><span style=\"font-size:11.0pt; font-family:\">Professional Language Practitioner.</span></p>\r\n<p><span style=\"font-size:11.0pt; font-family:\"></span></p>\r\n<p><span style=\"font-size:11.0pt; font-family:\"></span></p>\r\n<p><span style=\"font-size:11.0pt; font-family:\"></span></p>\r\n<div>\r\n<div style=\"border:none; border-top:solid #B5C4DF 1.0pt; padding:3.0pt 0cm 0cm 0cm\">\r\n<p><b><span lang=\"EN-US\" style=\"font-size:10.0pt; font-family:\">From:</span></b><span lang=\"EN-US\" style=\"font-size:10.0pt; font-family:\"> ZahraPar [email removed]\r\n<br>\r\n<b>Sent:</b> 18 January 2013 04:44 PM<br>\r\n<b>To:</b> tau.editing@yahoo.co.za<br>\r\n<b>Subject:</b> Re: Customize APA for showing two authors' names [bibword:429338]</span></p>\r\n</div>\r\n</div>\r\n<p></p>\r\n<p><span style=\"font-size:9.0pt; font-family:\">From: ZahraPar</span></p>\r\n<div id=\"ThreadNotificationPostBody\" style=\"margin-bottom:24.0pt\">\r\n<p><span style=\"font-size:9.0pt; font-family:\">Thanks for the tips. Although, I'm not very strong atprogramming and this language seems a bit confusing. I was wondering if there are samples or similar styles with which I can compare the existing APA and make\r\n changes accordingly. If you're aware of such codes, my main issues that I cannot find a way around are the two authors names, changing & to 'and', and making et al. italics.</span></p>\r\n</div>\r\n</div>\r\n",
    "PostedDate": "2013-01-18T07:22:02.247-08:00",
    "UserRole": null,
    "MarkedAsAnswerDate": null
  },
  {
    "Id": "988758",
    "ThreadId": "429338",
    "Html": "Apologies, my last post came out in html.<br>\r\n<br>\r\nThis is the plain text for the coding:<br>\r\n<br>\r\n&lt;namelists&gt;<br>\r\n&lt;list name=&quot;citation&quot; id=&quot;1&quot;&gt;<br>\r\n&lt;single_prefix&gt;&lt;/single_prefix&gt;<br>\r\n&lt;multi_prefix&gt;&lt;/multi_prefix&gt;<br>\r\n&lt;corporate&gt;{%Corporate%.}&lt;/corporate&gt;<br>\r\n&lt;first_person&gt;{%Last|First|Middle%}&lt;/first_person&gt;<br>\r\n&lt;other_persons&gt;{%Last|First|Middle%}&lt;/other_persons&gt;<br>\r\n&lt;separator_between_if_two&gt; and &lt;/separator_between_if_two&gt;<br>\r\n&lt;separator_between_if_more_than_two&gt;, &lt;/separator_between_if_more_than_two&gt;<br>\r\n&lt;separator_before_last&gt; and &lt;/separator_before_last&gt;<br>\r\n&lt;max_number_of_persons_to_display&gt;2&lt;/max_number_of_persons_to_display&gt;<br>\r\n&lt;number_of_persons_to_display_if_more_than_max&gt;1&lt;/number_of_persons_to_display_if_more_than_max&gt;<br>\r\n&lt;overflow&gt;,&lt;i&gt; et al.&lt;/i&gt;&lt;/overflow&gt;<br>\r\n&lt;single_suffix&gt;&lt;/single_suffix&gt;<br>\r\n&lt;multi_suffix&gt;&lt;/multi_suffix&gt;<br>\r\n&lt;/list&gt;",
    "PostedDate": "2013-01-18T07:41:52.34-08:00",
    "UserRole": null,
    "MarkedAsAnswerDate": null
  },
  {
    "Id": "988760",
    "ThreadId": "429338",
    "Html": "\r\n<p>Thanks Lionel. But where should I insert this?&nbsp; The APA doesn't have a similar section and the Anglia style doesn't seeme to be on the web.&nbsp;</p>\r\n",
    "PostedDate": "2013-01-18T07:50:31.087-08:00",
    "UserRole": null,
    "MarkedAsAnswerDate": null
  }
]