[
  {
    "Id": "134822",
    "ThreadId": "40659",
    "Html": "Is there a way to change the separator when there are several citations in a row.<br>\r\n<br>\r\nie. [13,17], instead of [13] [17] or [13], [17], or [1,2,3] instead of [1][2][3]?<br>\r\n<br>\r\nI thought that the &lt;separator&gt; command under &lt;citation&gt; was used for that, but it doesn't seem to work.<br>\r\n<br>\r\nIf there is a way to transform [1,2,3] to [1-3], that would be even better.<br>\r\n",
    "PostedDate": "2008-11-24T09:37:46.807-08:00",
    "UserRole": null,
    "MarkedAsAnswerDate": null
  },
  {
    "Id": "134826",
    "ThreadId": "40659",
    "Html": "For your first question the answer is yes, that is exactly what the &lt;separator&gt; tag is for. You do have to give them in as one field in your Word document though. So after you insert the first citation in Word, go standing on the field, and insert your next citation. Alternatively, you can right click a citation, pick &quot;Edit field...&quot; and then add your second citation by writing \\m followed by its tag. So you would have something like &quot;CITATION She07 \\l 2060&quot; which becomes something like &quot;CITATION She07 \\l 2060 \\m Bee06&quot;.<br>\r\n<br>\r\nRegarding your second question the direct answer is no. Word does not allow any (useful for this purpose) logic between in-text citations. What you can do once you finished your document is convert the in-text citation to static text and then type a '-' and hide the portions you don't want to see. It's a bit of a troublesome way, but I haven't figured out a better workaround yet. Note that the conversion to static text is important as fields tend to get updated when printed and the hidden text would therefore reappear.<br>\r\n<br>\r\nYves\r\n",
    "PostedDate": "2008-11-24T09:51:54.063-08:00",
    "UserRole": null,
    "MarkedAsAnswerDate": null
  },
  {
    "Id": "134830",
    "ThreadId": "40659",
    "Html": "Thanks!\r\n",
    "PostedDate": "2008-11-24T09:57:37.733-08:00",
    "UserRole": null,
    "MarkedAsAnswerDate": null
  },
  {
    "Id": "134856",
    "ThreadId": "40659",
    "Html": "&lt;meta content=&quot;text/html; charset=utf-8&quot; http-equiv=&quot;Content-Type&quot; /&gt;\r\n&lt;meta content=&quot;Word.Document&quot; name=&quot;ProgId&quot; /&gt;\r\n&lt;meta content=&quot;Microsoft Word 12&quot; name=&quot;Generator&quot; /&gt;\r\n&lt;meta content=&quot;Microsoft Word 12&quot; name=&quot;Originator&quot; /&gt;\r\n&lt;link href=&quot;file:///C:%5CUsers%5Cowner%5CAppData%5CLocal%5CTemp%5Cmsohtmlclip1%5C01%5Cclip_filelist.xml&quot; rel=&quot;File-List&quot; /&gt;\r\n&lt;link href=&quot;file:///C:%5CUsers%5Cowner%5CAppData%5CLocal%5CTemp%5Cmsohtmlclip1%5C01%5Cclip_themedata.thmx&quot; rel=&quot;themeData&quot; /&gt;\r\n&lt;link href=&quot;file:///C:%5CUsers%5Cowner%5CAppData%5CLocal%5CTemp%5Cmsohtmlclip1%5C01%5Cclip_colorschememapping.xml&quot; rel=&quot;colorSchemeMapping&quot; /&gt;&lt;!--[if gte mso 9]&gt;&lt;xml&gt;\r\n &lt;w:WordDocument&gt;\r\n  &lt;w:View&gt;Normal&lt;/w:View&gt;\r\n  &lt;w:Zoom&gt;0&lt;/w:Zoom&gt;\r\n  &lt;w:TrackMoves/&gt;\r\n  &lt;w:TrackFormatting/&gt;\r\n  &lt;w:PunctuationKerning/&gt;\r\n  &lt;w:ValidateAgainstSchemas/&gt;\r\n  &lt;w:SaveIfXMLInvalid&gt;false&lt;/w:SaveIfXMLInvalid&gt;\r\n  &lt;w:IgnoreMixedContent&gt;false&lt;/w:IgnoreMixedContent&gt;\r\n  &lt;w:AlwaysShowPlaceholderText&gt;false&lt;/w:AlwaysShowPlaceholderText&gt;\r\n  &lt;w:DoNotPromoteQF/&gt;\r\n  &lt;w:LidThemeOther&gt;EN-US&lt;/w:LidThemeOther&gt;\r\n  &lt;w:LidThemeAsian&gt;X-NONE&lt;/w:LidThemeAsian&gt;\r\n  &lt;w:LidThemeComplexScript&gt;X-NONE&lt;/w:LidThemeComplexScript&gt;\r\n  &lt;w:Compatibility&gt;\r\n   &lt;w:BreakWrappedTables/&gt;\r\n   &lt;w:SnapToGridInCell/&gt;\r\n   &lt;w:WrapTextWithPunct/&gt;\r\n   &lt;w:UseAsianBreakRules/&gt;\r\n   &lt;w:DontGrowAutofit/&gt;\r\n   &lt;w:SplitPgBreakAndParaMark/&gt;\r\n   &lt;w:DontVertAlignCellWithSp/&gt;\r\n   &lt;w:DontBreakConstrainedForcedTables/&gt;\r\n   &lt;w:DontVertAlignInTxbx/&gt;\r\n   &lt;w:Word11KerningPairs/&gt;\r\n   &lt;w:CachedColBalance/&gt;\r\n  &lt;/w:Compatibility&gt;\r\n  &lt;w:BrowserLevel&gt;MicrosoftInternetExplorer4&lt;/w:BrowserLevel&gt;\r\n  &lt;m:mathPr&gt;\r\n   &lt;m:mathFont m:val=&quot;Cambria Math&quot;/&gt;\r\n   &lt;m:brkBin m:val=&quot;before&quot;/&gt;\r\n   &lt;m:brkBinSub m:val=&quot;&#45;-&quot;/&gt;\r\n   &lt;m:smallFrac m:val=&quot;off&quot;/&gt;\r\n   &lt;m:dispDef/&gt;\r\n   &lt;m:lMargin m:val=&quot;0&quot;/&gt;\r\n   &lt;m:rMargin m:val=&quot;0&quot;/&gt;\r\n   &lt;m:defJc m:val=&quot;centerGroup&quot;/&gt;\r\n   &lt;m:wrapIndent m:val=&quot;1440&quot;/&gt;\r\n   &lt;m:intLim m:val=&quot;subSup&quot;/&gt;\r\n   &lt;m:naryLim m:val=&quot;undOvr&quot;/&gt;\r\n  &lt;/m:mathPr&gt;&lt;/w:WordDocument&gt;\r\n&lt;/xml&gt;&lt;![endif]--&gt;&lt;!--[if gte mso 9]&gt;&lt;xml&gt;\r\n &lt;w:LatentStyles DefLockedState=&quot;false&quot; DefUnhideWhenUsed=&quot;true&quot;\r\n  DefSemiHidden=&quot;true&quot; DefQFormat=&quot;false&quot; DefPriority=&quot;99&quot;\r\n  LatentStyleCount=&quot;267&quot;&gt;\r\n  &lt;w:LsdException Locked=&quot;false&quot; Priority=&quot;0&quot; SemiHidden=&quot;false&quot;\r\n   UnhideWhenUsed=&quot;false&quot; QFormat=&quot;true&quot; Name=&quot;Normal&quot;/&gt;\r\n  &lt;w:LsdException Locked=&quot;false&quot; Priority=&quot;9&quot; SemiHidden=&quot;false&quot;\r\n   UnhideWhenUsed=&quot;false&quot; QFormat=&quot;true&quot; Name=&quot;heading 1&quot;/&gt;\r\n  &lt;w:LsdException Locked=&quot;false&quot; Priority=&quot;9&quot; QFormat=&quot;true&quot; Name=&quot;heading 2&quot;/&gt;\r\n  &lt;w:LsdException Locked=&quot;false&quot; Priority=&quot;9&quot; QFormat=&quot;true&quot; Name=&quot;heading 3&quot;/&gt;\r\n  &lt;w:LsdException Locked=&quot;false&quot; Priority=&quot;9&quot; QFormat=&quot;true&quot; Name=&quot;heading 4&quot;/&gt;\r\n  &lt;w:LsdException Locked=&quot;false&quot; Priority=&quot;9&quot; QFormat=&quot;true&quot; Name=&quot;heading 5&quot;/&gt;\r\n  &lt;w:LsdException Locked=&quot;false&quot; Priority=&quot;9&quot; QFormat=&quot;true&quot; Name=&quot;heading 6&quot;/&gt;\r\n  &lt;w:LsdException Locked=&quot;false&quot; Priority=&quot;9&quot; QFormat=&quot;true&quot; Name=&quot;heading 7&quot;/&gt;\r\n  &lt;w:LsdException Locked=&quot;false&quot; Priority=&quot;9&quot; QFormat=&quot;true&quot; Name=&quot;heading 8&quot;/&gt;\r\n  &lt;w:LsdException Locked=&quot;false&quot; Priority=&quot;9&quot; QFormat=&quot;true&quot; Name=&quot;heading 9&quot;/&gt;\r\n  &lt;w:LsdException Locked=&quot;false&quot; Priority=&quot;39&quot; Name=&quot;toc 1&quot;/&gt;\r\n  &lt;w:LsdException Locked=&quot;false&quot; Priority=&quot;39&quot; Name=&quot;toc 2&quot;/&gt;\r\n  &lt;w:LsdException Locked=&quot;false&quot; Priority=&quot;39&quot; Name=&quot;toc 3&quot;/&gt;\r\n  &lt;w:LsdException Locked=&quot;false&quot; Priority=&quot;39&quot; Name=&quot;toc 4&quot;/&gt;\r\n  &lt;w:LsdException Locked=&quot;false&quot; Priority=&quot;39&quot; Name=&quot;toc 5&quot;/&gt;\r\n  &lt;w:LsdException Locked=&quot;false&quot; Priority=&quot;39&quot; Name=&quot;toc 6&quot;/&gt;\r\n  &lt;w:LsdException Locked=&quot;false&quot; Priority=&quot;39&quot; Name=&quot;toc 7&quot;/&gt;\r\n  &lt;w:LsdException Locked=&quot;false&quot; Priority=&quot;39&quot; Name=&quot;toc 8&quot;/&gt;\r\n  &lt;w:LsdException Locked=&quot;false&quot; Priority=&quot;39&quot; Name=&quot;toc 9&quot;/&gt;\r\n  &lt;w:LsdException Locked=&quot;false&quot; Priority=&quot;35&quot; QFormat=&quot;true&quot; Name=&quot;caption&quot;/&gt;\r\n  &lt;w:LsdException Locked=&quot;false&quot; Priority=&quot;10&quot; SemiHidden=&quot;false&quot;\r\n   UnhideWhenUsed=&quot;false&quot; QFormat=&quot;true&quot; Name=&quot;Title&quot;/&gt;\r\n  &lt;w:LsdException Locked=&quot;false&quot; Priority=&quot;1&quot; Name=&quot;Default Paragraph Font&quot;/&gt;\r\n  &lt;w:LsdException Locked=&quot;false&quot; Priority=&quot;11&quot; SemiHidden=&quot;false&quot;\r\n   UnhideWhenUsed=&quot;false&quot; QFormat=&quot;true&quot; Name=&quot;Subtitle&quot;/&gt;\r\n  &lt;w:LsdException Locked=&quot;false&quot; Priority=&quot;22&quot; SemiHidden=&quot;false&quot;\r\n   UnhideWhenUsed=&quot;false&quot; QFormat=&quot;true&quot; Name=&quot;Strong&quot;/&gt;\r\n  &lt;w:LsdException Locked=&quot;false&quot; Priority=&quot;20&quot; SemiHidden=&quot;false&quot;\r\n   UnhideWhenUsed=&quot;false&quot; QFormat=&quot;true&quot; Name=&quot;Emphasis&quot;/&gt;\r\n  &lt;w:LsdException Locked=&quot;false&quot; Priority=&quot;59&quot; SemiHidden=&quot;false&quot;\r\n   UnhideWhenUsed=&quot;false&quot; Name=&quot;Table Grid&quot;/&gt;\r\n  &lt;w:LsdException Locked=&quot;false&quot; UnhideWhenUsed=&quot;false&quot; Name=&quot;Placeholder Text&quot;/&gt;\r\n  &lt;w:LsdException Locked=&quot;false&quot; Priority=&quot;1&quot; SemiHidden=&quot;false&quot;\r\n   UnhideWhenUsed=&quot;false&quot; QFormat=&quot;true&quot; Name=&quot;No Spacing&quot;/&gt;\r\n  &lt;w:LsdException Locked=&quot;false&quot; Priority=&quot;60&quot; SemiHidden=&quot;false&quot;\r\n   UnhideWhenUsed=&quot;false&quot; Name=&quot;Light Shading&quot;/&gt;\r\n  &lt;w:LsdException Locked=&quot;false&quot; Priority=&quot;61&quot; SemiHidden=&quot;false&quot;\r\n   UnhideWhenUsed=&quot;false&quot; Name=&quot;Light List&quot;/&gt;\r\n  &lt;w:LsdException Locked=&quot;false&quot; Priority=&quot;62&quot; SemiHidden=&quot;false&quot;\r\n   UnhideWhenUsed=&quot;false&quot; Name=&quot;Light Grid&quot;/&gt;\r\n  &lt;w:LsdException Locked=&quot;false&quot; Priority=&quot;63&quot; SemiHidden=&quot;false&quot;\r\n   UnhideWhenUsed=&quot;false&quot; Name=&quot;Medium Shading 1&quot;/&gt;\r\n  &lt;w:LsdException Locked=&quot;false&quot; Priority=&quot;64&quot; SemiHidden=&quot;false&quot;\r\n   UnhideWhenUsed=&quot;false&quot; Name=&quot;Medium Shading 2&quot;/&gt;\r\n  &lt;w:LsdException Locked=&quot;false&quot; Priority=&quot;65&quot; SemiHidden=&quot;false&quot;\r\n   UnhideWhenUsed=&quot;false&quot; Name=&quot;Medium List 1&quot;/&gt;\r\n  &lt;w:LsdException Locked=&quot;false&quot; Priority=&quot;66&quot; SemiHidden=&quot;false&quot;\r\n   UnhideWhenUsed=&quot;false&quot; Name=&quot;Medium List 2&quot;/&gt;\r\n  &lt;w:LsdException Locked=&quot;false&quot; Priority=&quot;67&quot; SemiHidden=&quot;false&quot;\r\n   UnhideWhenUsed=&quot;false&quot; Name=&quot;Medium Grid 1&quot;/&gt;\r\n  &lt;w:LsdException Locked=&quot;false&quot; Priority=&quot;68&quot; SemiHidden=&quot;false&quot;\r\n   UnhideWhenUsed=&quot;false&quot; Name=&quot;Medium Grid 2&quot;/&gt;\r\n  &lt;w:LsdException Locked=&quot;false&quot; Priority=&quot;69&quot; SemiHidden=&quot;false&quot;\r\n   UnhideWhenUsed=&quot;false&quot; Name=&quot;Medium Grid 3&quot;/&gt;\r\n  &lt;w:LsdException Locked=&quot;false&quot; Priority=&quot;70&quot; SemiHidden=&quot;false&quot;\r\n   UnhideWhenUsed=&quot;false&quot; Name=&quot;Dark List&quot;/&gt;\r\n  &lt;w:LsdException Locked=&quot;false&quot; Priority=&quot;71&quot; SemiHidden=&quot;false&quot;\r\n   UnhideWhenUsed=&quot;false&quot; Name=&quot;Colorful Shading&quot;/&gt;\r\n  &lt;w:LsdException Locked=&quot;false&quot; Priority=&quot;72&quot; SemiHidden=&quot;false&quot;\r\n   UnhideWhenUsed=&quot;false&quot; Name=&quot;Colorful List&quot;/&gt;\r\n  &lt;w:LsdException Locked=&quot;false&quot; Priority=&quot;73&quot; SemiHidden=&quot;false&quot;\r\n   UnhideWhenUsed=&quot;false&quot; Name=&quot;Colorful Grid&quot;/&gt;\r\n  &lt;w:LsdException Locked=&quot;false&quot; Priority=&quot;60&quot; SemiHidden=&quot;false&quot;\r\n   UnhideWhenUsed=&quot;false&quot; Name=&quot;Light Shading Accent 1&quot;/&gt;\r\n  &lt;w:LsdException Locked=&quot;false&quot; Priority=&quot;61&quot; SemiHidden=&quot;false&quot;\r\n   UnhideWhenUsed=&quot;false&quot; Name=&quot;Light List Accent 1&quot;/&gt;\r\n  &lt;w:LsdException Locked=&quot;false&quot; Priority=&quot;62&quot; SemiHidden=&quot;false&quot;\r\n   UnhideWhenUsed=&quot;false&quot; Name=&quot;Light Grid Accent 1&quot;/&gt;\r\n  &lt;w:LsdException Locked=&quot;false&quot; Priority=&quot;63&quot; SemiHidden=&quot;false&quot;\r\n   UnhideWhenUsed=&quot;false&quot; Name=&quot;Medium Shading 1 Accent 1&quot;/&gt;\r\n  &lt;w:LsdException Locked=&quot;false&quot; Priority=&quot;64&quot; SemiHidden=&quot;false&quot;\r\n   UnhideWhenUsed=&quot;false&quot; Name=&quot;Medium Shading 2 Accent 1&quot;/&gt;\r\n  &lt;w:LsdException Locked=&quot;false&quot; Priority=&quot;65&quot; SemiHidden=&quot;false&quot;\r\n   UnhideWhenUsed=&quot;false&quot; Name=&quot;Medium List 1 Accent 1&quot;/&gt;\r\n  &lt;w:LsdException Locked=&quot;false&quot; UnhideWhenUsed=&quot;false&quot; Name=&quot;Revision&quot;/&gt;\r\n  &lt;w:LsdException Locked=&quot;false&quot; Priority=&quot;34&quot; SemiHidden=&quot;false&quot;\r\n   UnhideWhenUsed=&quot;false&quot; QFormat=&quot;true&quot; Name=&quot;List Paragraph&quot;/&gt;\r\n  &lt;w:LsdException Locked=&quot;false&quot; Priority=&quot;29&quot; SemiHidden=&quot;false&quot;\r\n   UnhideWhenUsed=&quot;false&quot; QFormat=&quot;true&quot; Name=&quot;Quote&quot;/&gt;\r\n  &lt;w:LsdException Locked=&quot;false&quot; Priority=&quot;30&quot; SemiHidden=&quot;false&quot;\r\n   UnhideWhenUsed=&quot;false&quot; QFormat=&quot;true&quot; Name=&quot;Intense Quote&quot;/&gt;\r\n  &lt;w:LsdException Locked=&quot;false&quot; Priority=&quot;66&quot; SemiHidden=&quot;false&quot;\r\n   UnhideWhenUsed=&quot;false&quot; Name=&quot;Medium List 2 Accent 1&quot;/&gt;\r\n  &lt;w:LsdException Locked=&quot;false&quot; Priority=&quot;67&quot; SemiHidden=&quot;false&quot;\r\n   UnhideWhenUsed=&quot;false&quot; Name=&quot;Medium Grid 1 Accent 1&quot;/&gt;\r\n  &lt;w:LsdException Locked=&quot;false&quot; Priority=&quot;68&quot; SemiHidden=&quot;false&quot;\r\n   UnhideWhenUsed=&quot;false&quot; Name=&quot;Medium Grid 2 Accent 1&quot;/&gt;\r\n  &lt;w:LsdException Locked=&quot;false&quot; Priority=&quot;69&quot; SemiHidden=&quot;false&quot;\r\n   UnhideWhenUsed=&quot;false&quot; Name=&quot;Medium Grid 3 Accent 1&quot;/&gt;\r\n  &lt;w:LsdException Locked=&quot;false&quot; Priority=&quot;70&quot; SemiHidden=&quot;false&quot;\r\n   UnhideWhenUsed=&quot;false&quot; Name=&quot;Dark List Accent 1&quot;/&gt;\r\n  &lt;w:LsdException Locked=&quot;false&quot; Priority=&quot;71&quot; SemiHidden=&quot;false&quot;\r\n   UnhideWhenUsed=&quot;false&quot; Name=&quot;Colorful Shading Accent 1&quot;/&gt;\r\n  &lt;w:LsdException Locked=&quot;false&quot; Priority=&quot;72&quot; SemiHidden=&quot;false&quot;\r\n   UnhideWhenUsed=&quot;false&quot; Name=&quot;Colorful List Accent 1&quot;/&gt;\r\n  &lt;w:LsdException Locked=&quot;false&quot; Priority=&quot;73&quot; SemiHidden=&quot;false&quot;\r\n   UnhideWhenUsed=&quot;false&quot; Name=&quot;Colorful Grid Accent 1&quot;/&gt;\r\n  &lt;w:LsdException Locked=&quot;false&quot; Priority=&quot;60&quot; SemiHidden=&quot;false&quot;\r\n   UnhideWhenUsed=&quot;false&quot; Name=&quot;Light Shading Accent 2&quot;/&gt;\r\n  &lt;w:LsdException Locked=&quot;false&quot; Priority=&quot;61&quot; SemiHidden=&quot;false&quot;\r\n   UnhideWhenUsed=&quot;false&quot; Name=&quot;Light List Accent 2&quot;/&gt;\r\n  &lt;w:LsdException Locked=&quot;false&quot; Priority=&quot;62&quot; SemiHidden=&quot;false&quot;\r\n   UnhideWhenUsed=&quot;false&quot; Name=&quot;Light Grid Accent 2&quot;/&gt;\r\n  &lt;w:LsdException Locked=&quot;false&quot; Priority=&quot;63&quot; SemiHidden=&quot;false&quot;\r\n   UnhideWhenUsed=&quot;false&quot; Name=&quot;Medium Shading 1 Accent 2&quot;/&gt;\r\n  &lt;w:LsdException Locked=&quot;false&quot; Priority=&quot;64&quot; SemiHidden=&quot;false&quot;\r\n   UnhideWhenUsed=&quot;false&quot; Name=&quot;Medium Shading 2 Accent 2&quot;/&gt;\r\n  &lt;w:LsdException Locked=&quot;false&quot; Priority=&quot;65&quot; SemiHidden=&quot;false&quot;\r\n   UnhideWhenUsed=&quot;false&quot; Name=&quot;Medium List 1 Accent 2&quot;/&gt;\r\n  &lt;w:LsdException Locked=&quot;false&quot; Priority=&quot;66&quot; SemiHidden=&quot;false&quot;\r\n   UnhideWhenUsed=&quot;false&quot; Name=&quot;Medium List 2 Accent 2&quot;/&gt;\r\n  &lt;w:LsdException Locked=&quot;false&quot; Priority=&quot;67&quot; SemiHidden=&quot;false&quot;\r\n   UnhideWhenUsed=&quot;false&quot; Name=&quot;Medium Grid 1 Accent 2&quot;/&gt;\r\n  &lt;w:LsdException Locked=&quot;false&quot; Priority=&quot;68&quot; SemiHidden=&quot;false&quot;\r\n   UnhideWhenUsed=&quot;false&quot; Name=&quot;Medium Grid 2 Accent 2&quot;/&gt;\r\n  &lt;w:LsdException Locked=&quot;false&quot; Priority=&quot;69&quot; SemiHidden=&quot;false&quot;\r\n   UnhideWhenUsed=&quot;false&quot; Name=&quot;Medium Grid 3 Accent 2&quot;/&gt;\r\n  &lt;w:LsdException Locked=&quot;false&quot; Priority=&quot;70&quot; SemiHidden=&quot;false&quot;\r\n   UnhideWhenUsed=&quot;false&quot; Name=&quot;Dark List Accent 2&quot;/&gt;\r\n  &lt;w:LsdException Locked=&quot;false&quot; Priority=&quot;71&quot; SemiHidden=&quot;false&quot;\r\n   UnhideWhenUsed=&quot;false&quot; Name=&quot;Colorful Shading Accent 2&quot;/&gt;\r\n  &lt;w:LsdException Locked=&quot;false&quot; Priority=&quot;72&quot; SemiHidden=&quot;false&quot;\r\n   UnhideWhenUsed=&quot;false&quot; Name=&quot;Colorful List Accent 2&quot;/&gt;\r\n  &lt;w:LsdException Locked=&quot;false&quot; Priority=&quot;73&quot; SemiHidden=&quot;false&quot;\r\n   UnhideWhenUsed=&quot;false&quot; Name=&quot;Colorful Grid Accent 2&quot;/&gt;\r\n  &lt;w:LsdException Locked=&quot;false&quot; Priority=&quot;60&quot; SemiHidden=&quot;false&quot;\r\n   UnhideWhenUsed=&quot;false&quot; Name=&quot;Light Shading Accent 3&quot;/&gt;\r\n  &lt;w:LsdException Locked=&quot;false&quot; Priority=&quot;61&quot; SemiHidden=&quot;false&quot;\r\n   UnhideWhenUsed=&quot;false&quot; Name=&quot;Light List Accent 3&quot;/&gt;\r\n  &lt;w:LsdException Locked=&quot;false&quot; Priority=&quot;62&quot; SemiHidden=&quot;false&quot;\r\n   UnhideWhenUsed=&quot;false&quot; Name=&quot;Light Grid Accent 3&quot;/&gt;\r\n  &lt;w:LsdException Locked=&quot;false&quot; Priority=&quot;63&quot; SemiHidden=&quot;false&quot;\r\n   UnhideWhenUsed=&quot;false&quot; Name=&quot;Medium Shading 1 Accent 3&quot;/&gt;\r\n  &lt;w:LsdException Locked=&quot;false&quot; Priority=&quot;64&quot; SemiHidden=&quot;false&quot;\r\n   UnhideWhenUsed=&quot;false&quot; Name=&quot;Medium Shading 2 Accent 3&quot;/&gt;\r\n  &lt;w:LsdException Locked=&quot;false&quot; Priority=&quot;65&quot; SemiHidden=&quot;false&quot;\r\n   UnhideWhenUsed=&quot;false&quot; Name=&quot;Medium List 1 Accent 3&quot;/&gt;\r\n  &lt;w:LsdException Locked=&quot;false&quot; Priority=&quot;66&quot; SemiHidden=&quot;false&quot;\r\n   UnhideWhenUsed=&quot;false&quot; Name=&quot;Medium List 2 Accent 3&quot;/&gt;\r\n  &lt;w:LsdException Locked=&quot;false&quot; Priority=&quot;67&quot; SemiHidden=&quot;false&quot;\r\n   UnhideWhenUsed=&quot;false&quot; Name=&quot;Medium Grid 1 Accent 3&quot;/&gt;\r\n  &lt;w:LsdException Locked=&quot;false&quot; Priority=&quot;68&quot; SemiHidden=&quot;false&quot;\r\n   UnhideWhenUsed=&quot;false&quot; Name=&quot;Medium Grid 2 Accent 3&quot;/&gt;\r\n  &lt;w:LsdException Locked=&quot;false&quot; Priority=&quot;69&quot; SemiHidden=&quot;false&quot;\r\n   UnhideWhenUsed=&quot;false&quot; Name=&quot;Medium Grid 3 Accent 3&quot;/&gt;\r\n  &lt;w:LsdException Locked=&quot;false&quot; Priority=&quot;70&quot; SemiHidden=&quot;false&quot;\r\n   UnhideWhenUsed=&quot;false&quot; Name=&quot;Dark List Accent 3&quot;/&gt;\r\n  &lt;w:LsdException Locked=&quot;false&quot; Priority=&quot;71&quot; SemiHidden=&quot;false&quot;\r\n   UnhideWhenUsed=&quot;false&quot; Name=&quot;Colorful Shading Accent 3&quot;/&gt;\r\n  &lt;w:LsdException Locked=&quot;false&quot; Priority=&quot;72&quot; SemiHidden=&quot;false&quot;\r\n   UnhideWhenUsed=&quot;false&quot; Name=&quot;Colorful List Accent 3&quot;/&gt;\r\n  &lt;w:LsdException Locked=&quot;false&quot; Priority=&quot;73&quot; SemiHidden=&quot;false&quot;\r\n   UnhideWhenUsed=&quot;false&quot; Name=&quot;Colorful Grid Accent 3&quot;/&gt;\r\n  &lt;w:LsdException Locked=&quot;false&quot; Priority=&quot;60&quot; SemiHidden=&quot;false&quot;\r\n   UnhideWhenUsed=&quot;false&quot; Name=&quot;Light Shading Accent 4&quot;/&gt;\r\n  &lt;w:LsdException Locked=&quot;false&quot; Priority=&quot;61&quot; SemiHidden=&quot;false&quot;\r\n   UnhideWhenUsed=&quot;false&quot; Name=&quot;Light List Accent 4&quot;/&gt;\r\n  &lt;w:LsdException Locked=&quot;false&quot; Priority=&quot;62&quot; SemiHidden=&quot;false&quot;\r\n   UnhideWhenUsed=&quot;false&quot; Name=&quot;Light Grid Accent 4&quot;/&gt;\r\n  &lt;w:LsdException Locked=&quot;false&quot; Priority=&quot;63&quot; SemiHidden=&quot;false&quot;\r\n   UnhideWhenUsed=&quot;false&quot; Name=&quot;Medium Shading 1 Accent 4&quot;/&gt;\r\n  &lt;w:LsdException Locked=&quot;false&quot; Priority=&quot;64&quot; SemiHidden=&quot;false&quot;\r\n   UnhideWhenUsed=&quot;false&quot; Name=&quot;Medium Shading 2 Accent 4&quot;/&gt;\r\n  &lt;w:LsdException Locked=&quot;false&quot; Priority=&quot;65&quot; SemiHidden=&quot;false&quot;\r\n   UnhideWhenUsed=&quot;false&quot; Name=&quot;Medium List 1 Accent 4&quot;/&gt;\r\n  &lt;w:LsdException Locked=&quot;false&quot; Priority=&quot;66&quot; SemiHidden=&quot;false&quot;\r\n   UnhideWhenUsed=&quot;false&quot; Name=&quot;Medium List 2 Accent 4&quot;/&gt;\r\n  &lt;w:LsdException Locked=&quot;false&quot; Priority=&quot;67&quot; SemiHidden=&quot;false&quot;\r\n   UnhideWhenUsed=&quot;false&quot; Name=&quot;Medium Grid 1 Accent 4&quot;/&gt;\r\n  &lt;w:LsdException Locked=&quot;false&quot; Priority=&quot;68&quot; SemiHidden=&quot;false&quot;\r\n   UnhideWhenUsed=&quot;false&quot; Name=&quot;Medium Grid 2 Accent 4&quot;/&gt;\r\n  &lt;w:LsdException Locked=&quot;false&quot; Priority=&quot;69&quot; SemiHidden=&quot;false&quot;\r\n   UnhideWhenUsed=&quot;false&quot; Name=&quot;Medium Grid 3 Accent 4&quot;/&gt;\r\n  &lt;w:LsdException Locked=&quot;false&quot; Priority=&quot;70&quot; SemiHidden=&quot;false&quot;\r\n   UnhideWhenUsed=&quot;false&quot; Name=&quot;Dark List Accent 4&quot;/&gt;\r\n  &lt;w:LsdException Locked=&quot;false&quot; Priority=&quot;71&quot; SemiHidden=&quot;false&quot;\r\n   UnhideWhenUsed=&quot;false&quot; Name=&quot;Colorful Shading Accent 4&quot;/&gt;\r\n  &lt;w:LsdException Locked=&quot;false&quot; Priority=&quot;72&quot; SemiHidden=&quot;false&quot;\r\n   UnhideWhenUsed=&quot;false&quot; Name=&quot;Colorful List Accent 4&quot;/&gt;\r\n  &lt;w:LsdException Locked=&quot;false&quot; Priority=&quot;73&quot; SemiHidden=&quot;false&quot;\r\n   UnhideWhenUsed=&quot;false&quot; Name=&quot;Colorful Grid Accent 4&quot;/&gt;\r\n  &lt;w:LsdException Locked=&quot;false&quot; Priority=&quot;60&quot; SemiHidden=&quot;false&quot;\r\n   UnhideWhenUsed=&quot;false&quot; Name=&quot;Light Shading Accent 5&quot;/&gt;\r\n  &lt;w:LsdException Locked=&quot;false&quot; Priority=&quot;61&quot; SemiHidden=&quot;false&quot;\r\n   UnhideWhenUsed=&quot;false&quot; Name=&quot;Light List Accent 5&quot;/&gt;\r\n  &lt;w:LsdException Locked=&quot;false&quot; Priority=&quot;62&quot; SemiHidden=&quot;false&quot;\r\n   UnhideWhenUsed=&quot;false&quot; Name=&quot;Light Grid Accent 5&quot;/&gt;\r\n  &lt;w:LsdException Locked=&quot;false&quot; Priority=&quot;63&quot; SemiHidden=&quot;false&quot;\r\n   UnhideWhenUsed=&quot;false&quot; Name=&quot;Medium Shading 1 Accent 5&quot;/&gt;\r\n  &lt;w:LsdException Locked=&quot;false&quot; Priority=&quot;64&quot; SemiHidden=&quot;false&quot;\r\n   UnhideWhenUsed=&quot;false&quot; Name=&quot;Medium Shading 2 Accent 5&quot;/&gt;\r\n  &lt;w:LsdException Locked=&quot;false&quot; Priority=&quot;65&quot; SemiHidden=&quot;false&quot;\r\n   UnhideWhenUsed=&quot;false&quot; Name=&quot;Medium List 1 Accent 5&quot;/&gt;\r\n  &lt;w:LsdException Locked=&quot;false&quot; Priority=&quot;66&quot; SemiHidden=&quot;false&quot;\r\n   UnhideWhenUsed=&quot;false&quot; Name=&quot;Medium List 2 Accent 5&quot;/&gt;\r\n  &lt;w:LsdException Locked=&quot;false&quot; Priority=&quot;67&quot; SemiHidden=&quot;false&quot;\r\n   UnhideWhenUsed=&quot;false&quot; Name=&quot;Medium Grid 1 Accent 5&quot;/&gt;\r\n  &lt;w:LsdException Locked=&quot;false&quot; Priority=&quot;68&quot; SemiHidden=&quot;false&quot;\r\n   UnhideWhenUsed=&quot;false&quot; Name=&quot;Medium Grid 2 Accent 5&quot;/&gt;\r\n  &lt;w:LsdException Locked=&quot;false&quot; Priority=&quot;69&quot; SemiHidden=&quot;false&quot;\r\n   UnhideWhenUsed=&quot;false&quot; Name=&quot;Medium Grid 3 Accent 5&quot;/&gt;\r\n  &lt;w:LsdException Locked=&quot;false&quot; Priority=&quot;70&quot; SemiHidden=&quot;false&quot;\r\n   UnhideWhenUsed=&quot;false&quot; Name=&quot;Dark List Accent 5&quot;/&gt;\r\n  &lt;w:LsdException Locked=&quot;false&quot; Priority=&quot;71&quot; SemiHidden=&quot;false&quot;\r\n   UnhideWhenUsed=&quot;false&quot; Name=&quot;Colorful Shading Accent 5&quot;/&gt;\r\n  &lt;w:LsdException Locked=&quot;false&quot; Priority=&quot;72&quot; SemiHidden=&quot;false&quot;\r\n   UnhideWhenUsed=&quot;false&quot; Name=&quot;Colorful List Accent 5&quot;/&gt;\r\n  &lt;w:LsdException Locked=&quot;false&quot; Priority=&quot;73&quot; SemiHidden=&quot;false&quot;\r\n   UnhideWhenUsed=&quot;false&quot; Name=&quot;Colorful Grid Accent 5&quot;/&gt;\r\n  &lt;w:LsdException Locked=&quot;false&quot; Priority=&quot;60&quot; SemiHidden=&quot;false&quot;\r\n   UnhideWhenUsed=&quot;false&quot; Name=&quot;Light Shading Accent 6&quot;/&gt;\r\n  &lt;w:LsdException Locked=&quot;false&quot; Priority=&quot;61&quot; SemiHidden=&quot;false&quot;\r\n   UnhideWhenUsed=&quot;false&quot; Name=&quot;Light List Accent 6&quot;/&gt;\r\n  &lt;w:LsdException Locked=&quot;false&quot; Priority=&quot;62&quot; SemiHidden=&quot;false&quot;\r\n   UnhideWhenUsed=&quot;false&quot; Name=&quot;Light Grid Accent 6&quot;/&gt;\r\n  &lt;w:LsdException Locked=&quot;false&quot; Priority=&quot;63&quot; SemiHidden=&quot;false&quot;\r\n   UnhideWhenUsed=&quot;false&quot; Name=&quot;Medium Shading 1 Accent 6&quot;/&gt;\r\n  &lt;w:LsdException Locked=&quot;false&quot; Priority=&quot;64&quot; SemiHidden=&quot;false&quot;\r\n   UnhideWhenUsed=&quot;false&quot; Name=&quot;Medium Shading 2 Accent 6&quot;/&gt;\r\n  &lt;w:LsdException Locked=&quot;false&quot; Priority=&quot;65&quot; SemiHidden=&quot;false&quot;\r\n   UnhideWhenUsed=&quot;false&quot; Name=&quot;Medium List 1 Accent 6&quot;/&gt;\r\n  &lt;w:LsdException Locked=&quot;false&quot; Priority=&quot;66&quot; SemiHidden=&quot;false&quot;\r\n   UnhideWhenUsed=&quot;false&quot; Name=&quot;Medium List 2 Accent 6&quot;/&gt;\r\n  &lt;w:LsdException Locked=&quot;false&quot; Priority=&quot;67&quot; SemiHidden=&quot;false&quot;\r\n   UnhideWhenUsed=&quot;false&quot; Name=&quot;Medium Grid 1 Accent 6&quot;/&gt;\r\n  &lt;w:LsdException Locked=&quot;false&quot; Priority=&quot;68&quot; SemiHidden=&quot;false&quot;\r\n   UnhideWhenUsed=&quot;false&quot; Name=&quot;Medium Grid 2 Accent 6&quot;/&gt;\r\n  &lt;w:LsdException Locked=&quot;false&quot; Priority=&quot;69&quot; SemiHidden=&quot;false&quot;\r\n   UnhideWhenUsed=&quot;false&quot; Name=&quot;Medium Grid 3 Accent 6&quot;/&gt;\r\n  &lt;w:LsdException Locked=&quot;false&quot; Priority=&quot;70&quot; SemiHidden=&quot;false&quot;\r\n   UnhideWhenUsed=&quot;false&quot; Name=&quot;Dark List Accent 6&quot;/&gt;\r\n  &lt;w:LsdException Locked=&quot;false&quot; Priority=&quot;71&quot; SemiHidden=&quot;false&quot;\r\n   UnhideWhenUsed=&quot;false&quot; Name=&quot;Colorful Shading Accent 6&quot;/&gt;\r\n  &lt;w:LsdException Locked=&quot;false&quot; Priority=&quot;72&quot; SemiHidden=&quot;false&quot;\r\n   UnhideWhenUsed=&quot;false&quot; Name=&quot;Colorful List Accent 6&quot;/&gt;\r\n  &lt;w:LsdException Locked=&quot;false&quot; Priority=&quot;73&quot; SemiHidden=&quot;false&quot;\r\n   UnhideWhenUsed=&quot;false&quot; Name=&quot;Colorful Grid Accent 6&quot;/&gt;\r\n  &lt;w:LsdException Locked=&quot;false&quot; Priority=&quot;19&quot; SemiHidden=&quot;false&quot;\r\n   UnhideWhenUsed=&quot;false&quot; QFormat=&quot;true&quot; Name=&quot;Subtle Emphasis&quot;/&gt;\r\n  &lt;w:LsdException Locked=&quot;false&quot; Priority=&quot;21&quot; SemiHidden=&quot;false&quot;\r\n   UnhideWhenUsed=&quot;false&quot; QFormat=&quot;true&quot; Name=&quot;Intense Emphasis&quot;/&gt;\r\n  &lt;w:LsdException Locked=&quot;false&quot; Priority=&quot;31&quot; SemiHidden=&quot;false&quot;\r\n   UnhideWhenUsed=&quot;false&quot; QFormat=&quot;true&quot; Name=&quot;Subtle Reference&quot;/&gt;\r\n  &lt;w:LsdException Locked=&quot;false&quot; Priority=&quot;32&quot; SemiHidden=&quot;false&quot;\r\n   UnhideWhenUsed=&quot;false&quot; QFormat=&quot;true&quot; Name=&quot;Intense Reference&quot;/&gt;\r\n  &lt;w:LsdException Locked=&quot;false&quot; Priority=&quot;33&quot; SemiHidden=&quot;false&quot;\r\n   UnhideWhenUsed=&quot;false&quot; QFormat=&quot;true&quot; Name=&quot;Book Title&quot;/&gt;\r\n  &lt;w:LsdException Locked=&quot;false&quot; Priority=&quot;37&quot; Name=&quot;Bibliography&quot;/&gt;\r\n  &lt;w:LsdException Locked=&quot;false&quot; Priority=&quot;39&quot; QFormat=&quot;true&quot; Name=&quot;TOC Heading&quot;/&gt;\r\n &lt;/w:LatentStyles&gt;\r\n&lt;/xml&gt;&lt;![endif]--&gt;\r\n&lt;style&gt;\r\n    &lt;!--\r\n /* Font Definitions */\r\n @font-face\r\n\t{font-family:&quot;Cambria Math&quot;;\r\n\tpanose-1:2 4 5 3 5 4 6 3 2 4;\r\n\tmso-font-charset:0;\r\n\tmso-generic-font-family:roman;\r\n\tmso-font-pitch:variable;\r\n\tmso-font-signature:-1610611985 1107304683 0 0 159 0;}\r\n /* Style Definitions */\r\n p.MsoNormal, li.MsoNormal, div.MsoNormal\r\n\t{mso-style-unhide:no;\r\n\tmso-style-qformat:yes;\r\n\tmso-style-parent:&quot;&quot;;\r\n\tmargin:0in;\r\n\tmargin-bottom:.0001pt;\r\n\tmso-pagination:widow-orphan;\r\n\tfont-size:12.0pt;\r\n\tfont-family:&quot;Times New Roman&quot;,&quot;serif&quot;;\r\n\tmso-fareast-font-family:&quot;Times New Roman&quot;;\r\n\tmso-ansi-language:EN-CA;\r\n\tmso-fareast-language:FR;}\r\np.MsoBibliography, li.MsoBibliography, div.MsoBibliography\r\n\t{mso-style-priority:37;\r\n\tmso-style-next:Normal;\r\n\tmargin:0in;\r\n\tmargin-bottom:.0001pt;\r\n\tmso-pagination:widow-orphan;\r\n\tfont-size:12.0pt;\r\n\tfont-family:&quot;Times New Roman&quot;,&quot;serif&quot;;\r\n\tmso-fareast-font-family:&quot;Times New Roman&quot;;\r\n\tmso-ansi-language:EN-CA;\r\n\tmso-fareast-language:FR;}\r\n.MsoChpDefault\r\n\t{mso-style-type:export-only;\r\n\tmso-default-props:yes;\r\n\tfont-size:10.0pt;\r\n\tmso-ansi-font-size:10.0pt;\r\n\tmso-bidi-font-size:10.0pt;}\r\n@page Section1\r\n\t{size:8.5in 11.0in;\r\n\tmargin:1.0in 1.0in 1.0in 1.0in;\r\n\tmso-header-margin:.5in;\r\n\tmso-footer-margin:.5in;\r\n\tmso-paper-source:0;}\r\ndiv.Section1\r\n\t{page:Section1;}\r\n--&gt;\r\n&lt;/style&gt;\r\n&lt;!--[if gte mso 10]&gt;\r\n&lt;style&gt;\r\n /* Style Definitions */\r\n table.MsoNormalTable\r\n\t{mso-style-name:&quot;Table Normal&quot;;\r\n\tmso-tstyle-rowband-size:0;\r\n\tmso-tstyle-colband-size:0;\r\n\tmso-style-noshow:yes;\r\n\tmso-style-priority:99;\r\n\tmso-style-qformat:yes;\r\n\tmso-style-parent:&quot;&quot;;\r\n\tmso-padding-alt:0in 5.4pt 0in 5.4pt;\r\n\tmso-para-margin:0in;\r\n\tmso-para-margin-bottom:.0001pt;\r\n\tmso-pagination:widow-orphan;\r\n\tfont-size:11.0pt;\r\n\tfont-family:&quot;Calibri&quot;,&quot;sans-serif&quot;;\r\n\tmso-ascii-font-family:Calibri;\r\n\tmso-ascii-theme-font:minor-latin;\r\n\tmso-fareast-font-family:&quot;Times New Roman&quot;;\r\n\tmso-fareast-theme-font:minor-fareast;\r\n\tmso-hansi-font-family:Calibri;\r\n\tmso-hansi-theme-font:minor-latin;\r\n\tmso-bidi-font-family:&quot;Times New Roman&quot;;\r\n\tmso-bidi-theme-font:minor-bidi;}\r\n&lt;/style&gt;\r\n&lt;![endif]--&gt;\r\n&lt;style&gt;\r\n    &lt;!-- /* Font Definitions */ @font-face {font-family:&quot;Cambria Math&quot;; panose-1:2 4 5 3 5 4 6 3 2 4; mso-font-charset:0; mso-generic-font-family:roman; mso-font-pitch:variable; mso-font-signature:-1610611985 1107304683 0 0 159 0;} /* Style Definitions */ p.MsoNormal, li.MsoNormal, div.MsoNormal {mso-style-unhide:no; mso-style-qformat:yes; mso-style-parent:&quot;&quot;; margin:0in; margin-bottom:.0001pt; mso-pagination:widow-orphan; font-size:12.0pt; font-family:&quot;Times New Roman&quot;,&quot;serif&quot;; mso-fareast-font-family:&quot;Times New Roman&quot;; mso-ansi-language:EN-CA; mso-fareast-language:FR;} p.MsoBibliography, li.MsoBibliography, div.MsoBibliography {mso-style-priority:37; mso-style-next:Normal; margin:0in; margin-bottom:.0001pt; mso-pagination:widow-orphan; font-size:12.0pt; font-family:&quot;Times New Roman&quot;,&quot;serif&quot;; mso-fareast-font-family:&quot;Times New Roman&quot;; mso-ansi-language:EN-CA; mso-fareast-language:FR;} .MsoChpDefault {mso-style-type:export-only; mso-default-props:yes; font-size:10.0pt; mso-ansi-font-size:10.0pt; mso-bidi-font-size:10.0pt;} @page Section1 {size:8.5in 11.0in; margin:1.0in 1.0in 1.0in 1.0in; mso-header-margin:.5in; mso-footer-margin:.5in; mso-paper-source:0;} div.Section1 {page:Section1;} --&gt;\r\n&lt;/style&gt;\r\nFinished .xsl file for ACS (American Journal of Chemistry) format (http://www.lib.berkeley.edu/CHEM/acsstyle.html)<br>\r\nit presents citations as:<br>\r\n&nbsp;<em>(1)</em>, <em>(2,3)</em> etc...<br>\r\nand bibliographic references as:<br>\r\n&lt;style&gt;\r\n    &lt;!-- /* Font Definitions */ @font-face {font-family:&quot;Cambria Math&quot;; panose-1:2 4 5 3 5 4 6 3 2 4; mso-font-charset:0; mso-generic-font-family:roman; mso-font-pitch:variable; mso-font-signature:-1610611985 1107304683 0 0 159 0;} /* Style Definitions */ p.MsoNormal, li.MsoNormal, div.MsoNormal {mso-style-unhide:no; mso-style-qformat:yes; mso-style-parent:&quot;&quot;; margin:0in; margin-bottom:.0001pt; mso-pagination:widow-orphan; font-size:12.0pt; font-family:&quot;Times New Roman&quot;,&quot;serif&quot;; mso-fareast-font-family:&quot;Times New Roman&quot;; mso-ansi-language:EN-CA; mso-fareast-language:FR;} p.MsoBibliography, li.MsoBibliography, div.MsoBibliography {mso-style-priority:37; mso-style-next:Normal; margin:0in; margin-bottom:.0001pt; mso-pagination:widow-orphan; font-size:12.0pt; font-family:&quot;Times New Roman&quot;,&quot;serif&quot;; mso-fareast-font-family:&quot;Times New Roman&quot;; mso-ansi-language:EN-CA; mso-fareast-language:FR;} .MsoChpDefault {mso-style-type:export-only; mso-default-props:yes; font-size:10.0pt; mso-ansi-font-size:10.0pt; mso-bidi-font-size:10.0pt;} @page Section1 {size:8.5in 11.0in; margin:1.0in 1.0in 1.0in 1.0in; mso-header-margin:.5in; mso-footer-margin:.5in; mso-paper-source:0;} div.Section1 {page:Section1;} --&gt;\r\n&lt;/style&gt;\r\n<table cellpadding=0 border=0 width=\"100%\" style=\"width:100%\">\r\n    <tbody>\r\n        <tr>\r\n            <td valign=top style=\"padding:0.75pt\">\r\n            <p><span>(44)</span> </p>\r\n            </td>\r\n            <td valign=top style=\"padding:0.75pt\">\r\n            <p><span>Morales-Morales, D.; Grause, C.; Kasaoka, K.; Redón, R.; Cramer, R. E.; Jensen, C. <em>Inorg. Chim. Acta</em> <strong>2000</strong>, <em>300-302</em>, 958.</span> </p>\r\n            </td>\r\n        </tr>\r\n        <tr>\r\n            <td valign=top style=\"padding:0.75pt\">\r\n            <p><span>(45)</span> </p>\r\n            </td>\r\n            <td valign=top style=\"padding:0.75pt\">\r\n            <p><span>Birnbaum, E. R.; Javora, P. H. Organotin Hydrides. In <em>Inorganic Syntheses</em>. Parry, R. W., Ed.; McGraw-Hill, 1970; 12, pp. 45-57.</span> </p>\r\n            </td>\r\n        </tr>\r\n    </tbody>\r\n</table>\r\n<br>\r\nIt's still a work in progress. For now, the journal article, book, book chapter, and report (formatted for theses) functions are there, and work well. Might add other source types later. Tried to make an alternate version where citations are presented as superscripts instead, but I couldn't figure out how to format it.<br>\r\n<br>\r\nI don't have anywhere to post the xml file online, but I can submit it to make it availible to other people.<br>\r\n",
    "PostedDate": "2008-11-24T11:36:17.19-08:00",
    "UserRole": null,
    "MarkedAsAnswerDate": null
  },
  {
    "Id": "134859",
    "ThreadId": "40659",
    "Html": "Oops...to clarify...<br>\r\n<br>\r\nFinished .xsl file for ACS (American Journal of Chemistry) format (http://www.lib.berkeley.edu/CHEM/acsstyle.html)<br>\r\nit presents citations as:<br>\r\n&nbsp;<em>(1)</em>, <em>(2,3)</em> etc...<br>\r\nand bibliographic references as:<br>\r\n1.<span>&nbsp; Morales-Morales, D.; Grause, C.; Kasaoka, K.; Redón, R.; Cramer, R. E.; Jensen, C. <em>Inorg. Chim. Acta</em> <strong>2000</strong>, <em>300-302</em>, 958.</span><br>\r\n2.<span>&nbsp; Birnbaum, E. R.; Javora, P. H. Organotin Hydrides. In <em>Inorganic Syntheses</em>. Parry, R. W., Ed.; McGraw-Hill, 1970; 12, pp. 45-57.</span><br>\r\n<br>\r\nIt's still a work in progress. For now, the journal article, book,\r\nbook chapter, and report (formatted for theses) functions are there,\r\nand work well. Might add other source types later. Tried to make an\r\nalternate version where citations are presented as superscripts\r\ninstead, but I couldn't figure out how to format it.<br>\r\n<br>\r\nI don't have anywhere to post the xml file online, but I can submit it to make it availible to other people.\r\n",
    "PostedDate": "2008-11-24T11:45:50.6-08:00",
    "UserRole": null,
    "MarkedAsAnswerDate": null
  },
  {
    "Id": "134886",
    "ThreadId": "40659",
    "Html": "In-text citations can not be represented in superscript through the stylesheet. There is an easy workaround though.<br>\r\n<br>\r\nIn word you can create new character styles and apply them to an in-text citation. Then when you execute the stylesheet again to 'reformat' all in-text citations and bibliographies, the character style you applied to the in-text citation remains. So the first time when you enter the in-text citation, you have to manually set its style to your prefered character style, and as of then, it will always be formatted correctly.<br>\r\n<br>\r\nTo create your own character style for citations, open up the style pane (alt+ctrl+shift+s). Then at the bottom click the &quot;New style&quot; button. In the window you get, set the following:<br>\r\n<br>\r\nName: Citation<br>\r\nStyle type: Character<br>\r\nStyle based on: Default Paragraph Font<br>\r\n<br>\r\nClick the &quot;Format ...&quot; button and select &quot;Font ...&quot;. Select &quot;Superscript&quot; and press &quot;Ok&quot;.<br>\r\n<br>\r\nThen whenever you have added an in-text citation, just select it, and set its style to the 'Citation' style you created. <br>\r\n<br>\r\nI agree it is not the ideal solution, but it is a workable one.<br>\r\n",
    "PostedDate": "2008-11-24T12:59:55.603-08:00",
    "UserRole": null,
    "MarkedAsAnswerDate": null
  }
]