[
  {
    "Id": "233866",
    "ThreadId": "68733",
    "Html": "<p>Hello,</p>\r\n<p>&nbsp;&nbsp;&nbsp; I'm helping my wife with her chemistry thesis. We're using the ACSCitSeq2 stylesheet, which has been really great so far. We do, however, encounter a problem when trying to add &quot;et al.&quot; to the list of author names. Is there a way/hack to get Word to display this correctly?</p>\r\n<p>&nbsp;</p>\r\n<p>Thanks,</p>\r\n<p>Gilad</p>",
    "PostedDate": "2009-09-12T06:16:45.14-07:00",
    "UserRole": null,
    "MarkedAsAnswerDate": null
  },
  {
    "Id": "233911",
    "ThreadId": "68733",
    "Html": "<p>When you enter a source in Word, you should enter all the names. The responsibility to only show a number of names followed by &quot;et al.&quot; is up to the stylesheet.</p>\r\n<p>When you check the format strings for authors in the stylesheet, you will see something like &quot;<span style=\"font-size:x-small\">%Author:2%&quot;</span>. This means that authors are formatted using the information in list 2. A bit further down you will find list 2:</p>\r\n<p><span style=\"font-size:x-small\">\r\n<div style=\"color:Black;background-color:White\">\r\n<pre>      <span style=\"color:Blue\">&lt;</span><span style=\"color:#A31515\">list</span> <span style=\"color:Red\">name</span><span style=\"color:Blue\">=</span><span style=\"color:Black\">&quot;</span><span style=\"color:Blue\">author</span><span style=\"color:Black\">&quot;</span> <span style=\"color:Red\">id</span><span style=\"color:Blue\">=</span><span style=\"color:Black\">&quot;</span><span style=\"color:Blue\">2</span><span style=\"color:Black\">&quot;</span><span style=\"color:Blue\">&gt;</span>\r\n        <span style=\"color:Blue\">&lt;</span><span style=\"color:#A31515\">single_prefix</span><span style=\"color:Blue\">&gt;</span><span style=\"color:Blue\">&lt;/</span><span style=\"color:#A31515\">single_prefix</span><span style=\"color:Blue\">&gt;</span>\r\n        <span style=\"color:Blue\">&lt;</span><span style=\"color:#A31515\">multi_prefix</span><span style=\"color:Blue\">&gt;</span><span style=\"color:Blue\">&lt;/</span><span style=\"color:#A31515\">multi_prefix</span><span style=\"color:Blue\">&gt;</span>\r\n        <span style=\"color:Blue\">&lt;</span><span style=\"color:#A31515\">corporate</span><span style=\"color:Blue\">&gt;</span>{%Corporate%}<span style=\"color:Blue\">&lt;/</span><span style=\"color:#A31515\">corporate</span><span style=\"color:Blue\">&gt;</span>\r\n        <span style=\"color:Blue\">&lt;</span><span style=\"color:#A31515\">first_person</span><span style=\"color:Blue\">&gt;</span>{%Last|First|Middle%{, %First:adps|Middle:adps%{ %Middle:adps%}}}<span style=\"color:Blue\">&lt;/</span><span style=\"color:#A31515\">first_person</span><span style=\"color:Blue\">&gt;</span>\r\n        <span style=\"color:Blue\">&lt;</span><span style=\"color:#A31515\">other_persons</span><span style=\"color:Blue\">&gt;</span>{%Last|First|Middle%{, %First:adps|Middle:adps%{ %Middle:adps%}}}<span style=\"color:Blue\">&lt;/</span><span style=\"color:#A31515\">other_persons</span><span style=\"color:Blue\">&gt;</span>\r\n        <span style=\"color:Blue\">&lt;</span><span style=\"color:#A31515\">separator_between_if_two</span><span style=\"color:Blue\">&gt;</span>; <span style=\"color:Blue\">&lt;/</span><span style=\"color:#A31515\">separator_between_if_two</span><span style=\"color:Blue\">&gt;</span>\r\n        <span style=\"color:Blue\">&lt;</span><span style=\"color:#A31515\">separator_between_if_more_than_two</span><span style=\"color:Blue\">&gt;</span>; <span style=\"color:Blue\">&lt;/</span><span style=\"color:#A31515\">separator_between_if_more_than_two</span><span style=\"color:Blue\">&gt;</span>\r\n        <span style=\"color:Blue\">&lt;</span><span style=\"color:#A31515\">separator_before_last</span><span style=\"color:Blue\">&gt;</span>; <span style=\"color:Blue\">&lt;/</span><span style=\"color:#A31515\">separator_before_last</span><span style=\"color:Blue\">&gt;</span>\r\n        <span style=\"color:Blue\">&lt;</span><span style=\"color:#A31515\">max_number_of_persons_to_display</span><span style=\"color:Blue\">&gt;</span>100<span style=\"color:Blue\">&lt;/</span><span style=\"color:#A31515\">max_number_of_persons_to_display</span><span style=\"color:Blue\">&gt;</span>\r\n        <span style=\"color:Blue\">&lt;</span><span style=\"color:#A31515\">number_of_persons_to_display_if_more_than_max</span><span style=\"color:Blue\">&gt;</span>100<span style=\"color:Blue\">&lt;/</span><span style=\"color:#A31515\">number_of_persons_to_display_if_more_than_max</span><span style=\"color:Blue\">&gt;</span>\r\n        <span style=\"color:Blue\">&lt;</span><span style=\"color:#A31515\">overflow</span><span style=\"color:Blue\">&gt;</span>, et al.<span style=\"color:Blue\">&lt;/</span><span style=\"color:#A31515\">overflow</span><span style=\"color:Blue\">&gt;</span>\r\n        <span style=\"color:Blue\">&lt;</span><span style=\"color:#A31515\">single_suffix</span><span style=\"color:Blue\">&gt;</span><span style=\"color:Blue\">&lt;/</span><span style=\"color:#A31515\">single_suffix</span><span style=\"color:Blue\">&gt;</span>\r\n        <span style=\"color:Blue\">&lt;</span><span style=\"color:#A31515\">multi_suffix</span><span style=\"color:Blue\">&gt;</span><span style=\"color:Blue\">&lt;/</span><span style=\"color:#A31515\">multi_suffix</span><span style=\"color:Blue\">&gt;</span>\r\n      <span style=\"color:Blue\">&lt;/</span><span style=\"color:#A31515\">list</span><span style=\"color:Blue\">&gt;</span>\r\n</pre>\r\n</div>\r\n</span></p>\r\n<p>What is important in your case is <em>max_number_of_persons_to_display</em>, <em>number_of_persons_to_display_if_more_than_max</em>, and <em>overflow</em>.</p>\r\n<p>The elements are pretty much self-explaining:</p>\r\n<ul>\r\n<li><em>max_number_of_persons_to_display: </em>how many authors can be displayed maximally. If the source has less authors than this number, then all authors will be displayed.</li>\r\n<li><em>number_of_persons_to_display_if_more_than_max</em>: if there are more authors than the number specified in the previous variable, how many should be displayed.</li>\r\n<li><em>overflow</em>: if not all the authors are displayed, what should be added after the last author is displayed.</li>\r\n</ul>\r\n<p>So you will probably have to change the values of <em>max_number_of_persons_to_display</em> and&nbsp;<em>number_of_persons_to_display_if_more_than_max</em> to suit your needs. <em>overflow</em> is probably already defined as you want it. As ACS requires you to cite all authors, I did set them to 100 to be on the safe side and never have to get past those limits.</p>\r\n<p>In the rare case you don't know all the authors when you enter the source, you can add &quot;; et al.&quot; after the last author you know (I strongly advice against this). So the entry in your source could look like &quot;Dhondt, Yves; et al.&quot;. This will result in a display like &quot;Dhondt, Y.; et al.&quot;. This is because your &quot;et al.&quot; will be considered the last name of a person of who you have no first name.</p>",
    "PostedDate": "2009-09-12T11:38:07.93-07:00",
    "UserRole": null,
    "MarkedAsAnswerDate": null
  },
  {
    "Id": "234077",
    "ThreadId": "68733",
    "Html": "<p>Is it possible to do something similar in the APA style sheet? I've been trying to find similar variables to change, but without luck.</p>\r\n<p>&nbsp;</p>\r\n<p>&nbsp;</p>",
    "PostedDate": "2009-09-13T12:24:00.977-07:00",
    "UserRole": null,
    "MarkedAsAnswerDate": null
  },
  {
    "Id": "234093",
    "ThreadId": "68733",
    "Html": "<p>The APA style is provided by Microsoft and has no connection to BibWord. As it is XSL, you can still edit it to fit your needs. It will just be a lot harder to find what you are looking for though.</p>\r\n<p>For in-text citations look where the variable &quot;cAuthors&quot; is defined. Just beneath it you will see a loop for formatting the authors. In it, the number 6 is hardcoded. So you will probably have to play around with that number.</p>\r\n<p>For bibliographies, you probably&nbsp;should check out the following&nbsp;templates</p>\r\n<ul>\r\n<li>formatPersonsAuthor</li>\r\n<li>formatPersonsAuthor2</li>\r\n<li>formatPersons</li>\r\n<li>formatPersons2</li>\r\n</ul>\r\n<p>All of them contain similar code with the hardcoded number 6. I haven't checked which one does what though. So I can't comment on which one to change or not.</p>",
    "PostedDate": "2009-09-13T14:48:11.07-07:00",
    "UserRole": null,
    "MarkedAsAnswerDate": null
  },
  {
    "Id": "234487",
    "ThreadId": "68733",
    "Html": "<p>I only wanted to change the inline citations and that was very easy with your help with the cauthors variable.</p>\r\n<p>But then I noticed that Word puts a comma before et al. , so it becomes for example &quot;Bates, et al. &quot;.</p>\r\n<p>This was also the case before I changed 6 to 2 but I hadn't noticed that, so it looks like word handles &quot;et al&quot; as a new author?</p>\r\n<p>Can you give me any tips on how to handle that?</p>",
    "PostedDate": "2009-09-14T14:10:32.097-07:00",
    "UserRole": null,
    "MarkedAsAnswerDate": null
  },
  {
    "Id": "234614",
    "ThreadId": "68733",
    "Html": "<p>Without testing, just below it, there is a code section looking like this:</p>\r\n<div style=\"color:Black;background-color:White\">\r\n<pre><span style=\"color:Blue\">&lt;</span><span style=\"color:#A31515\">xsl</span><span style=\"color:Blue\">:</span><span style=\"color:#A31515\">when</span> <span style=\"color:Red\">test</span><span style=\"color:Blue\">=</span><span style=\"color:Black\">&quot;</span><span style=\"color:Blue\">(position() = 1 and $cAuthors &gt; 6)</span><span style=\"color:Black\">&quot;</span><span style=\"color:Blue\">&gt;</span>\r\n  <span style=\"color:Blue\">&lt;</span><span style=\"color:#A31515\">xsl</span><span style=\"color:Blue\">:</span><span style=\"color:#A31515\">call-template</span> <span style=\"color:Red\">name</span><span style=\"color:Blue\">=</span><span style=\"color:Black\">&quot;</span><span style=\"color:Blue\">templ_prop_ListSeparator</span><span style=\"color:Black\">&quot;</span><span style=\"color:Blue\">/&gt;</span>\r\n  <span style=\"color:Blue\">&lt;</span><span style=\"color:#A31515\">xsl</span><span style=\"color:Blue\">:</span><span style=\"color:#A31515\">call-template</span> <span style=\"color:Red\">name</span><span style=\"color:Blue\">=</span><span style=\"color:Black\">&quot;</span><span style=\"color:Blue\">templ_str_AndOthersUnCap</span><span style=\"color:Black\">&quot;</span><span style=\"color:Blue\">/&gt;</span>\r\n<span style=\"color:Blue\">&lt;/</span><span style=\"color:#A31515\">xsl</span><span style=\"color:Blue\">:</span><span style=\"color:#A31515\">when</span><span style=\"color:Blue\">&gt;</span>\r\n</pre>\r\n</div>\r\n<p>If I'm not mistaken, this indicates that the separtor should be shown (&quot;,&quot;) followed by the string for others (&quot;et al.&quot;). So you could try removing the line:</p>\r\n<div style=\"color:Black;background-color:White\">\r\n<pre><span style=\"color:Blue\">&lt;</span><span style=\"color:#A31515\">xsl</span><span style=\"color:Blue\">:</span><span style=\"color:#A31515\">call-template</span> <span style=\"color:Red\">name</span><span style=\"color:Blue\">=</span><span style=\"color:Black\">&quot;</span><span style=\"color:Blue\">templ_prop_ListSeparator</span><span style=\"color:Black\">&quot;</span><span style=\"color:Blue\">/&gt;</span>\r\n</pre>\r\n</div>\r\n<p>and see what you get.&nbsp;</p>",
    "PostedDate": "2009-09-14T23:44:31.28-07:00",
    "UserRole": null,
    "MarkedAsAnswerDate": null
  }
]