[
  {
    "Id": "109143",
    "ThreadId": "32936",
    "Html": "Yves and others, here's another item missing from Word's APA fields -- the original publication date, especially for a book chapter or article. Here's an example:<br>\r\n<blockquote>\r\n<p><span>Buñuel, L. (2002). Cinema, instrument of poetry. In C.\r\nFowler (Ed.), <em>The European cinema reader</em> (pp. 45-48). London: Routledge. </span><span>(Original\r\nwork published 1953)</span></p>\r\n</blockquote>\r\nwhich would be cited as<br>\r\n<blockquote><span>Buñuel, L. (1953/2002)<br>\r\n</span></blockquote><span></span>I'm in the middle of writing 3 papers, but will try to play around with the &quot;APA with Title&quot; style when I get a chance. What has to be done to add a new field? <br>\r\n<br>\r\nThanks, Sue<br>\r\n<span></span>\r\n",
    "PostedDate": "2008-08-05T09:29:08.82-07:00",
    "UserRole": null,
    "MarkedAsAnswerDate": null
  },
  {
    "Id": "109195",
    "ThreadId": "32936",
    "Html": "Sue,<br>\r\n<br>\r\nThe quick and dirty solution: add (Original work published 1953) to the Comments field and print that at the end of your citation. And for the in-text part, use the prefix switch. The clean solution would indeed be to (ab)use a field such as&nbsp;the 'YearAccessed' field for that.<br>\r\n&nbsp;<br>\r\nYou can add any field to an existing type of source or even create a new type of source using the BibType&nbsp;tool. Or since it is just one field and only for yourself, just search for bibform.xml and edit it yourself.<br>\r\n<br>\r\nIf it is not just for yourself, there is the issue of compatibility to consider. Firstly, there is an xml&nbsp;schema (shared-bibliography.xsd)&nbsp;which defines&nbsp;the different fields and the&nbsp;different source types. Adding new fields or types will result in the custom xml inside your docx no longer being valid. This does not&nbsp;really matter, since Word 2007 never validates custom xml, it might not even have access to the schema. Secondly, if you introduce a new type of sources, you cannot expect &quot;older&quot; bibliography styles to know how to handle the formatting. But then again, I guess most users of&nbsp;the bibliography tools stick to one&nbsp;formatting style anyway. So you could distribute a bibform together with the stylesheet and don't care about it.<br>\r\n<br>\r\nEnough 'moral' considerations ... <br>\r\n<br>\r\nI'm assuming you are going for the YearAccessed field. In APA.xsl you find the following code for the in-text citation:<br>\r\n<span style=\"font-size:13px;color:#0000ff\"><span style=\"font-size:13px;color:#0000ff\">&lt;</span></span> <span style=\"font-size:13px;color:#2b91af\"><span style=\"font-size:13px;color:#2b91af\">xsl:variable</span></span><span style=\"font-size:13px;color:#0000ff\"><span style=\"font-size:13px;color:#0000ff\"> </span></span><span style=\"font-size:13px;color:#ff0000\"><span style=\"font-size:13px;color:#ff0000\">name</span></span><span style=\"font-size:13px;color:#0000ff\"><span style=\"font-size:13px;color:#0000ff\">=</span></span><span style=\"font-size:13px\">&quot;</span><span style=\"font-size:13px;color:#0000ff\"><span style=\"font-size:13px;color:#0000ff\">year0</span></span><span style=\"font-size:13px\">&quot;</span><span style=\"font-size:13px;color:#0000ff\"><span style=\"font-size:13px;color:#0000ff\">&gt;<br>\r\n&nbsp;&nbsp;&nbsp; &lt;</span></span><span style=\"font-size:13px;color:#2b91af\"><span style=\"font-size:13px;color:#2b91af\">xsl:value-of</span></span><span style=\"font-size:13px;color:#0000ff\"><span style=\"font-size:13px;color:#0000ff\"> </span></span><span style=\"font-size:13px;color:#ff0000\"><span style=\"font-size:13px;color:#ff0000\">select</span></span><span style=\"font-size:13px;color:#0000ff\"><span style=\"font-size:13px;color:#0000ff\">=</span></span><span style=\"font-size:13px\">&quot;</span><span style=\"font-size:13px;color:#0000ff\"><span style=\"font-size:13px;color:#0000ff\">msxsl:node-set($ListPopulatedWithMain)/b:Citation/b:Source/b:Year</span></span><span style=\"font-size:13px\">&quot;</span><span style=\"font-size:13px;color:#0000ff\"><span style=\"font-size:13px;color:#0000ff\"> /&gt;<br>\r\n&lt;/</span></span><span style=\"font-size:13px;color:#2b91af\"><span style=\"font-size:13px;color:#2b91af\">xsl:variable</span></span><span style=\"font-size:13px;color:#0000ff\"><span style=\"font-size:13px;color:#0000ff\">&gt; </span></span><br>\r\nSo this should become something similar to the following:<br>\r\n<br>\r\n<span style=\"font-size:13px;color:#0000ff\"><span style=\"font-size:13px;color:#0000ff\">&lt; </span></span><span style=\"font-size:13px;color:#2b91af\"><span style=\"font-size:13px;color:#2b91af\">xsl:variable</span></span><span style=\"font-size:13px;color:#0000ff\"><span style=\"font-size:13px;color:#0000ff\"> </span></span><span style=\"font-size:13px;color:#ff0000\"><span style=\"font-size:13px;color:#ff0000\">name</span></span><span style=\"font-size:13px;color:#0000ff\"><span style=\"font-size:13px;color:#0000ff\">=</span></span><span style=\"font-size:13px\">&quot;</span><span style=\"font-size:13px;color:#0000ff\"><span style=\"font-size:13px;color:#0000ff\">year0</span></span><span style=\"font-size:13px\">&quot;</span><span style=\"font-size:13px;color:#0000ff\"><span style=\"font-size:13px;color:#0000ff\">&gt;<br>\r\n&nbsp; &nbsp; &lt;!--</span></span><span style=\"font-size:13px;color:#008000\"><span style=\"font-size:13px;color:#008000\"> Verify that Year and YearAccessed both exist and are not empty. Also only do this for books. </span></span><span style=\"font-size:13px;color:#0000ff\"><span style=\"font-size:13px;color:#0000ff\">--&gt;<br>\r\n&nbsp;&nbsp;&nbsp; &lt;</span></span><span style=\"font-size:13px;color:#2b91af\"><span style=\"font-size:13px;color:#2b91af\">xsl:if</span></span><span style=\"font-size:13px;color:#0000ff\"><span style=\"font-size:13px;color:#0000ff\"> </span></span><span style=\"font-size:13px;color:#ff0000\"><span style=\"font-size:13px;color:#ff0000\">test</span></span><span style=\"font-size:13px;color:#0000ff\"><span style=\"font-size:13px;color:#0000ff\">=</span></span><span style=\"font-size:13px\">&quot;</span><span style=\"font-size:13px;color:#0000ff\"><span style=\"font-size:13px;color:#0000ff\">string(msxsl:node-set($ListPopulatedWithMain)/b:Citation/b:Source/b:Year) and string(msxsl:node-set($ListPopulatedWithMain)/b:Citation/b:Source/b:YearAccessed) and&nbsp;<span style=\"font-size:13px;color:#0000ff\">msxsl:node-set($ListPopulatedWithMain)/b:Citation/b:Source/b:SourceType = 'Book'</span></span></span><span style=\"font-size:13px\">&quot;</span><span style=\"font-size:13px;color:#0000ff\"><span style=\"font-size:13px;color:#0000ff\">&gt;<br>\r\n&nbsp;&nbsp;&nbsp;&nbsp;&nbsp;&nbsp;&nbsp; &lt;</span></span><span style=\"font-size:13px;color:#2b91af\"><span style=\"font-size:13px;color:#2b91af\">xsl:value-of</span></span><span style=\"font-size:13px;color:#0000ff\"><span style=\"font-size:13px;color:#0000ff\"> </span></span><span style=\"font-size:13px;color:#ff0000\"><span style=\"font-size:13px;color:#ff0000\">select</span></span><span style=\"font-size:13px;color:#0000ff\"><span style=\"font-size:13px;color:#0000ff\">=</span></span><span style=\"font-size:13px\">&quot;</span><span style=\"font-size:13px;color:#0000ff\"><span style=\"font-size:13px;color:#0000ff\">msxsl:node-set($ListPopulatedWithMain)/b:Citation/b:Source/b:YearAccessed</span></span><span style=\"font-size:13px\">&quot;</span><span style=\"font-size:13px;color:#0000ff\"><span style=\"font-size:13px;color:#0000ff\"> /&gt;<br>\r\n&nbsp;&nbsp;&nbsp;&nbsp;&nbsp;&nbsp;&nbsp; &lt;</span></span><span style=\"font-size:13px;color:#2b91af\"><span style=\"font-size:13px;color:#2b91af\">xsl:text</span></span><span style=\"font-size:13px;color:#0000ff\"><span style=\"font-size:13px;color:#0000ff\">&gt;</span></span><span style=\"font-size:13px\">/</span><span style=\"font-size:13px;color:#0000ff\"><span style=\"font-size:13px;color:#0000ff\">&lt;/</span></span><span style=\"font-size:13px;color:#2b91af\"><span style=\"font-size:13px;color:#2b91af\">xsl:text</span></span><span style=\"font-size:13px;color:#0000ff\"><span style=\"font-size:13px;color:#0000ff\">&gt;<br>\r\n&nbsp;&nbsp;&nbsp; &lt;/</span></span><span style=\"font-size:13px;color:#2b91af\"><span style=\"font-size:13px;color:#2b91af\">xsl:if</span></span><span style=\"font-size:13px;color:#0000ff\"><span style=\"font-size:13px;color:#0000ff\">&gt;<br>\r\n&nbsp;&nbsp;&nbsp; &lt;</span></span><span style=\"font-size:13px;color:#2b91af\"><span style=\"font-size:13px;color:#2b91af\">xsl:value-of</span></span><span style=\"font-size:13px;color:#0000ff\"><span style=\"font-size:13px;color:#0000ff\"> </span></span><span style=\"font-size:13px;color:#ff0000\"><span style=\"font-size:13px;color:#ff0000\">select</span></span><span style=\"font-size:13px;color:#0000ff\"><span style=\"font-size:13px;color:#0000ff\">=</span></span><span style=\"font-size:13px\">&quot;</span><span style=\"font-size:13px;color:#0000ff\"><span style=\"font-size:13px;color:#0000ff\">msxsl:node-set($ListPopulatedWithMain)/b:Citation/b:Source/b:Year</span></span><span style=\"font-size:13px\">&quot;</span><span style=\"font-size:13px;color:#0000ff\"><span style=\"font-size:13px;color:#0000ff\"> /&gt;<br>\r\n&lt;/</span></span><span style=\"font-size:13px;color:#2b91af\"><span style=\"font-size:13px;color:#2b91af\">xsl:variable</span></span><span style=\"font-size:13px;color:#0000ff\"><span style=\"font-size:13px;color:#0000ff\">&gt; </span></span><br>\r\n<br>\r\nThen for the bibliography, the entire formatting for books is concentrated within the 'when' structure starting with:<br>\r\n<br>\r\n<span style=\"font-size:13px;color:#0000ff\"><span style=\"font-size:13px;color:#0000ff\"></span></span><span style=\"font-size:13px;color:#2b91af\"><span style=\"font-size:13px;color:#2b91af\"><span style=\"font-size:13px;color:#0000ff\">&lt; </span>xsl:when</span></span><span style=\"font-size:13px;color:#0000ff\"><span style=\"font-size:13px;color:#0000ff\"> </span></span><span style=\"font-size:13px;color:#ff0000\"><span style=\"font-size:13px;color:#ff0000\">test</span></span><span style=\"font-size:13px;color:#0000ff\"><span style=\"font-size:13px;color:#0000ff\">=</span></span><span style=\"font-size:13px\">&quot;</span><span style=\"font-size:13px;color:#0000ff\"><span style=\"font-size:13px;color:#0000ff\">b:SourceType='Book'</span></span><span style=\"font-size:13px\">&quot;</span><span style=\"font-size:13px;color:#0000ff\"><span style=\"font-size:13px;color:#0000ff\">&gt; </span></span><br>\r\n<br>\r\nSo I guess you will have to go to the end of the when structure, and just before the tag closes, add something along the following lines:<br>\r\n<br>\r\n<span style=\"font-size:13px;color:#0000ff\"><span style=\"font-size:13px;color:#0000ff\">&lt;</span></span> <span style=\"font-size:13px;color:#2b91af\"><span style=\"font-size:13px;color:#2b91af\">xsl:if</span></span><span style=\"font-size:13px;color:#0000ff\"><span style=\"font-size:13px;color:#0000ff\"> </span></span><span style=\"font-size:13px;color:#ff0000\"><span style=\"font-size:13px;color:#ff0000\">test</span></span><span style=\"font-size:13px;color:#0000ff\"><span style=\"font-size:13px;color:#0000ff\">=</span></span><span style=\"font-size:13px\">&quot;</span><span style=\"font-size:13px;color:#0000ff\"><span style=\"font-size:13px;color:#0000ff\">string(b:YearAccessed)</span></span><span style=\"font-size:13px\">&quot;</span><span style=\"font-size:13px;color:#0000ff\"><span style=\"font-size:13px;color:#0000ff\">&gt;<br>\r\n&nbsp;&nbsp;&nbsp; &lt;</span></span><span style=\"font-size:13px;color:#2b91af\"><span style=\"font-size:13px;color:#2b91af\">xsl:text</span></span><span style=\"font-size:13px;color:#0000ff\"><span style=\"font-size:13px;color:#0000ff\">&gt;</span></span><span style=\"font-size:13px\">(Original work published </span><span style=\"font-size:13px;color:#0000ff\"><span style=\"font-size:13px;color:#0000ff\">&lt;/</span></span><span style=\"font-size:13px;color:#2b91af\"><span style=\"font-size:13px;color:#2b91af\">xsl:text</span></span><span style=\"font-size:13px;color:#0000ff\"><span style=\"font-size:13px;color:#0000ff\">&gt;<br>\r\n&nbsp;&nbsp;&nbsp; &lt;</span></span><span style=\"font-size:13px;color:#2b91af\"><span style=\"font-size:13px;color:#2b91af\">xsl:value-of</span></span><span style=\"font-size:13px;color:#0000ff\"><span style=\"font-size:13px;color:#0000ff\"> </span></span><span style=\"font-size:13px;color:#ff0000\"><span style=\"font-size:13px;color:#ff0000\">select</span></span><span style=\"font-size:13px;color:#0000ff\"><span style=\"font-size:13px;color:#0000ff\">=</span></span><span style=\"font-size:13px\">&quot;</span><span style=\"font-size:13px;color:#0000ff\"><span style=\"font-size:13px;color:#0000ff\">b:YearAccessed</span></span><span style=\"font-size:13px\">&quot;</span><span style=\"font-size:13px;color:#0000ff\"><span style=\"font-size:13px;color:#0000ff\">/&gt;<br>\r\n&nbsp;&nbsp;&nbsp; &lt;</span></span><span style=\"font-size:13px;color:#2b91af\"><span style=\"font-size:13px;color:#2b91af\">xsl:text</span></span><span style=\"font-size:13px;color:#0000ff\"><span style=\"font-size:13px;color:#0000ff\">&gt;</span></span><span style=\"font-size:13px\">)</span><span style=\"font-size:13px;color:#0000ff\"><span style=\"font-size:13px;color:#0000ff\">&lt;/</span></span><span style=\"font-size:13px;color:#2b91af\"><span style=\"font-size:13px;color:#2b91af\">xsl:text</span></span><span style=\"font-size:13px;color:#0000ff\"><span style=\"font-size:13px;color:#0000ff\">&gt;<br>\r\n&lt;/</span></span><span style=\"font-size:13px;color:#2b91af\"><span style=\"font-size:13px;color:#2b91af\">xsl:if</span></span><span style=\"font-size:13px;color:#0000ff\"><span style=\"font-size:13px;color:#0000ff\">&gt; <br>\r\n</span></span><br>\r\nI did not test any of the above code, its just some ideas which should help you along the way.&nbsp;<br>\r\n<br>\r\nYves\r\n",
    "PostedDate": "2008-08-05T13:46:45.113-07:00",
    "UserRole": null,
    "MarkedAsAnswerDate": null
  }
]