[
  {
    "Id": "180565",
    "ThreadId": "53640",
    "Html": "I would like to report two bugs concerning the Harvard Anglia style and a feature request for all of your styles. I hope that the developers of Bibword can address these issues.<br>\r\n<br>\r\nFirst, the bugs: The bibliography doesn't include a trailing full stop (.) for a report source and a colon (:) after the publishing place for a magazine source. Below I have an extract of my bibliography, showing a report (bug), a magazine (bug) and a book (correct).<br>\r\n<p><span>\r\nJensen, M.S. et al., 2006. </span><em><span>Offshore wind turbines situated in areas with strong currents</span></em><span>. Report. Offshore Center Danmark</span></p>\r\n<p><span>Margheritini, L., Martinelli, L., Lamberti, A. &amp; Frigaard, P., 2006. Scour around monopile foundation for off-shore wind turbine in presence of steady and tidal currents. In Smith, J.M. ed. <em>Proceedings of the 30th International Conference on Coastal Engineering, San Diego</em>. Singapore World Scientific Publishing Co. Pte. Ltd.</span></p>\r\n<p><span>Sumer, B.M. &amp; Fredsøe, J., 1997. <em>Hydrodynamics around cylindrical structures</em>. 1999th ed. Singapore: World Scientific Publishing Co. Pte. Ltd.<br>\r\n</span></p>\r\n<p><span>Finally, I would like to be able to </span>show standard numbers such as ISBN/ISSN/DOI for all my references in the bibliography.</p>\r\nThanks in advance!\r\n<p></p>\r\n",
    "PostedDate": "2009-04-17T05:51:44.187-07:00",
    "UserRole": null,
    "MarkedAsAnswerDate": null
  },
  {
    "Id": "180588",
    "ThreadId": "53640",
    "Html": "<p>Thanks for reporting the bugs, they should be fixed now.</p>\r\n<p>Note that the missing of the colon (:) in conference proceedings is not the actual bug. The actual bug was the missing conference date (at least the year). For example:</p>\r\n<blockquote style=\"margin-right:0px\" dir=ltr>\r\n<p>Margheritini, L., Martinelli, L., Lamberti, A. &amp; Frigaard, P., 2006. Scour around monopile foundation for off-shore wind turbine in presence of steady and tidal currents. In Smith, J.M. ed. <em>Proceedings of the 30th International Conference on Coastal Engineering, San Diego</em>. Singapore<span style=\"color:#ff0000\">, 2006.</span> World Scientific Publishing Co. Pte. Ltd.</p>\r\n</blockquote>\r\n<p>or if you have a full date (I made up a date): </p>\r\n<blockquote style=\"margin-right:0px\" dir=ltr>\r\n<p>Margheritini, L., Martinelli, L., Lamberti, A. &amp; Frigaard, P., 2006. Scour around monopile foundation for off-shore wind turbine in presence of steady and tidal currents. In Smith, J.M. ed. <em>Proceedings of the 30th International Conference on Coastal Engineering, San Diego</em>. Singapore<span style=\"color:#ff0000\">, 24-26 May 2006.</span> World Scientific Publishing Co. Pte. Ltd.</p>\r\n</blockquote>\r\n<p>The open xml bibliography data model does not support a DOI field. I guess you could use the ISBN/ISSN field instead. If you want the field to be displayed, you will have to add it yourself in the appropriate place. The variable you should use is <em>StandardNumber</em>. If the number would be the final number (and no specific punctuation should be considered), the following would be added to the end of the <em>format</em> strings of the bibliography:</p>\r\n<blockquote style=\"margin-right:0px\" dir=ltr>\r\n<p>{ %StandardNumber%.}</p>\r\n</blockquote>\r\n",
    "PostedDate": "2009-04-17T06:50:55.7-07:00",
    "UserRole": null,
    "MarkedAsAnswerDate": null
  },
  {
    "Id": "180799",
    "ThreadId": "53640",
    "Html": "Hi Yves<br>\r\n<br>\r\nThank you very much for your quick reply and the bug fixes. I also managed to add the standard number to my bibliography, very useful! <br>\r\n<br>\r\nI have found some additional &quot;bugs&quot; in the bibliography of the Harvard Anglia style, which I hope that you can address:&nbsp; <br>\r\n<br>\r\n1) A conference article should also show: &nbsp; page numbers, number, publisher.<br>\r\n<br>\r\n2) A journal article should also show: &nbsp; &nbsp; &nbsp;&nbsp; volume, number, city, publisher.<br>\r\n<br>\r\n3) I would also like to show the source comment for book source types, I have one comment saying &quot;Reprinted 1999&quot;. <br>\r\n<br>\r\n4) The DocumentFromInternetSite source type is not supported in the bibliography or in the citations.<br>\r\n<br>\r\n",
    "PostedDate": "2009-04-18T05:11:24.647-07:00",
    "UserRole": null,
    "MarkedAsAnswerDate": null
  },
  {
    "Id": "180804",
    "ThreadId": "53640",
    "Html": "<p>1) A conference article should also show:   page numbers, number, publisher.</p>\r\n<blockquote style=\"margin-right:0px\" dir=ltr>\r\n<p style=\"font-style:italic\">No, according to http://libweb.anglia.ac.uk/referencing/harvard.htm?harvard_id=51#51 page numbers should not be included for conference papers.</p>\r\n</blockquote>\r\n<p>2) A journal article should also show:        volume, number, city, publisher.</p>\r\n<blockquote style=\"margin-right:0px\" dir=ltr>\r\n<p style=\"font-style:italic\">No, according to http://libweb.anglia.ac.uk/referencing/harvard.htm?harvard_id=32#32 publisher and city information should not be included for journal articles.</p>\r\n</blockquote>\r\n<p>3)I would also like to show the source comment for book source types, I have one comment saying &quot;Reprinted 1999&quot;. </p>\r\n<blockquote style=\"margin-right:0px\" dir=ltr>\r\n<p style=\"font-style:italic\">You will have to add that one yourself as there is no clean definition of usage. The variable is <strong>Comments</strong> and can be applied in the same way as StandardNumber: { %Comments%.}</p>\r\n</blockquote>\r\n<p>4) The DocumentFromInternetSite source type is not supported in the bibliography or in the citations.</p>\r\n<blockquote style=\"margin-right:0px\" dir=ltr>\r\n<p style=\"font-style:italic\">Many types are not supported. Mostly because at the time the style was first made, there was no exact information on how to do the formatting. The <a href=\"http://bibliography.codeplex.com/Release/ProjectReleases.aspx?ReleaseId=19783\">release notes</a> tell which types are supported. That said, now that they provided more elaborate formatting rules on their site, I'll probably update the style within the next week to add some extra types.</p>\r\n</blockquote>\r\n",
    "PostedDate": "2009-04-18T05:34:42.3-07:00",
    "UserRole": null,
    "MarkedAsAnswerDate": null
  },
  {
    "Id": "180818",
    "ThreadId": "53640",
    "Html": "Hi Yves, thanks for your clarification and help.<br>\r\n<br>\r\nConcerning the journal articles, as far as I can see from the Harvard guideline, it still requires a <em>volume </em>and <em>issue </em>number - and this isn't shown in the bibliography when I have filled-in the &quot;volume&quot; and &quot;number&quot; fields for the journal article source.<br>\r\n<br>\r\nOne last thing, so far at least ;-) : Is it possible to show citations with &quot;et al.&quot; instead of &quot;et al&quot;, i.e. including the trailing dot as specified in the Harvard guideline? This applies for my journal and conference sources.<br>\r\n",
    "PostedDate": "2009-04-18T08:24:05.913-07:00",
    "UserRole": null,
    "MarkedAsAnswerDate": null
  },
  {
    "Id": "180825",
    "ThreadId": "53640",
    "Html": "<p>Volume number and issue are shown in the current version. For <a href=\"http://libweb.anglia.ac.uk/referencing/harvard.htm?harvard_id=32#32\">example</a>:</p>\r\n<ul>\r\n    <li style=\"font-family:calibri;font-size:14px\">Author: Perry, C</li>\r\n    <li style=\"font-family:calibri;font-size:14px\">Title: What health care assistants know about clean hands</li>\r\n    <li style=\"font-family:calibri;font-size:14px\">Journal Name: Nursing Times</li>\r\n    <li style=\"font-family:calibri;font-size:14px\">Year: 2001</li>\r\n    <li style=\"font-family:calibri;font-size:14px\">Pages: 63-64</li>\r\n    <li style=\"font-family:calibri;font-size:14px\">Volume: 97</li>\r\n    <li style=\"font-family:calibri;font-size:14px\">Issue: 22</li>\r\n</ul>\r\n<p>Turns up as:</p>\r\n<blockquote style=\"margin-right:0px\" dir=ltr>\r\n<p style=\"font-family:calibri;font-size:14px\">Perry, C., 2001. What health care assistants know about clean hands. <i>Nursing Times</i>, 97(22), pp.63-64.</p>\r\n</blockquote>\r\n<p>Regarding the &quot;et al&quot;, that is only for in-text citations. You can change it by replacing:</p>\r\n<blockquote style=\"margin-right:0px\" dir=ltr>\r\n<p style=\"font-family:calibri;font-size:14px\">&lt;overflow&gt; et al&lt;/overflow&gt;</p>\r\n</blockquote>\r\n<p>with</p>\r\n<blockquote style=\"margin-right:0px\" dir=ltr>\r\n<p style=\"font-family:calibri;font-size:14px\">&lt;overflow&gt; et al.&lt;/overflow&gt;</p>\r\n</blockquote>\r\n",
    "PostedDate": "2009-04-18T09:19:23.22-07:00",
    "UserRole": null,
    "MarkedAsAnswerDate": null
  },
  {
    "Id": "180850",
    "ThreadId": "53640",
    "Html": "Thanks again Yves, you certainly provide quick feedback! <br>\r\n<br>\r\nI located my problem with showing volume and issue, I was using the ArticleInPeriodical instead of JournalPaper type. And thanks to your help, &quot;et al.&quot; comes out nice in my in-text citations too.<br>\r\n<br>\r\nFor your information, the JournalName isn't showing by default when creating/editing a journal paper source. I managed to fix this by adding &quot;&lt;b:ImportantField&gt;b:JournalName&lt;/b:ImportantField&gt;&quot;.<br>\r\n<br>\r\nNow, the last thing, I'm puzzled about is how to obtain a suffix after the year for repeated authorship. I have tried using the Extender tool on my document and reselecting the style in Word, but it doesn't appear to work. Both of my sources (see below) are cited as&nbsp;<span lang=EN-US style=\"font-size:11pt;line-height:115%;font-family:'calibri','sans-serif'\"></span>(Sumer et al., 1992), instead of one them as (Sumer et al., 1992b). I don't know if they are too complex to be handled automatically?\r\nIf so, I could work around the problem by adding the suffix to the year\r\nin the source.<br>\r\n<br>\r\nThe bibliography entries:<br>\r\n<br>\r\n<span>Sumer, B.M., Christiansen, N. &amp; Fredsøe, J., 1992. Time scale of scour around a vertical pile. In <em>Proceedings of the 2nd International Offshore and Polar Engineering Conference</em>. San Francisco, 1992. 3. ISBN 1-880653-03-6.<br>\r\n<br>\r\n</span><span>Sumer, B.M., Fredsøe, J. &amp; Christiansen, N., 1992. Scour around vertical pile in waves. <em>Journal of Waterway, Port, Coastal and Ocean Engineering</em>, 118(1), pp.15-31. ISSN 0733-950X/92/0001-0015.</span> <br>\r\n",
    "PostedDate": "2009-04-18T11:44:32.383-07:00",
    "UserRole": null,
    "MarkedAsAnswerDate": null
  },
  {
    "Id": "180881",
    "ThreadId": "53640",
    "Html": "I updated the style adding &quot;Document From Web site&quot; and cleaning up some other stuff.<br>\r\n<br>\r\nI tried your example both with the new and old variant and the year suffices do show up.<br>\r\n<br>\r\nAre you using Word 2008 on Mac? If so, try switching to another style and then back to the Harvard Anglia style. Reselecting does not update all the fields.<br>\r\n<br>\r\nAlso try updating the fields manually (right click on a citation and select &quot;Update Field&quot; (Word 2007).<br>\r\n<br>\r\nIf none of these things work, you can check if the Extender actually worked. Create a <i><span style=\"color:#ff0000\">copy</span></i> of your Word document and rename its extension from .docx to .zip. Open the zip file and in the customXml folder look for item1.xml. Open the file in any text editor and see if you can find &quot;YearSuffix&quot;. If so, then the document was extended. Check if you can find any non-empty YearSuffix element (e.g. &lt;b:YearSuffix&gt;a&lt;/b:YearSuffix&gt;).  \r\n",
    "PostedDate": "2009-04-18T15:20:54.91-07:00",
    "UserRole": null,
    "MarkedAsAnswerDate": null
  },
  {
    "Id": "180982",
    "ThreadId": "53640",
    "Html": "Hi Yves. Thanks for your help. <br>\r\n<br>\r\nI have tried and tried, with no luck for the existing two sources. I did manage to add two new sources where it worked for these, but still not for the existing two sources, so I removed the new ones again. I use MsWord 2007 on Vista. After extending, and looking into item1.xml (see below), all the sources do have YearSuffix elements, but all being empty.. For now, I'll just put &quot;1992b&quot; for the year. <br>\r\n<div style=\"margin-left:1em;text-indent:-2em\"><a href=\"#\">-</a> <span></span>\r\n<div style=\"margin-left:1em;text-indent:-2em\"><a href=\"#\">-</a> <span>&lt;</span><span>b:Source</span><span>&gt;</span></div>\r\n<div>\r\n<div>\r\n<div style=\"margin-left:1em;text-indent:-2em\"><span>&nbsp;</span> <span>&lt;</span><span>b:Tag</span><span>&gt;</span><span>Sum92b</span><span>&lt;/</span><span>b:Tag</span><span>&gt;</span> </div>\r\n</div>\r\n<div>\r\n<div style=\"margin-left:1em;text-indent:-2em\"><span>&nbsp;</span> <span>&lt;</span><span>b:SourceType</span><span>&gt;</span><span>ConferenceProceedings</span><span>&lt;/</span><span>b:SourceType</span><span>&gt;</span>\r\n</div>\r\n</div>\r\n<div>\r\n<div style=\"margin-left:1em;text-indent:-2em\"><span>&nbsp;</span> <span>&lt;</span><span>b:Guid</span><span>&gt;</span><span>{DA61543C-1CAC-438E-8240-6863F7B28BE6}</span><span>&lt;/</span><span>b:Guid</span><span>&gt;</span>\r\n</div>\r\n</div>\r\n<div>\r\n<div style=\"margin-left:1em;text-indent:-2em\"><span>&nbsp;</span> <span>&lt;</span><span>b:LCID</span><span>&gt;</span><span>1033</span><span>&lt;/</span><span>b:LCID</span><span>&gt;</span> </div>\r\n</div>\r\n<div>\r\n<div style=\"margin-left:1em;text-indent:-2em\"><a href=\"#\">-</a> <span>&lt;</span><span>b:Author</span><span>&gt;</span></div>\r\n<div>\r\n<div>\r\n<div style=\"margin-left:1em;text-indent:-2em\"><a href=\"#\">-</a> <span>&lt;</span><span>b:Author</span><span>&gt;</span></div>\r\n<div>\r\n<div>\r\n<div style=\"margin-left:1em;text-indent:-2em\"><a href=\"#\">-</a> <span>&lt;</span><span>b:NameList</span><span>&gt;</span></div>\r\n<div>\r\n<div>\r\n<div style=\"margin-left:1em;text-indent:-2em\"><a href=\"#\">-</a> <span>&lt;</span><span>b:Person</span><span>&gt;</span></div>\r\n<div>\r\n<div>\r\n<div style=\"margin-left:1em;text-indent:-2em\"><span>&nbsp;</span> <span>&lt;</span><span>b:Last</span><span>&gt;</span><span>Sumer</span><span>&lt;/</span><span>b:Last</span><span>&gt;</span> </div>\r\n</div>\r\n<div>\r\n<div style=\"margin-left:1em;text-indent:-2em\"><span>&nbsp;</span> <span>&lt;</span><span>b:First</span><span>&gt;</span><span>B.</span><span>&lt;/</span><span>b:First</span><span>&gt;</span> </div>\r\n</div>\r\n<div>\r\n<div style=\"margin-left:1em;text-indent:-2em\"><span>&nbsp;</span> <span>&lt;</span><span>b:Middle</span><span>&gt;</span><span>M.</span><span>&lt;/</span><span>b:Middle</span><span>&gt;</span> </div>\r\n</div>\r\n<div><span>&nbsp;</span> <span>&lt;/</span><span>b:Person</span><span>&gt;</span></div>\r\n</div>\r\n</div>\r\n<div>\r\n<div style=\"margin-left:1em;text-indent:-2em\"><a href=\"#\">-</a> <span>&lt;</span><span>b:Person</span><span>&gt;</span></div>\r\n<div>\r\n<div>\r\n<div style=\"margin-left:1em;text-indent:-2em\"><span>&nbsp;</span> <span>&lt;</span><span>b:Last</span><span>&gt;</span><span>Christiansen</span><span>&lt;/</span><span>b:Last</span><span>&gt;</span> </div>\r\n</div>\r\n<div>\r\n<div style=\"margin-left:1em;text-indent:-2em\"><span>&nbsp;</span> <span>&lt;</span><span>b:First</span><span>&gt;</span><span>N.</span><span>&lt;/</span><span>b:First</span><span>&gt;</span> </div>\r\n</div>\r\n<div><span>&nbsp;</span> <span>&lt;/</span><span>b:Person</span><span>&gt;</span></div>\r\n</div>\r\n</div>\r\n<div>\r\n<div style=\"margin-left:1em;text-indent:-2em\"><a href=\"#\">-</a> <span>&lt;</span><span>b:Person</span><span>&gt;</span></div>\r\n<div>\r\n<div>\r\n<div style=\"margin-left:1em;text-indent:-2em\"><span>&nbsp;</span> <span>&lt;</span><span>b:Last</span><span>&gt;</span><span>Fredsøe</span><span>&lt;/</span><span>b:Last</span><span>&gt;</span> </div>\r\n</div>\r\n<div>\r\n<div style=\"margin-left:1em;text-indent:-2em\"><span>&nbsp;</span> <span>&lt;</span><span>b:First</span><span>&gt;</span><span>J.</span><span>&lt;/</span><span>b:First</span><span>&gt;</span> </div>\r\n</div>\r\n<div><span>&nbsp;</span> <span>&lt;/</span><span>b:Person</span><span>&gt;</span></div>\r\n</div>\r\n</div>\r\n<div><span>&nbsp;</span> <span>&lt;/</span><span>b:NameList</span><span>&gt;</span></div>\r\n</div>\r\n</div>\r\n<div><span>&nbsp;</span> <span>&lt;/</span><span>b:Author</span><span>&gt;</span></div>\r\n</div>\r\n</div>\r\n<div><span>&nbsp;</span> <span>&lt;/</span><span>b:Author</span><span>&gt;</span></div>\r\n</div>\r\n</div>\r\n<div>\r\n<div style=\"margin-left:1em;text-indent:-2em\"><span>&nbsp;</span> <span>&lt;</span><span>b:Title</span><span>&gt;</span><span>Time scale of scour around a vertical pile</span><span>&lt;/</span><span>b:Title</span><span>&gt;</span>\r\n</div>\r\n</div>\r\n<div>\r\n<div style=\"margin-left:1em;text-indent:-2em\"><span>&nbsp;</span> <span>&lt;</span><span>b:Year</span><span>&gt;</span><span>1992</span><span>&lt;/</span><span>b:Year</span><span>&gt;</span> </div>\r\n</div>\r\n<div>\r\n<div style=\"margin-left:1em;text-indent:-2em\"><span>&nbsp;</span> <span>&lt;</span><span>b:Pages</span><span>&gt;</span><span>308-315</span><span>&lt;/</span><span>b:Pages</span><span>&gt;</span> </div>\r\n</div>\r\n<div>\r\n<div style=\"margin-left:1em;text-indent:-2em\"><span>&nbsp;</span> <span>&lt;</span><span>b:ConferenceName</span><span>&gt;</span><span>Proceedings of the 2nd International Offshore\r\nand Polar Engineering Conference</span><span>&lt;/</span><span>b:ConferenceName</span><span>&gt;</span> </div>\r\n</div>\r\n<div>\r\n<div style=\"margin-left:1em;text-indent:-2em\"><span>&nbsp;</span> <span>&lt;</span><span>b:StandardNumber</span><span>&gt;</span><span>ISBN 1-880653-03-6</span><span>&lt;/</span><span>b:StandardNumber</span><span>&gt;</span> </div>\r\n</div>\r\n<div>\r\n<div style=\"margin-left:1em;text-indent:-2em\"><span>&nbsp;</span> <span>&lt;</span><span>b:City</span><span>&gt;</span><span>San Francisco</span><span>&lt;/</span><span>b:City</span><span>&gt;</span> </div>\r\n</div>\r\n<div>\r\n<div style=\"margin-left:1em;text-indent:-2em\"><span>&nbsp;</span> <span>&lt;</span><span>b:Volume</span><span>&gt;</span><span>3</span><span>&lt;/</span><span>b:Volume</span><span>&gt;</span> </div>\r\n</div>\r\n<div>\r\n<div style=\"margin-left:1em;text-indent:-2em\"><span>&nbsp;</span> <span>&lt;</span><span>b:BibOrder</span><span>&gt;</span><span>12</span><span>&lt;/</span><span>b:BibOrder</span><span>&gt;</span> </div>\r\n</div>\r\n<div>\r\n<div style=\"margin-left:1em;text-indent:-2em\"><span>&nbsp;</span> <span>&lt;</span><span>b:YearSuffix</span> <span>/&gt;</span>\r\n</div>\r\n</div>\r\n<div>\r\n<div style=\"margin-left:1em;text-indent:-2em\"><span>&nbsp;</span> <span>&lt;</span><span>b:RefOrder</span><span>&gt;</span><span>8</span><span>&lt;/</span><span>b:RefOrder</span><span>&gt;</span> </div>\r\n</div>\r\n<div><span>&nbsp;</span> <span>&lt;/</span><span>b:Source</span><span>&gt;</span></div>\r\n</div>\r\n</div>\r\n<br>\r\n<div>\r\n<div style=\"margin-left:1em;text-indent:-2em\"><a href=\"#\">-</a> <span>&lt;</span><span>b:Source</span><span>&gt;</span></div>\r\n<div>\r\n<div>\r\n<div style=\"margin-left:1em;text-indent:-2em\"><span>&nbsp;</span> <span>&lt;</span><span>b:Tag</span><span>&gt;</span><span>Sum92</span><span>&lt;/</span><span>b:Tag</span><span>&gt;</span> </div>\r\n</div>\r\n<div>\r\n<div style=\"margin-left:1em;text-indent:-2em\"><span>&nbsp;</span> <span>&lt;</span><span>b:SourceType</span><span>&gt;</span><span>JournalArticle</span><span>&lt;/</span><span>b:SourceType</span><span>&gt;</span>\r\n</div>\r\n</div>\r\n<div>\r\n<div style=\"margin-left:1em;text-indent:-2em\"><span>&nbsp;</span> <span>&lt;</span><span>b:Guid</span><span>&gt;</span><span>{1A930F8F-6742-4B53-93AA-C03D80E8E263}</span><span>&lt;/</span><span>b:Guid</span><span>&gt;</span>\r\n</div>\r\n</div>\r\n<div>\r\n<div style=\"margin-left:1em;text-indent:-2em\"><span>&nbsp;</span> <span>&lt;</span><span>b:LCID</span><span>&gt;</span><span>1033</span><span>&lt;/</span><span>b:LCID</span><span>&gt;</span> </div>\r\n</div>\r\n<div>\r\n<div style=\"margin-left:1em;text-indent:-2em\"><a href=\"#\">-</a> <span>&lt;</span><span>b:Author</span><span>&gt;</span></div>\r\n<div>\r\n<div>\r\n<div style=\"margin-left:1em;text-indent:-2em\"><a href=\"#\">-</a> <span>&lt;</span><span>b:Author</span><span>&gt;</span></div>\r\n<div>\r\n<div>\r\n<div style=\"margin-left:1em;text-indent:-2em\"><a href=\"#\">-</a> <span>&lt;</span><span>b:NameList</span><span>&gt;</span></div>\r\n<div>\r\n<div>\r\n<div style=\"margin-left:1em;text-indent:-2em\"><a href=\"#\">-</a> <span>&lt;</span><span>b:Person</span><span>&gt;</span></div>\r\n<div>\r\n<div>\r\n<div style=\"margin-left:1em;text-indent:-2em\"><span>&nbsp;</span> <span>&lt;</span><span>b:Last</span><span>&gt;</span><span>Sumer</span><span>&lt;/</span><span>b:Last</span><span>&gt;</span> </div>\r\n</div>\r\n<div>\r\n<div style=\"margin-left:1em;text-indent:-2em\"><span>&nbsp;</span> <span>&lt;</span><span>b:First</span><span>&gt;</span><span>B.</span><span>&lt;/</span><span>b:First</span><span>&gt;</span> </div>\r\n</div>\r\n<div>\r\n<div style=\"margin-left:1em;text-indent:-2em\"><span>&nbsp;</span> <span>&lt;</span><span>b:Middle</span><span>&gt;</span><span>Mutlu</span><span>&lt;/</span><span>b:Middle</span><span>&gt;</span> </div>\r\n</div>\r\n<div><span>&nbsp;</span> <span>&lt;/</span><span>b:Person</span><span>&gt;</span></div>\r\n</div>\r\n</div>\r\n<div>\r\n<div style=\"margin-left:1em;text-indent:-2em\"><a href=\"#\">-</a> <span>&lt;</span><span>b:Person</span><span>&gt;</span></div>\r\n<div>\r\n<div>\r\n<div style=\"margin-left:1em;text-indent:-2em\"><span>&nbsp;</span> <span>&lt;</span><span>b:Last</span><span>&gt;</span><span>Fredsøe</span><span>&lt;/</span><span>b:Last</span><span>&gt;</span> </div>\r\n</div>\r\n<div>\r\n<div style=\"margin-left:1em;text-indent:-2em\"><span>&nbsp;</span> <span>&lt;</span><span>b:First</span><span>&gt;</span><span>Jørgen</span><span>&lt;/</span><span>b:First</span><span>&gt;</span> </div>\r\n</div>\r\n<div><span>&nbsp;</span> <span>&lt;/</span><span>b:Person</span><span>&gt;</span></div>\r\n</div>\r\n</div>\r\n<div>\r\n<div style=\"margin-left:1em;text-indent:-2em\"><a href=\"#\">-</a> <span>&lt;</span><span>b:Person</span><span>&gt;</span></div>\r\n<div>\r\n<div>\r\n<div style=\"margin-left:1em;text-indent:-2em\"><span>&nbsp;</span> <span>&lt;</span><span>b:Last</span><span>&gt;</span><span>Christiansen</span><span>&lt;/</span><span>b:Last</span><span>&gt;</span> </div>\r\n</div>\r\n<div>\r\n<div style=\"margin-left:1em;text-indent:-2em\"><span>&nbsp;</span> <span>&lt;</span><span>b:First</span><span>&gt;</span><span>Niels</span><span>&lt;/</span><span>b:First</span><span>&gt;</span> </div>\r\n</div>\r\n<div><span>&nbsp;</span> <span>&lt;/</span><span>b:Person</span><span>&gt;</span></div>\r\n</div>\r\n</div>\r\n<div><span>&nbsp;</span> <span>&lt;/</span><span>b:NameList</span><span>&gt;</span></div>\r\n</div>\r\n</div>\r\n<div><span>&nbsp;</span> <span>&lt;/</span><span>b:Author</span><span>&gt;</span></div>\r\n</div>\r\n</div>\r\n<div><span>&nbsp;</span> <span>&lt;/</span><span>b:Author</span><span>&gt;</span></div>\r\n</div>\r\n</div>\r\n<div>\r\n<div style=\"margin-left:1em;text-indent:-2em\"><span>&nbsp;</span> <span>&lt;</span><span>b:Title</span><span>&gt;</span><span>Scour around vertical pile in waves</span><span>&lt;/</span><span>b:Title</span><span>&gt;</span>\r\n</div>\r\n</div>\r\n<div>\r\n<div style=\"margin-left:1em;text-indent:-2em\"><span>&nbsp;</span> <span>&lt;</span><span>b:Year</span><span>&gt;</span><span>1992</span><span>&lt;/</span><span>b:Year</span><span>&gt;</span> </div>\r\n</div>\r\n<div>\r\n<div style=\"margin-left:1em;text-indent:-2em\"><span>&nbsp;</span> <span>&lt;</span><span>b:Month</span><span>&gt;</span><span>Jan/Feb</span><span>&lt;/</span><span>b:Month</span><span>&gt;</span> </div>\r\n</div>\r\n<div>\r\n<div style=\"margin-left:1em;text-indent:-2em\"><span>&nbsp;</span> <span>&lt;</span><span>b:Pages</span><span>&gt;</span><span>15-31</span><span>&lt;/</span><span>b:Pages</span><span>&gt;</span> </div>\r\n</div>\r\n<div>\r\n<div style=\"margin-left:1em;text-indent:-2em\"><span>&nbsp;</span> <span>&lt;</span><span>b:Publisher</span><span>&gt;</span><span>ASCE</span><span>&lt;/</span><span>b:Publisher</span><span>&gt;</span> </div>\r\n</div>\r\n<div>\r\n<div style=\"margin-left:1em;text-indent:-2em\"><span>&nbsp;</span> <span>&lt;</span><span>b:Volume</span><span>&gt;</span><span>118</span><span>&lt;/</span><span>b:Volume</span><span>&gt;</span> </div>\r\n</div>\r\n<div>\r\n<div style=\"margin-left:1em;text-indent:-2em\"><span>&nbsp;</span> <span>&lt;</span><span>b:Issue</span><span>&gt;</span><span>1</span><span>&lt;/</span><span>b:Issue</span><span>&gt;</span> </div>\r\n</div>\r\n<div>\r\n<div style=\"margin-left:1em;text-indent:-2em\"><span>&nbsp;</span> <span>&lt;</span><span>b:StandardNumber</span><span>&gt;</span><span>ISSN 0733-950X/92/0001-0015</span><span>&lt;/</span><span>b:StandardNumber</span><span>&gt;</span> </div>\r\n</div>\r\n<div>\r\n<div style=\"margin-left:1em;text-indent:-2em\"><span>&nbsp;</span> <span>&lt;</span><span>b:JournalName</span><span>&gt;</span><span>Journal of Waterway, Port, Coastal and Ocean\r\nEngineering</span><span>&lt;/</span><span>b:JournalName</span><span>&gt;</span> </div>\r\n</div>\r\n<div>\r\n<div style=\"margin-left:1em;text-indent:-2em\"><span>&nbsp;</span> <span>&lt;</span><span>b:BibOrder</span><span>&gt;</span><span>18</span><span>&lt;/</span><span>b:BibOrder</span><span>&gt;</span> </div>\r\n</div>\r\n<div>\r\n<div style=\"margin-left:1em;text-indent:-2em\"><span>&nbsp;</span> <span>&lt;</span><span>b:YearSuffix</span> <span>/&gt;</span>\r\n</div>\r\n</div>\r\n<div>\r\n<div style=\"margin-left:1em;text-indent:-2em\"><span>&nbsp;</span> <span>&lt;</span><span>b:RefOrder</span><span>&gt;</span><span>7</span><span>&lt;/</span><span>b:RefOrder</span><span>&gt;</span> </div>\r\n</div>\r\n<div><span>&nbsp;</span> <span>&lt;/</span><span>b:Source</span><span>&gt;</span></div>\r\n</div>\r\n</div>\r\n",
    "PostedDate": "2009-04-19T08:08:17.033-07:00",
    "UserRole": null,
    "MarkedAsAnswerDate": null
  },
  {
    "Id": "181049",
    "ThreadId": "53640",
    "Html": "I copied your two examples directly into the item1.xml file, ran the Extender (<a href=\"http://bibliography.codeplex.com/Release/ProjectReleases.aspx?ReleaseId=24823\">http://bibliography.codeplex.com/Release/ProjectReleases.aspx?ReleaseId=24823</a>) and updated the fields. The suffixes are there (both a and b). So I'm at loss as to why they are not showing for you.<br>\r\n<br>\r\nHave you by any chance toyed around with the &lt;extension&gt; element inside the stylesheet? As changing the definitions in there influences the 'calculation' of the suffices.<br>\r\n<br>\r\nYves<br>\r\n<br>\r\n",
    "PostedDate": "2009-04-19T14:45:30.717-07:00",
    "UserRole": null,
    "MarkedAsAnswerDate": null
  },
  {
    "Id": "181155",
    "ThreadId": "53640",
    "Html": "Hi Yves. Thanks for looking into it, but it still doesn't work. I found out that I using the Extender v. 1.3 and also tried with the new v. 2.0 that you suggested. I haven't changed anything else inside the style sheet. Anyway, thanks for your help with all the issues here, I think that I have a useful bibliography tool for Word now.<br>\r\n",
    "PostedDate": "2009-04-20T00:29:06.35-07:00",
    "UserRole": null,
    "MarkedAsAnswerDate": null
  },
  {
    "Id": "181403",
    "ThreadId": "53640",
    "Html": "I know you solved the issue for yourself, but if you have the time, could you send me your stylesheet and a Word document where the year suffices aren't working? That way I can investigate what is going wrong and possibly fix some bugs in BibWord. You can find my email at the top of the data element normally.\r\n",
    "PostedDate": "2009-04-20T10:40:39.34-07:00",
    "UserRole": null,
    "MarkedAsAnswerDate": null
  },
  {
    "Id": "182662",
    "ThreadId": "53640",
    "Html": "Hi Yves. No problem, I'll send it right away!<br>\r\n",
    "PostedDate": "2009-04-23T00:46:57.637-07:00",
    "UserRole": null,
    "MarkedAsAnswerDate": null
  },
  {
    "Id": "227998",
    "ThreadId": "53640",
    "Html": "<p><span id=\"ctl00_ctl00_MasterContent_Content_ReleasePanelOrderingContainer_ReleaseDescriptionLiteral\">A minor mistake here. On </span>http://bibword.codeplex.com/Release/ProjectReleases.aspx?ReleaseId=19783, at the very end, you have this remark:</p>\r\n<p style=\"padding-left:30px\"><span id=\"ctl00_ctl00_MasterContent_Content_ReleasePanelOrderingContainer_ReleaseDescriptionLiteral\">If you want a space between p./pp. and the actual page number, open the file and replace all ':p.:pp.:' by ':p. :pp. '</span></p>\r\n<p>The replace string should read ':p. :pp. <span style=\"color:#ff0000\"><strong>:</strong></span>' (add a colon)</p>\r\n<p>Other than that, brilliant work, man -- thank you!</p>",
    "PostedDate": "2009-08-26T08:41:58.2-07:00",
    "UserRole": null,
    "MarkedAsAnswerDate": null
  }
]