[
  {
    "Id": "697032",
    "ThreadId": "279130",
    "Html": "\r\n<p>Hi there,</p>\r\n<p>I Hope you all are doing fine in your life.</p>\r\n<p>When I insert a citation in a paragraph of &ldquo;Normal Style&rdquo;, the citation appears in &ldquo;heading 1 style&rdquo;!! So, I have to select it and change its style to &ldquo;Normal&rdquo; manually. But, when I update the fields it will return back\r\n to &lsquo;Heading 1 Style&rdquo;. However, this happen only in the document of my thesis!! i.e. if I create a new file and insert a citation there it appears normally in &ldquo;Normal Style&rdquo;!! So what&rsquo;s wrong with my thesis document!!</p>\r\n<p>Thank you.</p>\r\n",
    "PostedDate": "2011-11-11T06:43:25.49-08:00",
    "UserRole": null,
    "MarkedAsAnswerDate": null
  },
  {
    "Id": "697077",
    "ThreadId": "279130",
    "Html": "<p>Are your in-text citations linked to your bibliography? If so, try disabling that link and see if that helps.</p>\r\n<p>It is most likely a combination of two things. Word's built-in features and a bad style design in the template you are using. There is not much you can do to get around it. One trick which might help is to use the same macro which is used to get in-text citations in superscript and adapt it so it uses the normal style instead. The macro can be found at <a href=\"http://bibword.codeplex.com/wikipage?title=Styles_FAQ&amp;referringTitle=Documentation#Q9\">http://bibword.codeplex.com/wikipage?title=Styles_FAQ&amp;referringTitle=Documentation#Q9</a></p>",
    "PostedDate": "2011-11-11T08:19:50.717-08:00",
    "UserRole": null,
    "MarkedAsAnswerDate": null
  },
  {
    "Id": "697107",
    "ThreadId": "279130",
    "Html": "<div id=\"_mcePaste\" class=\"mcePaste\" style=\"position: absolute; width: 1px; height: 1px; overflow: hidden; top: 0px; left: -10000px;\">﻿</div>\r\n<p>Thenk you \"Yves\" for your response. Yes all in-text citetions are linked to the bibliography, but I do not know how to remove thart lik (I do not want to change them to a static text). For the case of macro, I've applied the macro, but it just changed the citation to be superscript!!!</p>\r\n<p>I'm wondring why it's working fine in a new document?! but in my thesis document it is not ?</p>",
    "PostedDate": "2011-11-11T09:32:56.9-08:00",
    "UserRole": null,
    "MarkedAsAnswerDate": null
  },
  {
    "Id": "697139",
    "ThreadId": "279130",
    "Html": "<p>I'm not talking about static text, I'm talking about hyperlinking in-text citations to the bibliography. Open the style and look for</p>\r\n<div style=\"color: black; background-color: white;\">\r\n<pre><span style=\"color: blue;\">&lt;</span><span style=\"color: #a31515;\">citation_as_link</span><span style=\"color: blue;\">&gt;</span>yes<span style=\"color: blue;\">&lt;/</span><span style=\"color: #a31515;\">citation_as_link</span><span style=\"color: blue;\">&gt;</span>\r\n</pre>\r\n</div>\r\n<p>And change the 'yes' into a 'no'.</p>\r\n<p>Of course the macro puts them all in superscript, that is its intention. I suggested you should use a macro similar to that one but with the specific properties you require. It probably is already enough if you just remove the superscript line from the macro code but you will have to experiment to see what you need exactly.</p>\r\n<p>Because your thesis is based on a certain template which has specific style settings that a new blank document started from another template has not. IEEE is known for its 'buggy' template for example.</p>",
    "PostedDate": "2011-11-11T11:26:50.487-08:00",
    "UserRole": null,
    "MarkedAsAnswerDate": null
  },
  {
    "Id": "697147",
    "ThreadId": "279130",
    "Html": "<p>Thank you so much \"Yves\", I'll try that later and let you know.</p>\r\n<p>Regards</p>",
    "PostedDate": "2011-11-11T11:43:11.643-08:00",
    "UserRole": null,
    "MarkedAsAnswerDate": null
  },
  {
    "Id": "697338",
    "ThreadId": "279130",
    "Html": "<blockquote style=\"padding-bottom: 0px; font-style: italic; margin: 0.25em 1em 0px; padding-left: 0.25em; padding-right: 0.25em; padding-top: 0px; border: #ccc 0.1em solid;\"><strong>yves wrote:</strong><br />\r\n<p>I'm not talking about static text, I'm talking about hyperlinking in-text citations to the bibliography. Open the style and look for</p>\r\n<div style=\"background-color: white; color: black;\">\r\n<pre><span style=\"color: blue;\">&lt;</span><span style=\"color: #a31515;\">citation_as_link</span><span style=\"color: blue;\">&gt;</span>yes<span style=\"color: blue;\">&lt;/</span><span style=\"color: #a31515;\">citation_as_link</span><span style=\"color: blue;\">&gt;</span>\r\n</pre>\r\n</div>\r\n<p>And change the 'yes' into a 'no'.</p>\r\n<p>Of course the macro puts them all in superscript, that is its intention. I suggested you should use a macro similar to that one but with the specific properties you require. It probably is already enough if you just remove the superscript line from the macro code but you will have to experiment to see what you need exactly.</p>\r\n<p>Because your thesis is based on a certain template which has specific style settings that a new blank document started from another template has not. IEEE is known for its 'buggy' template for example.</p>\r\n</blockquote>\r\n<p><br />Dear \"yves\" I did not find this&nbsp;</p>\r\n<div style=\"color: black; background-color: white;\">\r\n<pre><span style=\"color: blue;\">&lt;</span><span style=\"color: #a31515;\">citation_as_link</span><span style=\"color: blue;\">&gt;</span>yes<span style=\"color: blue;\">&lt;/</span><span style=\"color: #a31515;\">citation_as_link</span><span style=\"color: blue;\">&gt;</span> </pre>\r\n</div>\r\n<p>in the citation template, however I found three of this&nbsp;command:&nbsp;</p>\r\n<div style=\"color: black; background-color: white;\">\r\n<div style=\"color: black; background-color: white;\">\r\n<pre>$InTextCitationAsLink = 'true' </pre>\r\n</div>\r\n</div>\r\n<div style=\"color: black; background-color: white;\">&nbsp;and I changed them all to false; but nothing happen.</div>\r\n<div style=\"color: black; background-color: white;\">You are right, my thesis document based on a tmplate I have created&nbsp;one year ago&nbsp;named&nbsp;('Thesis Tmplate.dotx') So how can I change my thesis template to&nbsp;be based on normal template?.</div>\r\n<div style=\"color: black; background-color: white;\">Thnak you.</div>\r\n<div style=\"color: black; background-color: white;\">Regards,</div>\r\n<div style=\"color: black; background-color: white;\">&nbsp;</div>\r\n<p>&nbsp;</p>",
    "PostedDate": "2011-11-12T05:53:01.773-08:00",
    "UserRole": null,
    "MarkedAsAnswerDate": null
  },
  {
    "Id": "697340",
    "ThreadId": "279130",
    "Html": "<p>Which style are you using? It sounds as if you are using <a href=\"http://bibword.codeplex.com/releases/view/15365\">http://bibword.codeplex.com/releases/view/15365</a>&nbsp;which has been deprecated for over 2 years now. There is a much newer implementation at <a href=\"http://bibword.codeplex.com/releases/view/19764\">http://bibword.codeplex.com/releases/view/19764</a>&nbsp;. There you will find the citation_as_link part.</p>",
    "PostedDate": "2011-11-12T06:16:51.363-08:00",
    "UserRole": null,
    "MarkedAsAnswerDate": null
  },
  {
    "Id": "697347",
    "ThreadId": "279130",
    "Html": "<p>Thank you for your notice.</p>\r\n<p>I&rsquo;ve downloaded the new one (<span style=\"color: #30332d; font-size: 9.5pt;\"><a href=\"http://bibword.codeplex.com/releases/view/19764#DownloadId=49964\">IEEE - Alphabetical Order*</a>) but when I insert a citation it gives me [BO] !!! </span></p>\r\n<p><span style=\"color: #30332d; font-size: 9.5pt;\">By the way, I also modified the IEEE style (the one that I&rsquo;m using) to represent the in-text citation as the first three letters of the last name of the author followed by the last 2 digits of the year. </span></p>\r\n<p><span style=\"color: #30332d; font-size: 9.5pt;\">For example if a paper has the following info : </span></p>\r\n<p style=\"padding-left: 30px;\"><span style=\"color: #30332d; font-size: 9.5pt;\">First name: <strong>John </strong></span></p>\r\n<p style=\"padding-left: 30px;\"><span style=\"color: #30332d; font-size: 9.5pt;\">Last: <strong>Mazak</strong></span></p>\r\n<p style=\"padding-left: 30px;\"><span style=\"color: #30332d; font-size: 9.5pt;\">Year <strong>2005</strong></span></p>\r\n<p><span style=\"color: #30332d; font-size: 9.5pt;\">The in-text citation will be [Maz05]</span></p>\r\n<p><span style=\"color: #30332d; font-size: 9.5pt;\">The way that I did that is to add the comment field to the in-text citation and the in-text shortcut will be entered manually in the comment field. </span></p>\r\n<p><span style=\"color: #30332d; font-size: 9.5pt;\">I know it&rsquo;s not the healthiest way to do that, but I&rsquo;m not an expert in XML. </span></p>\r\n<p><span style=\"color: #30332d; font-size: 9.5pt;\">The style that I&rsquo;m using can be found in this link:</span></p>\r\n<p><span style=\"color: #30332d; font-size: 9.5pt;\"><a href=\"https://skydrive.live.com/self.aspx/Public/Bibliography%20style/IEEE-Tamim-Mod.XSL?cid=1c677b83b681cba7&amp;sc=documents\">https://skydrive.live.com/self.aspx/Public/Bibliography%20style/IEEE-Tamim-Mod.XSL?cid=1c677b83b681cba7&amp;sc=documents</a></span></p>\r\n<p><span style=\"color: #30332d; font-size: 9.5pt;\">What do you think that I have to do? </span></p>\r\n<p><span style=\"color: #30332d; font-size: 9.5pt;\">&nbsp;</span></p>\r\n<p><span style=\"color: #30332d; font-size: 9.5pt;\">Thank you for your care. </span></p>\r\n<p><span style=\"color: #30332d; font-size: 9.5pt;\">&nbsp;</span></p>\r\n<p><span style=\"color: #30332d; font-size: 9.5pt;\">&nbsp;</span></p>\r\n<p><span style=\"color: #30332d; font-size: 9.5pt;\">&nbsp;</span></p>\r\n<p><span style=\"color: #30332d; font-size: 9.5pt;\">&nbsp;</span></p>\r\n<p>&nbsp;</p>",
    "PostedDate": "2011-11-12T06:54:36.917-08:00",
    "UserRole": null,
    "MarkedAsAnswerDate": null
  },
  {
    "Id": "697396",
    "ThreadId": "279130",
    "Html": "<p>Please read the documentation! The first style you were using had been deprecated for over 2 years as the download page clearly stated. Now you are asking questions about '[BO]' which are answered in the FAQ and remarks sections&nbsp;on the page you got the new&nbsp;style from. Also, a simple search of this discussion group would have given you plenty of information on the subject...</p>\r\n<p>Instead of the comment field, I would suggest using the tag field. It is what makes a citation unique. But you can of course stick to the comment field.</p>\r\n<p>If you want your in-text citation the way you describe them, then you don't need an alphabetically ordered bibliography, you need a tag/comment ordered bibliography. That would mean that you don't need the extender and that you don't need the difficulties of reordering.</p>\r\n<p>In the style you downloaded, look for</p>\r\n<p>&nbsp;&lt;format&gt;{%BibOrder|\"BO\"%}&lt;/format&gt;</p>\r\n<p>and change all occurences in either</p>\r\n<p>&nbsp;&lt;format&gt;{%Tag%}&lt;/format&gt;</p>\r\n<p>or</p>\r\n<p>&lt;format&gt;{%Comment%}&lt;/format&gt;</p>\r\n<p>depending on where you store your tags.</p>\r\n<p>Then, change all elements looking like this</p>\r\n<p>&nbsp;<strong>&lt;sortkey&gt;</strong>some data here<strong>&lt;/sortkey&gt;</strong></p>\r\n<p>into either</p>\r\n<p>&nbsp;&lt;sortkey&gt;{%Tag%}&lt;/sortkey&gt;</p>\r\n<p>or</p>\r\n<p>&nbsp;&lt;sortkey&gt;{%Comment%}&lt;/sortkey&gt;</p>",
    "PostedDate": "2011-11-12T11:20:16.603-08:00",
    "UserRole": null,
    "MarkedAsAnswerDate": null
  },
  {
    "Id": "697402",
    "ThreadId": "279130",
    "Html": "<p>I'm really sorry, you'r right&nbsp;I had to read the FAQ and the description before asking.</p>\r\n<p>I'll try what you have told me.</p>\r\n<p>Thank you so much \"yves\" your help is appreciated.</p>",
    "PostedDate": "2011-11-12T12:08:28.843-08:00",
    "UserRole": null,
    "MarkedAsAnswerDate": null
  }
]