[
  {
    "Id": "1367476",
    "ThreadId": "588420",
    "Html": "Hi, and thank you for this great style!<br />\n<br />\nI wish to write some of my sources in the way of<br />\n&quot;According to author (year)...&quot;<br />\nand figured I would use the suppress function.<br />\n<br />\nWhen I right-click the in-text citations, the ability to &quot;Edit citation&quot; does not show up. <br />\n<br />\nIs there any way to fix this, or in some other way change between the formats<br />\n&quot;(author, year)&quot; and &quot;author (year)&quot;?<br />\n<br />\n<br />\nThanks again for your work!<br />\n",
    "PostedDate": "2015-03-20T03:08:03.86-07:00",
    "UserRole": null,
    "MarkedAsAnswerDate": null
  }
]