[
  {
    "Id": "993157",
    "ThreadId": "431132",
    "Html": "\r\n<p>Aim: I want the &quot;Year&quot; to appear twice: after the author names with the associated suffix (just for reference proposes), and after the journal name/vol/no/iss/pages without the suffix. (My bibliographic style is derived from the Harvard-Anglia\r\n style.)</p>\r\n<p>To accomplish this, I have declared the year to be repeatable (:r option).</p>\r\n<p>&nbsp;</p>\r\n<p>Here is my definition for journal articles:</p>\r\n<p>&nbsp;&nbsp;&nbsp; &nbsp;&nbsp;&nbsp; &lt;bibliography&gt;<br>\r\n&nbsp;&nbsp;&nbsp; &nbsp;&nbsp;&nbsp; &nbsp;&nbsp;&nbsp; ...<br>\r\n&nbsp;&nbsp;&nbsp; &nbsp;&nbsp;&nbsp; &nbsp;&nbsp;&nbsp; &lt;source type=&quot;JournalArticle&quot;&gt;<br>\r\n&nbsp;&nbsp;&nbsp; &nbsp;&nbsp;&nbsp; &nbsp;&nbsp;&nbsp; &nbsp;&nbsp;&nbsp; &lt;column id=&quot;1&quot;&gt;<br>\r\n&nbsp;&nbsp;&nbsp; &nbsp;&nbsp;&nbsp; &nbsp;&nbsp;&nbsp; &nbsp;&nbsp;&nbsp; &nbsp;&nbsp;&nbsp; &lt;halign&gt;left&lt;/halign&gt;<br>\r\n&nbsp;&nbsp;&nbsp; &nbsp;&nbsp;&nbsp; &nbsp;&nbsp;&nbsp; &nbsp;&nbsp;&nbsp; &nbsp;&nbsp;&nbsp; &lt;valign&gt;top&lt;/valign&gt;<br>\r\n&nbsp;&nbsp;&nbsp; &nbsp;&nbsp;&nbsp; &nbsp;&nbsp;&nbsp; &nbsp;&nbsp;&nbsp; &nbsp;&nbsp;&nbsp; &lt;format&gt;<br>\r\n&nbsp;&nbsp;&nbsp; &nbsp;&nbsp;&nbsp; &nbsp;&nbsp;&nbsp; &nbsp;&nbsp;&nbsp; &nbsp;&nbsp;&nbsp; &nbsp;&nbsp;&nbsp; {%Author:2|&quot;Anon.&quot;%}<br>\r\n&nbsp;&nbsp;&nbsp; &nbsp;&nbsp;&nbsp; &nbsp;&nbsp;&nbsp; &nbsp;&nbsp;&nbsp; &nbsp;&nbsp;&nbsp; &nbsp;&nbsp;&nbsp; { (%Year:r|&quot;n.d.&quot;%{%YearSuffix%}),}<br>\r\n&nbsp;&nbsp;&nbsp; &nbsp;&nbsp;&nbsp; &nbsp;&nbsp;&nbsp; &nbsp;&nbsp;&nbsp; &nbsp;&nbsp;&nbsp; &nbsp;&nbsp;&nbsp; { &quot;%Title%&quot;.}<br>\r\n&nbsp;&nbsp;&nbsp; &nbsp;&nbsp;&nbsp; &nbsp;&nbsp;&nbsp; &nbsp;&nbsp;&nbsp; &nbsp;&nbsp;&nbsp; &nbsp;&nbsp;&nbsp; { &lt;i&gt;%JournalName%&lt;/i&gt;,}<br>\r\n&nbsp;&nbsp;&nbsp; &nbsp;&nbsp;&nbsp; &nbsp;&nbsp;&nbsp; &nbsp;&nbsp;&nbsp; &nbsp;&nbsp;&nbsp; &nbsp;&nbsp;&nbsp; { vol. %Volume%{, no. %NumberVolumes%}{, iss. %Issue%}{, %Pages:p. :pp. : a2%},}<br>\r\n&nbsp;&nbsp;&nbsp; &nbsp;&nbsp;&nbsp; &nbsp;&nbsp;&nbsp; &nbsp;&nbsp;&nbsp; &nbsp;&nbsp;&nbsp; &nbsp;&nbsp;&nbsp; { no. %NumberVolumes%{, iss. %Issue%}{, %Pages:p. :pp. : a2%},}<br>\r\n&nbsp;&nbsp;&nbsp; &nbsp;&nbsp;&nbsp; &nbsp;&nbsp;&nbsp; &nbsp;&nbsp;&nbsp; &nbsp;&nbsp;&nbsp; &nbsp;&nbsp;&nbsp; { iss. %Issue%{, %Pages:p. :pp. : a2%},}<br>\r\n&nbsp;&nbsp;&nbsp; &nbsp;&nbsp;&nbsp; &nbsp;&nbsp;&nbsp; &nbsp;&nbsp;&nbsp; &nbsp;&nbsp;&nbsp; &nbsp;&nbsp;&nbsp; { %Year%.}<br>\r\n&nbsp;&nbsp;&nbsp; &nbsp;&nbsp;&nbsp; &nbsp;&nbsp;&nbsp; &nbsp;&nbsp;&nbsp; &nbsp;&nbsp;&nbsp; &nbsp;&nbsp;&nbsp; { %StandardNumber%.}<br>\r\n&nbsp;&nbsp;&nbsp; &nbsp;&nbsp;&nbsp; &nbsp;&nbsp;&nbsp; &nbsp;&nbsp;&nbsp; &nbsp;&nbsp;&nbsp; &nbsp;&nbsp;&nbsp; { (Available at &lt;u&gt;%URL:l%&lt;/u&gt;{, %Comments%.})}<br>\r\n&nbsp;&nbsp;&nbsp; &nbsp;&nbsp;&nbsp; &nbsp;&nbsp;&nbsp; &nbsp;&nbsp;&nbsp; &nbsp;&nbsp;&nbsp; &nbsp;&nbsp;&nbsp; { (%Comments%.)}<br>\r\n&nbsp;&nbsp;&nbsp; &nbsp;&nbsp;&nbsp; &nbsp;&nbsp;&nbsp; &nbsp;&nbsp;&nbsp; &nbsp;&nbsp;&nbsp; &lt;/format&gt;<br>\r\n&nbsp;&nbsp;&nbsp; &nbsp;&nbsp;&nbsp; &nbsp;&nbsp;&nbsp; &nbsp;&nbsp;&nbsp; &lt;/column&gt;<br>\r\n&nbsp;&nbsp;&nbsp; &nbsp;&nbsp;&nbsp; &nbsp;&nbsp;&nbsp; &nbsp;&nbsp;&nbsp; &lt;sortkey&gt;{%Author:0|&quot;Anon.&quot;%}{%Year|&quot;n.d.&quot;%}{%Title:a%}&lt;/sortkey&gt;<br>\r\n&nbsp;&nbsp;&nbsp; &nbsp;&nbsp;&nbsp; &nbsp;&nbsp;&nbsp; &lt;/source&gt;<br>\r\n&nbsp;&nbsp;&nbsp;&nbsp;&nbsp;&nbsp;&nbsp;&nbsp;&nbsp;&nbsp;&nbsp; ...<br>\r\n&nbsp;&nbsp;&nbsp; &nbsp;&nbsp; &lt;/bibliography&gt;</p>\r\n<p>&nbsp;</p>\r\n<p>Here is the corresponding extensions definition:</p>\r\n<p>&nbsp;&nbsp;&nbsp; &nbsp;&nbsp;&nbsp; &lt;extensions&gt;<br>\r\n&nbsp;&nbsp;&nbsp;&nbsp;&nbsp;&nbsp;&nbsp;&nbsp;&nbsp;&nbsp;&nbsp; ...<br>\r\n&nbsp;&nbsp;&nbsp; &nbsp;&nbsp;&nbsp; &nbsp;&nbsp;&nbsp; &lt;source type=&quot;JournalArticle&quot;&gt;<br>\r\n&nbsp;&nbsp;&nbsp; &nbsp;&nbsp;&nbsp; &nbsp;&nbsp;&nbsp; &nbsp;&nbsp;&nbsp; &lt;yearsuffix&gt;{%Author:1|&quot;Anon.&quot;%}{%Year|&quot;n.d.&quot;%}&lt;/yearsuffix&gt;<br>\r\n&nbsp;&nbsp;&nbsp; &nbsp;&nbsp;&nbsp; &nbsp;&nbsp;&nbsp; &lt;/source&gt;<br>\r\n&nbsp;&nbsp;&nbsp;&nbsp;&nbsp;&nbsp;&nbsp;&nbsp;&nbsp;&nbsp;&nbsp; ...<br>\r\n&nbsp;&nbsp;&nbsp; &nbsp;&nbsp;&nbsp; &lt;/extensions&gt;</p>\r\n<p>&nbsp;</p>\r\n<p>Here are three output examples (all of them declared as &quot;JournalArticle&quot;):</p>\r\n<p>Bohr N. (1913a), &quot;I. On the Constitution of Atoms and Molecules&quot;. <em>\r\nPhilosophical Magazine Series 6</em>, vol. 26, iss. 151, pp. 1-25,</p>\r\n<p>Bohr N. (1913b), &quot;XXXVII. On the constitution of atoms and molecules&quot;.\r\n<em>Philosophical Magazine Series 6</em>, vol. 26, Iss. 153, pp. 476-502, DOI: 10.1080/14786441308634993.</p>\r\n<p>Brown B. A. (2000), &quot;Neutron Radii in Nuclei and the Neutron Equation of State&quot;.\r\n<em>Physical Review Letters</em>, vol. 85, iss. 25, pp. 5296-99, 2000. DOI: 10.1103/PhysRevLett.85.5296.</p>\r\n<p>&nbsp;</p>\r\n<p>The problem: In the third entry, which does not have the year suffix, the year is correctly repeated, but in the first and second entries the year is not repeated.</p>\r\n<p>My guesses: some how, once the suffix is applied the &quot;Year&quot; variable 1) can no longer be repeated, or 2) is no longer valid, and probably is stored under a different name (but this does not make much sense to me, since it is used in its first occurrence).</p>\r\n<p>My questions: Am I doing something wrong? If so, where? If not, how can I accomplish the goal of repeating the year?</p>\r\n<p>&nbsp;</p>\r\n<p>Regards,</p>\r\n<p>Miguel</p>\r\n",
    "PostedDate": "2013-01-28T09:27:21.27-08:00",
    "UserRole": null,
    "MarkedAsAnswerDate": null
  }
]