[
  {
    "Id": "1461828",
    "ThreadId": "650883",
    "Html": "(word 2016 macOS) I don´t know if I'm the only one with this error but... When using Vancouver style is the reference number in the text is supposed to be in &quot;super index&quot; format and without parenthesis. But it isn't like that, it appears normal and with parenthesis, there is any way to solve this? Am I doing something wrong??\r<br />\nThank you for you help. And for all your work!<br />\n",
    "PostedDate": "2016-02-03T11:15:50.323-08:00",
    "UserRole": null,
    "MarkedAsAnswerDate": null
  }
]