[
  {
    "Id": "537494",
    "ThreadId": "238780",
    "Html": "\r\n<p>Hello, I was&nbsp;wondering&nbsp;if someone could help me.&nbsp;</p>\r\n<p>&nbsp;</p>\r\n<p>As part of my&nbsp;work I have to cite my work&nbsp;according&nbsp;to the following instructions:&nbsp;<a href=\"http://libraryonline.leedsmet.ac.uk/lco/publications/pdf/subj/is-9.pdf\">http://libraryonline.leedsmet.ac.uk/lco/publications/pdf/subj/is-9.pdf</a>&nbsp;</p>\r\n<p>&nbsp;</p>\r\n<p>I looked through all of the styles and none of them are quite right, I was&nbsp;wondering&nbsp;if anyone knew where I&nbsp;could get this style from or how to configure it. I&nbsp;believe&nbsp;that the closest style is the the Leeds.xsl style.</p>\r\n<p>&nbsp;</p>\r\n<p>Thanks I advance and I&nbsp;apologise&nbsp;if I have not given&nbsp;enough&nbsp;information</p>\r\n<p>&nbsp;</p>\r\n<p>&nbsp;</p>\r\n<p>&nbsp;</p>\r\n<p>&nbsp;</p>\r\n",
    "PostedDate": "2010-12-17T12:31:14.937-08:00",
    "UserRole": null,
    "MarkedAsAnswerDate": null
  }
]