[
  {
    "Id": "1223172",
    "ThreadId": "539132",
    "Html": "Hi.\r<br />\nI'm usig the havard anglia style and I wabt to make some modifications.  One of the is the &quot;seperator_if_more_than_two&quot; variable. By default it is a coma. I want a space. But simply replacing the original &quot;, &quot;  with &quot; &quot; does not give the desired result. Instead I just ge no seperator between the names.<br />\nAny help would be highly appreciated. <br />\n",
    "PostedDate": "2014-03-15T20:38:18.453-07:00",
    "UserRole": null,
    "MarkedAsAnswerDate": null
  }
]