[
  {
    "Id": "673007",
    "ThreadId": "272902",
    "Html": "\r\n<p><span id=\"result_box\" lang=\"en\"><span>I see that</span> <span>Word</span> <span>\r\n2010</span> <span>supports</span> <span>the format &quot;</span><span>quote&quot;</span><span>,</span>\r\n<span>&quot;</span><span>footnote</span><span>&quot;</span> <span>and &quot;</span><span>bibliography</span><span>&quot;</span><span>.</span>\r\n<span>But</span> <span>I can not find</span> <span>how to use</span> <span>the format &quot;</span><span>footnote</span><span>&quot;</span>\r\n<span>'</span><br>\r\n<span>How should I</span> <span>do?</span></span></p>\r\n<p>&nbsp;</p>\r\n<p><span lang=\"en\"><span>Citation: (CORREA DE OLIVEITA, 2008)</span></span></p>\r\n<p><span lang=\"en\"><span>Footnote: Correa de Oliveira, <em>A escalada na Igreja, </em>\r\n2008, pp. 4-14.</span></span></p>\r\n<p><span lang=\"en\"><span>Bibliographie: CORREA DE OLIVEIRA, Plinio. <em>A escalada na Igreja.\r\n</em>Vozes: Pretropolis, 2008.</span></span></p>\r\n<p>&nbsp;</p>\r\n<p><span lang=\"en\"><span><br>\r\n</span></span></p>\r\n",
    "PostedDate": "2011-09-16T17:31:42.69-07:00",
    "UserRole": null,
    "MarkedAsAnswerDate": null
  },
  {
    "Id": "673171",
    "ThreadId": "272902",
    "Html": "<p>Where do you see that? I don't have a version of Word 2010 around at the moment but as far as I remember, Word 2010 does not support footnote citations.</p>\r\n<p>Word 2008 for Mac&nbsp;and Word 2011 for Mac do support footnote citations (one time none-updatable). Perhaps you are confusing with those versions.</p>",
    "PostedDate": "2011-09-17T12:40:30.81-07:00",
    "UserRole": null,
    "MarkedAsAnswerDate": null
  },
  {
    "Id": "673215",
    "ThreadId": "272902",
    "Html": "<p>Oooooooh!! Lamentabily... Sorry!</p>",
    "PostedDate": "2011-09-17T15:03:44.56-07:00",
    "UserRole": null,
    "MarkedAsAnswerDate": null
  }
]