[
  {
    "Id": "1347973",
    "ThreadId": "579154",
    "Html": "Hi. I have a problem with Microsoft word. My language is Farsi. When I insert citation from library that I defined in Word, the software automatically use &quot;,&quot; instead &quot;،&quot;. How can I fix that? For example, below I wrote tow wrong and true citations.\r<br />\n<br />\nSample of a citation that Word automatically use &quot;,&quot; stead of &quot;،&quot; and it's wrong.\r<br />\n این متن به عنوان نمونه نوشته شده است (اسلامی 1372, 310).\r<br />\nCorrect form of citation in Persian that I cited manually.\r<br />\n<br />\n این متن به عنوان نمونه نوشته شده است (اسلامی 1372، 310).<br />\n",
    "PostedDate": "2015-02-01T07:00:41.797-08:00",
    "UserRole": null,
    "MarkedAsAnswerDate": null
  },
  {
    "Id": "1348347",
    "ThreadId": "579154",
    "Html": "If you are using a BibWord stylesheet, you can just update the separator. There should be a section looking something like the code below. Change the value of the separator element to what you require.<br />\n<pre><code>    &lt;citation&gt;\n      &lt;openbracket&gt;(&lt;/openbracket&gt;\n      &lt;closebracket&gt;)&lt;/closebracket&gt;\n      &lt;separator&gt;,&lt;/separator&gt;\n      &lt;!-- a lot of other code --&gt;\n    &lt;/citation&gt;</code></pre>\n\n",
    "PostedDate": "2015-02-02T11:17:42.9-08:00",
    "UserRole": null,
    "MarkedAsAnswerDate": null
  },
  {
    "Id": "1348382",
    "ThreadId": "579154",
    "Html": "Hi and thanks for your attention. I can't find these codes. I use Microsoft Office 2013 on Windows 7.<br />\nI found some XML files in C:\\Program Files\\Microsoft Office\\Office15\\Bibliography\\Style, but no one has this codes.<br />\nFor example the content of &quot;APASixthEditionOfficeOnline&quot;:<br />\n<br />\n```\n&lt;?xml version=&quot;1.0&quot; encoding=&quot;utf-8&quot;?&gt;<br />\n<br />\n&lt;xsl:stylesheet version=&quot;1.0&quot; xmlns:xsl=&quot;<a href=\"http://www.w3.org/1999/XSL/Transform\" rel=\"nofollow\">http://www.w3.org/1999/XSL/Transform</a>&quot; xmlns:msxsl=&quot;urn:schemas-microsoft-com:xslt&quot;\txmlns:b=&quot;<a href=\"http://schemas.openxmlformats.org/officeDocument/2006/bibliography\" rel=\"nofollow\">http://schemas.openxmlformats.org/officeDocument/2006/bibliography</a>&quot; xmlns:t=&quot;<a href=\"http://www.microsoft.com/temp\" rel=\"nofollow\">http://www.microsoft.com/temp</a>&quot;&gt;<br />\n  &lt;xsl:output method=&quot;html&quot; encoding=&quot;us-ascii&quot;/&gt;<br />\n<br />\n  &lt;xsl:template match=&quot;*&quot; mode=&quot;outputHtml2&quot;&gt;<br />\n<pre><code>  &lt;xsl:apply-templates mode=&quot;outputHtml&quot;/&gt;</code></pre>\n\n&lt;/xsl:template&gt;<br />\n<br />\n  &lt;xsl:template name=&quot;StringFormatDot&quot;&gt;<br />\n<pre><code>&lt;xsl:param name=&quot;format&quot; /&gt;\n&lt;xsl:param name=&quot;parameters&quot; /&gt;\n\n&lt;xsl:variable name=&quot;prop_EndChars&quot;&gt;\n  &lt;xsl:call-template name=&quot;templ_prop_EndChars&quot;/&gt;\n&lt;/xsl:variable&gt;\n\n&lt;xsl:choose&gt;\n  &lt;xsl:when test=&quot;$format = ''&quot;&gt;&lt;/xsl:when&gt;\n  &lt;xsl:when test=&quot;substring($format, 1, 2) = '%%'&quot;&gt;\n    &lt;xsl:text&gt;%&lt;/xsl:text&gt;\n    &lt;xsl:call-template name=&quot;StringFormatDot&quot;&gt;\n      &lt;xsl:with-param name=&quot;format&quot; select=&quot;substring($format, 3)&quot; /&gt;\n      &lt;xsl:with-param name=&quot;parameters&quot; select=&quot;$parameters&quot; /&gt;\n    &lt;/xsl:call-template&gt;\n    &lt;xsl:if test=&quot;string-length($format)=2&quot;&gt;\n      &lt;xsl:call-template name=&quot;templ_prop_Dot&quot;/&gt;\n    &lt;/xsl:if&gt;\n  &lt;/xsl:when&gt;\n  &lt;xsl:when test=&quot;substring($format, 1, 1) = '%'&quot;&gt;\n    &lt;xsl:variable name=&quot;pos&quot; select=&quot;substring($format, 2, 1)&quot; /&gt;\n    &lt;xsl:apply-templates select=&quot;msxsl:node-set($parameters)/t:params/t:param[position() = $pos]&quot; mode=&quot;outputHtml2&quot;/&gt;\n    &lt;xsl:call-template name=&quot;StringFormatDot&quot;&gt;\n      &lt;xsl:with-param name=&quot;format&quot; select=&quot;substring($format, 3)&quot; /&gt;\n      &lt;xsl:with-param name=&quot;parameters&quot; select=&quot;$parameters&quot; /&gt;\n    &lt;/xsl:call-template&gt;\n    &lt;xsl:if test=&quot;string-length($format)=2&quot;&gt;\n      &lt;xsl:variable name=&quot;temp2&quot;&gt;\n        &lt;xsl:call-template name=&quot;handleSpaces&quot;&gt;\n          &lt;xsl:with-param name=&quot;field&quot; select=&quot;msxsl:node-set($parameters)/t:params/t:param[position() = $pos]&quot;/&gt;\n        &lt;/xsl:call-template&gt;\n      &lt;/xsl:variable&gt;\n      &lt;xsl:variable name=&quot;lastChar&quot;&gt;\n        &lt;xsl:value-of select=&quot;substring($temp2, string-length($temp2))&quot;/&gt;\n      &lt;/xsl:variable&gt;\n\n      &lt;xsl:if test=&quot;not(contains($prop_EndChars, $lastChar))&quot;&gt;\n        &lt;xsl:call-template name=&quot;templ_prop_Dot&quot;/&gt;\n      &lt;/xsl:if&gt;\n    &lt;/xsl:if&gt;\n  &lt;/xsl:when&gt;\n  &lt;xsl:otherwise&gt;\n    &lt;xsl:value-of select=&quot;substring($format, 1, 1)&quot; /&gt;\n    &lt;xsl:call-template name=&quot;StringFormatDot&quot;&gt;\n      &lt;xsl:with-param name=&quot;format&quot; select=&quot;substring($format, 2)&quot; /&gt;\n      &lt;xsl:with-param name=&quot;parameters&quot; select=&quot;$parameters&quot; /&gt;\n    &lt;/xsl:call-template&gt;\n    &lt;xsl:if test=&quot;string-length($format)=1&quot;&gt;\n      &lt;xsl:if test=&quot;not(contains($prop_EndChars, $format))&quot;&gt;\n        &lt;xsl:call-template name=&quot;templ_prop_Dot&quot;/&gt;\n      &lt;/xsl:if&gt;\n    &lt;/xsl:if&gt;\n  &lt;/xsl:otherwise&gt;\n&lt;/xsl:choose&gt;</code></pre>\n\n&lt;/xsl:template&gt;<br />\n<br />\n  &lt;xsl:template name=&quot;StringFormat&quot;&gt;<br />\n<pre><code>&lt;xsl:param name=&quot;format&quot; /&gt;\n&lt;xsl:param name=&quot;parameters&quot; /&gt;\n&lt;xsl:choose&gt;\n  &lt;xsl:when test=&quot;$format = ''&quot;&gt;&lt;/xsl:when&gt;\n  &lt;xsl:when test=&quot;substring($format, 1, 2) = '%%'&quot;&gt;\n    &lt;xsl:text&gt;%&lt;/xsl:text&gt;\n    &lt;xsl:call-template name=&quot;StringFormat&quot;&gt;\n      &lt;xsl:with-param name=&quot;format&quot; select=&quot;substring($format, 3)&quot; /&gt;\n      &lt;xsl:with-param name=&quot;parameters&quot; select=&quot;$parameters&quot; /&gt;\n    &lt;/xsl:call-template&gt;\n  &lt;/xsl:when&gt;\n  &lt;xsl:when test=&quot;substring($format, 1, 1) = '%'&quot;&gt;\n    &lt;xsl:variable name=&quot;pos&quot; select=&quot;substring($format, 2, 1)&quot; /&gt;\n    &lt;xsl:apply-templates select=&quot;msxsl:node-set($parameters)/t:params/t:param[position() = $pos]&quot; mode=&quot;outputHtml2&quot;/&gt;\n    &lt;xsl:call-template name=&quot;StringFormat&quot;&gt;\n      &lt;xsl:with-param name=&quot;format&quot; select=&quot;substring($format, 3)&quot; /&gt;\n      &lt;xsl:with-param name=&quot;parameters&quot; select=&quot;$parameters&quot; /&gt;\n    &lt;/xsl:call-template&gt;\n  &lt;/xsl:when&gt;\n  &lt;xsl:otherwise&gt;\n    &lt;xsl:value-of select=&quot;substring($format, 1, 1)&quot; /&gt;\n    &lt;xsl:call-template name=&quot;StringFormat&quot;&gt;\n      &lt;xsl:with-param name=&quot;format&quot; select=&quot;substring($format, 2)&quot; /&gt;\n      &lt;xsl:with-param name=&quot;parameters&quot; select=&quot;$parameters&quot; /&gt;\n    &lt;/xsl:call-template&gt;\n  &lt;/xsl:otherwise&gt;\n&lt;/xsl:choose&gt;</code></pre>\n\n&lt;/xsl:template&gt;<br />\n<br />\n  &lt;xsl:template name=&quot;localLCID&quot;&gt;<br />\n<pre><code>&lt;xsl:param name=&quot;LCID&quot;/&gt;\n\n&lt;xsl:variable name=&quot;_LCID1&quot;&gt;\n  &lt;xsl:choose&gt;\n    &lt;xsl:when test=&quot;$LCID!='0' and $LCID!=''&quot;&gt;\n      &lt;xsl:value-of select=&quot;$LCID&quot;/&gt;\n    &lt;/xsl:when&gt;\n    &lt;xsl:when test=&quot;/b:Citation&quot;&gt;\n      &lt;xsl:value-of select=&quot;/*/b:Locals/b:DefaultLCID&quot;/&gt;\n    &lt;/xsl:when&gt;\n    &lt;xsl:when test=&quot;b:LCID&quot;&gt;\n      &lt;xsl:value-of select=&quot;b:LCID&quot;/&gt;\n    &lt;/xsl:when&gt;\n    &lt;xsl:when test=&quot;../b:LCID&quot;&gt;\n      &lt;xsl:value-of select=&quot;../b:LCID&quot;/&gt;\n    &lt;/xsl:when&gt;\n    &lt;xsl:when test=&quot;../../b:LCID&quot;&gt;\n      &lt;xsl:value-of select=&quot;../../b:LCID&quot;/&gt;\n    &lt;/xsl:when&gt;\n    &lt;xsl:when test=&quot;../../../b:LCID&quot;&gt;\n      &lt;xsl:value-of select=&quot;../../../b:LCID&quot;/&gt;\n    &lt;/xsl:when&gt;\n    &lt;xsl:when test=&quot;../../../../b:LCID&quot;&gt;\n      &lt;xsl:value-of select=&quot;../../../../b:LCID&quot;/&gt;\n    &lt;/xsl:when&gt;\n    &lt;xsl:when test=&quot;../../../../b:LCID&quot;&gt;\n      &lt;xsl:value-of select=&quot;../../../../b:LCID&quot;/&gt;\n    &lt;/xsl:when&gt;\n    &lt;xsl:when test=&quot;../../../../../b:LCID&quot;&gt;\n      &lt;xsl:value-of select=&quot;../../../../../b:LCID&quot;/&gt;\n    &lt;/xsl:when&gt;\n    &lt;xsl:otherwise&gt;\n      &lt;xsl:value-of select=&quot;/*/b:Locals/b:DefaultLCID&quot;/&gt;\n    &lt;/xsl:otherwise&gt;\n  &lt;/xsl:choose&gt;\n&lt;/xsl:variable&gt;\n\n&lt;xsl:choose&gt;\n  &lt;xsl:when test=&quot;$_LCID1!='0' and string-length($_LCID1)&gt;0&quot;&gt;\n    &lt;xsl:value-of select=&quot;$_LCID1&quot;/&gt;\n  &lt;/xsl:when&gt;\n  &lt;xsl:otherwise&gt;\n    &lt;xsl:value-of select=&quot;/*/b:Locals/b:DefaultLCID&quot;/&gt;\n  &lt;/xsl:otherwise&gt;\n&lt;/xsl:choose&gt;\n</code></pre>\n\n&lt;/xsl:template&gt;<br />\n<br />\n  &lt;xsl:template name=&quot;templ_prop_APA_CitationLong_FML&quot; &gt;<br />\n<pre><code>&lt;xsl:param name=&quot;LCID&quot; /&gt;\n&lt;xsl:variable name=&quot;_LCID&quot;&gt;\n  &lt;xsl:call-template name=&quot;localLCID&quot;&gt;\n    &lt;xsl:with-param name=&quot;LCID&quot; select=&quot;$LCID&quot;/&gt;\n  &lt;/xsl:call-template&gt;\n&lt;/xsl:variable&gt;\n&lt;xsl:value-of select=&quot;/*/b:Locals/b:Local[@LCID=$_LCID]/b:APA/b:CitationLong/b:FML&quot;/&gt;</code></pre>\n\n&lt;/xsl:template&gt;<br />\n<br />\n<br />\n  &lt;xsl:template name=&quot;templ_prop_APA_CitationLong_FM&quot; &gt;<br />\n<pre><code>&lt;xsl:param name=&quot;LCID&quot; /&gt;\n&lt;xsl:variable name=&quot;_LCID&quot;&gt;\n  &lt;xsl:call-template name=&quot;localLCID&quot;&gt;\n    &lt;xsl:with-param name=&quot;LCID&quot; select=&quot;$LCID&quot;/&gt;\n  &lt;/xsl:call-template&gt;\n&lt;/xsl:variable&gt;\n&lt;xsl:value-of select=&quot;/*/b:Locals/b:Local[@LCID=$_LCID]/b:APA/b:CitationLong/b:FM&quot;/&gt;</code></pre>\n\n&lt;/xsl:template&gt;<br />\n<br />\n<br />\n  &lt;xsl:template name=&quot;templ_prop_APA_CitationLong_ML&quot; &gt;<br />\n<pre><code>&lt;xsl:param name=&quot;LCID&quot; /&gt;\n&lt;xsl:variable name=&quot;_LCID&quot;&gt;\n  &lt;xsl:call-template name=&quot;localLCID&quot;&gt;\n    &lt;xsl:with-param name=&quot;LCID&quot; select=&quot;$LCID&quot;/&gt;\n  &lt;/xsl:call-template&gt;\n&lt;/xsl:variable&gt;\n&lt;xsl:value-of select=&quot;/*/b:Locals/b:Local[@LCID=$_LCID]/b:APA/b:CitationLong/b:ML&quot;/&gt;</code></pre>\n\n&lt;/xsl:template&gt;<br />\n<br />\n<br />\n  &lt;xsl:template name=&quot;templ_prop_APA_CitationLong_FL&quot; &gt;<br />\n<pre><code>&lt;xsl:param name=&quot;LCID&quot; /&gt;\n&lt;xsl:variable name=&quot;_LCID&quot;&gt;\n  &lt;xsl:call-template name=&quot;localLCID&quot;&gt;\n    &lt;xsl:with-param name=&quot;LCID&quot; select=&quot;$LCID&quot;/&gt;\n  &lt;/xsl:call-template&gt;\n&lt;/xsl:variable&gt;\n&lt;xsl:value-of select=&quot;/*/b:Locals/b:Local[@LCID=$_LCID]/b:APA/b:CitationLong/b:FL&quot;/&gt;</code></pre>\n\n&lt;/xsl:template&gt;<br />\n<br />\n<br />\n  &lt;xsl:template name=&quot;templ_prop_APA_CitationShort_FML&quot; &gt;<br />\n<pre><code>&lt;xsl:param name=&quot;LCID&quot; /&gt;\n&lt;xsl:variable name=&quot;_LCID&quot;&gt;\n  &lt;xsl:call-template name=&quot;localLCID&quot;&gt;\n    &lt;xsl:with-param name=&quot;LCID&quot; select=&quot;$LCID&quot;/&gt;\n  &lt;/xsl:call-template&gt;\n&lt;/xsl:variable&gt;\n&lt;xsl:value-of select=&quot;/*/b:Locals/b:Local[@LCID=$_LCID]/b:APA/b:CitationShort/b:FML&quot;/&gt;</code></pre>\n\n&lt;/xsl:template&gt;<br />\n<br />\n<br />\n  &lt;xsl:template name=&quot;templ_prop_APA_CitationShort_FM&quot; &gt;<br />\n<pre><code>&lt;xsl:param name=&quot;LCID&quot; /&gt;\n&lt;xsl:variable name=&quot;_LCID&quot;&gt;\n  &lt;xsl:call-template name=&quot;localLCID&quot;&gt;\n    &lt;xsl:with-param name=&quot;LCID&quot; select=&quot;$LCID&quot;/&gt;\n  &lt;/xsl:call-template&gt;\n&lt;/xsl:variable&gt;\n&lt;xsl:value-of select=&quot;/*/b:Locals/b:Local[@LCID=$_LCID]/b:APA/b:CitationShort/b:FM&quot;/&gt;</code></pre>\n\n&lt;/xsl:template&gt;<br />\n<br />\n<br />\n  &lt;xsl:template name=&quot;templ_prop_APA_CitationShort_ML&quot; &gt;<br />\n<pre><code>&lt;xsl:param name=&quot;LCID&quot; /&gt;\n&lt;xsl:variable name=&quot;_LCID&quot;&gt;\n  &lt;xsl:call-template name=&quot;localLCID&quot;&gt;\n    &lt;xsl:with-param name=&quot;LCID&quot; select=&quot;$LCID&quot;/&gt;\n  &lt;/xsl:call-template&gt;\n&lt;/xsl:variable&gt;\n&lt;xsl:value-of select=&quot;/*/b:Locals/b:Local[@LCID=$_LCID]/b:APA/b:CitationShort/b:ML&quot;/&gt;</code></pre>\n\n&lt;/xsl:template&gt;<br />\n<br />\n<br />\n  &lt;xsl:template name=&quot;templ_prop_APA_CitationShort_FL&quot; &gt;<br />\n<pre><code>&lt;xsl:param name=&quot;LCID&quot; /&gt;\n&lt;xsl:variable name=&quot;_LCID&quot;&gt;\n  &lt;xsl:call-template name=&quot;localLCID&quot;&gt;\n    &lt;xsl:with-param name=&quot;LCID&quot; select=&quot;$LCID&quot;/&gt;\n  &lt;/xsl:call-template&gt;\n&lt;/xsl:variable&gt;\n&lt;xsl:value-of select=&quot;/*/b:Locals/b:Local[@LCID=$_LCID]/b:APA/b:CitationShort/b:FL&quot;/&gt;</code></pre>\n\n&lt;/xsl:template&gt;<br />\n<br />\n<br />\n  &lt;xsl:template name=&quot;templ_str_OnlineCap&quot; &gt;<br />\n<pre><code>&lt;xsl:param name=&quot;LCID&quot; /&gt;\n&lt;xsl:variable name=&quot;_LCID&quot;&gt;\n  &lt;xsl:call-template name=&quot;localLCID&quot;&gt;\n    &lt;xsl:with-param name=&quot;LCID&quot; select=&quot;$LCID&quot;/&gt;\n  &lt;/xsl:call-template&gt;\n&lt;/xsl:variable&gt;\n&lt;xsl:value-of select=&quot;/*/b:Locals/b:Local[@LCID=$_LCID]/b:Strings/b:OnlineCap&quot;/&gt;</code></pre>\n\n&lt;/xsl:template&gt;<br />\n<br />\n<br />\n  &lt;xsl:template name=&quot;templ_str_OnlineUnCap&quot; &gt;<br />\n<pre><code>&lt;xsl:param name=&quot;LCID&quot; /&gt;\n&lt;xsl:variable name=&quot;_LCID&quot;&gt;\n  &lt;xsl:call-template name=&quot;localLCID&quot;&gt;\n    &lt;xsl:with-param name=&quot;LCID&quot; select=&quot;$LCID&quot;/&gt;\n  &lt;/xsl:call-template&gt;\n&lt;/xsl:variable&gt;\n&lt;xsl:value-of select=&quot;/*/b:Locals/b:Local[@LCID=$_LCID]/b:Strings/b:OnlineUnCap&quot;/&gt;</code></pre>\n\n&lt;/xsl:template&gt;<br />\n<br />\n<br />\n  &lt;xsl:template name=&quot;templ_str_FiledCap&quot; &gt;<br />\n<pre><code>&lt;xsl:param name=&quot;LCID&quot; /&gt;\n&lt;xsl:variable name=&quot;_LCID&quot;&gt;\n  &lt;xsl:call-template name=&quot;localLCID&quot;&gt;\n    &lt;xsl:with-param name=&quot;LCID&quot; select=&quot;$LCID&quot;/&gt;\n  &lt;/xsl:call-template&gt;\n&lt;/xsl:</code></pre>\n\n",
    "PostedDate": "2015-02-02T12:26:20.517-08:00",
    "UserRole": null,
    "MarkedAsAnswerDate": null
  },
  {
    "Id": "1348746",
    "ThreadId": "579154",
    "Html": "That is not a BibWord style. You will have to check with Microsoft for that style.<br />\n",
    "PostedDate": "2015-02-03T12:56:55.93-08:00",
    "UserRole": null,
    "MarkedAsAnswerDate": null
  }
]