[
  {
    "Id": "852625",
    "ThreadId": "360604",
    "Html": "\r\n<p>Hi,</p>\r\n<p>I am using the ASA style set. In-text citations are currently (Last name 1 and last name 2 year). Instead, I am looking for a way to modify the code so that it would be: Last name 1 and Last name 2 (year).</p>\r\n<p>For example,</p>\r\n<p>(Miller and Modigliani 2007) should become Miller and Modigliani (2007)</p>\r\n<p>If you could please advise me on how to make this change, then I would really appreciate it.</p>\r\n<p>Thank you so much!</p>\r\n<p>EDIT: Nevermind, found a previous response of yours that addressed this issue. Thank you.</p>\r\n",
    "PostedDate": "2012-06-22T08:25:26.843-07:00",
    "UserRole": null,
    "MarkedAsAnswerDate": null
  }
]