[
  {
    "Id": "1238556",
    "ThreadId": "543499",
    "Html": "I followed the installation instructions and everything seemed to work well (i.e. the AMA now shows under the available styles), however, the bibliography preview under 'manage references' looks messed up and does not display correctly (as the other styles do). Any reports of this problem or potential solutions?<br />\n",
    "PostedDate": "2014-04-27T11:46:40.12-07:00",
    "UserRole": null,
    "MarkedAsAnswerDate": null
  }
]