[
  {
    "Id": "439106",
    "ThreadId": "211601",
    "Html": "<p><span style=\"color:#000000\">There is a bug in APA style.</span></p>\r\n<p><span style=\"color:#000000\">For example:</span></p>\r\n<p><span style=\"color:#ff0000\"><span style=\"color:#000000\">Liu, F.-H. F., &amp; Hai, H.-L. (2005). The voting analytic hierarchy process method for selecting supplier. International Journal of Production Economics</span> ,</span> 97 (3), 308-317.</p>\r\n<p><span style=\"color:#000000\">Before the red comma (the end of journal title), there should not have the space.&nbsp;How can I fix the bug? Thanks!</span></p>\r\n<p>\r\n<p><span style=\"line-height:0;display:none\"><span style=\"color:#ff0000\"><span style=\"color:#000000\">&nbsp;</span></span></span></p>\r\n<span style=\"color:#ff0000\"><span style=\"color:#000000\">Liu, F.-H. F., &amp; Hai, H.-L. (2005). The voting analytic hierarchy process method for selecting supplier. International Journal of Production Economics</span>,</span> 97 (3), 308-317.<span style=\"line-height:0;display:none\"> <span id=\"_mce_start\" style=\"line-height:0;display:none\">﻿</span></span></p>",
    "PostedDate": "2010-05-04T22:15:42.55-07:00",
    "UserRole": null,
    "MarkedAsAnswerDate": null
  },
  {
    "Id": "439339",
    "ThreadId": "211601",
    "Html": "<p>Blame Microsoft. They made the style, they should fix it.</p>\r\n<p>Just trace the code back. $temp<strong><span style=\"color:#ff0000\">JVIP</span></strong> is used to display the combination of <span style=\"color:#ff0000\"><strong>J</strong></span>ournalname, <span style=\"color:#ff0000\"><strong>V</strong></span>olume, <strong><span style=\"color:#ff0000\">I</span></strong>ssue, <strong><span style=\"color:#ff0000\">P</span></strong>ages. $tempJVIP is the result of a call to templateJVIP, which in turn is a wrapper around templateG. The code inside templateG points further to ApplyItalicTitleNS but this one is used all over the place and touching it might result in unwanted behaviour. Your best shot is to change templateG.</p>\r\n<p>The first reference to the list separator in the templateG routine is the comma between the journal name and the volume. So changes should be made before that. At first glance, I would replace</p>\r\n<div style=\"color:black;background-color:white\">\r\n<pre><span style=\"color:blue\">&lt;</span><span style=\"color:#a31515\">xsl</span><span style=\"color:blue\">:</span><span style=\"color:#a31515\">call-template</span> <span style=\"color:red\">name</span> <span style=\"color:blue\">=</span> <span style=\"color:black\">&quot;</span><span style=\"color:blue\">ApplyItalicTitleNS</span><span style=\"color:black\">&quot;</span><span style=\"color:blue\">&gt;</span>\r\n  <span style=\"color:blue\">&lt;</span><span style=\"color:#a31515\">xsl</span><span style=\"color:blue\">:</span><span style=\"color:#a31515\">with-param</span> <span style=\"color:red\">name</span> <span style=\"color:blue\">=</span> <span style=\"color:black\">&quot;</span><span style=\"color:blue\">data</span><span style=\"color:black\">&quot;</span><span style=\"color:blue\">&gt;</span>\r\n    <span style=\"color:blue\">&lt;</span><span style=\"color:#a31515\">xsl</span><span style=\"color:blue\">:</span><span style=\"color:#a31515\">if</span> <span style=\"color:red\">test</span><span style=\"color:blue\">=</span><span style=\"color:black\">&quot;</span><span style=\"color:blue\">string-length($tempFirst)&gt;0</span><span style=\"color:black\">&quot;</span><span style=\"color:blue\">&gt;</span>\r\n      <span style=\"color:blue\">&lt;</span><span style=\"color:#a31515\">xsl</span><span style=\"color:blue\">:</span><span style=\"color:#a31515\">value-of</span> <span style=\"color:red\">select</span><span style=\"color:blue\">=</span><span style=\"color:black\">&quot;</span><span style=\"color:blue\">$tempFirst</span><span style=\"color:black\">&quot;</span><span style=\"color:blue\">/&gt;</span>\r\n    <span style=\"color:blue\">&lt;/</span><span style=\"color:#a31515\">xsl</span><span style=\"color:blue\">:</span><span style=\"color:#a31515\">if</span><span style=\"color:blue\">&gt;</span>\r\n  <span style=\"color:blue\">&lt;/</span><span style=\"color:#a31515\">xsl</span><span style=\"color:blue\">:</span><span style=\"color:#a31515\">with-param</span><span style=\"color:blue\">&gt;</span>\r\n<span style=\"color:blue\">&lt;/</span><span style=\"color:#a31515\">xsl</span><span style=\"color:blue\">:</span><span style=\"color:#a31515\">call-template</span><span style=\"color:blue\">&gt;</span></pre>\r\n</div>\r\n<p>in templateG with</p>\r\n<div style=\"color:black;background-color:white\">\r\n<pre><span style=\"color:blue\">&lt;</span><span style=\"color:#a31515\">i</span><span style=\"color:blue\">&gt;</span>\r\n  <span style=\"color:blue\">&lt;</span><span style=\"color:#a31515\">xsl</span><span style=\"color:blue\">:</span><span style=\"color:#a31515\">value-of</span> <span style=\"color:red\">select</span><span style=\"color:blue\">=</span><span style=\"color:black\">&quot;</span><span style=\"color:blue\">$tempFirst</span><span style=\"color:black\">&quot;</span> <span style=\"color:blue\">/&gt;</span>\r\n<span style=\"color:blue\">&lt;/</span><span style=\"color:#a31515\">i</span><span style=\"color:blue\">&gt;</span>\r\n</pre>\r\n</div>",
    "PostedDate": "2010-05-05T09:11:39.457-07:00",
    "UserRole": null,
    "MarkedAsAnswerDate": null
  },
  {
    "Id": "439704",
    "ThreadId": "211601",
    "Html": "<p>I really appreciate for your help!</p>\r\n<p>Thanks a lot!!!!!!!</p>\r\n<p>:)</p>",
    "PostedDate": "2010-05-06T00:59:15.513-07:00",
    "UserRole": null,
    "MarkedAsAnswerDate": null
  },
  {
    "Id": "447507",
    "ThreadId": "211601",
    "Html": "<p>Hi,</p>\r\n<p>im a Student from Italy and we need to work with the lightly <span id=\"result_box\"><span style=\"background-color:#ffffff;color:#000000\">changed</span></span> APA style.</p>\r\n<p>It&acute;s just a comma:</p>\r\n<p>Instead of</p>\r\n<p>(MacKenzie, Smith<span style=\"color:#ff0000\"><strong>,</strong></span> &amp; Myer, 2009)</p>\r\n<p>we need</p>\r\n<p>(MacKenzie, Smith &amp; Myer, 2009) without the comma.</p>\r\n<p>&nbsp;</p>\r\n<p>the same in the directory:</p>\r\n<p>MacKenzie, S. B., Smith<strong><span style=\"color:red\">,</span></strong> &amp; A. B. &amp; Myer, C. (2007b). <em>Bookname.</em> New York: Publisher&nbsp;</p>\r\n<p>we need&nbsp;</p>\r\n<p>MacKenzie, S. B., Smith<strong><span style=\"color:red\">&nbsp;</span></strong> &amp; A. B. &amp; Myer, C. (2007b). <em>Bookname.</em> New York: Publisher&nbsp;</p>\r\n<p>&nbsp;</p>\r\n<p><span>I've tried it for hours, but </span>I didn&acute;t make it</p>\r\n<p>Can anybody help me?</p>\r\n<p>It&acute;s very urgent!</p>\r\n<p>&nbsp;</p>\r\n<p>Thank you very much !</p>\r\n<p>&nbsp;</p>\r\n<p>&nbsp;</p>",
    "PostedDate": "2010-05-26T02:36:31.853-07:00",
    "UserRole": null,
    "MarkedAsAnswerDate": null
  },
  {
    "Id": "447563",
    "ThreadId": "211601",
    "Html": "<p>There is a template called <em>formatPersonSeparatorMain</em>. At first glance there seems to be information in there on which separators are displayed when. I haven't tested this, but it might be a good place to start looking for things to change.</p>",
    "PostedDate": "2010-05-26T04:48:29.297-07:00",
    "UserRole": null,
    "MarkedAsAnswerDate": null
  },
  {
    "Id": "447664",
    "ThreadId": "211601",
    "Html": "<p>Hi Yves,<br><br>thank you for your Help.<br><br>I &acute;m sorry, I can&acute;t find &quot;formatPersonSeparatorMain&quot;. Can you tell me in which Line it is?<br><br>Or can you tell me what i should change? Is it very complicating?</p>\r\n<p>Thanks</p>\r\n<p>Giovanni</p>",
    "PostedDate": "2010-05-26T07:30:43.497-07:00",
    "UserRole": null,
    "MarkedAsAnswerDate": null
  },
  {
    "Id": "447784",
    "ThreadId": "211601",
    "Html": "<p>I accidentally corrected a spelling error :-)</p>\r\n<p>The name of the template you need is &quot;formatPersonSep<strong>e</strong>ratorMain&quot;. There is a piece of code looking like:</p>\r\n<p><span style=\"color:blue\">\r\n<div style=\"color:black;background-color:white\">\r\n<pre><span style=\"color:blue\">&lt;</span><span style=\"color:#a31515\">xsl</span><span style=\"color:blue\">:</span><span style=\"color:#a31515\">when</span> <span style=\"color:red\">test</span><span style=\"color:blue\">=</span><span style=\"color:black\">&quot;</span><span style=\"color:blue\">6 &gt;= count(../b:Person) and position() = count(../b:Person) - 1</span><span style=\"color:black\">&quot;</span><span style=\"color:blue\">&gt;</span>\r\n  <span style=\"color:blue\">&lt;</span><span style=\"color:#a31515\">xsl</span><span style=\"color:blue\">:</span><span style=\"color:#a31515\">call-template</span> <span style=\"color:red\">name</span><span style=\"color:blue\">=</span><span style=\"color:black\">&quot;</span><span style=\"color:blue\">templ_prop_AuthorsSeparator</span><span style=\"color:black\">&quot;</span><span style=\"color:blue\">/&gt;</span>\r\n  <span style=\"color:blue\">&lt;</span><span style=\"color:#a31515\">xsl</span><span style=\"color:blue\">:</span><span style=\"color:#a31515\">if</span> <span style=\"color:red\">test</span><span style=\"color:blue\">=</span><span style=\"color:black\">&quot;</span><span style=\"color:blue\">string-length($isLast)=0 or $isLast=true()</span><span style=\"color:black\">&quot;</span><span style=\"color:blue\">&gt;</span>\r\n    <span style=\"color:blue\">&lt;</span><span style=\"color:#a31515\">xsl</span><span style=\"color:blue\">:</span><span style=\"color:#a31515\">call-template</span> <span style=\"color:red\">name</span><span style=\"color:blue\">=</span><span style=\"color:black\">&quot;</span><span style=\"color:blue\">templ_prop_APA_BeforeLastAuthor</span><span style=\"color:black\">&quot;</span><span style=\"color:blue\">/&gt;</span>\r\n    <span style=\"color:blue\">&lt;</span><span style=\"color:#a31515\">xsl</span><span style=\"color:blue\">:</span><span style=\"color:#a31515\">call-template</span> <span style=\"color:red\">name</span><span style=\"color:blue\">=</span><span style=\"color:black\">&quot;</span><span style=\"color:blue\">templ_prop_Space</span><span style=\"color:black\">&quot;</span><span style=\"color:blue\">/&gt;</span>\r\n  <span style=\"color:blue\">&lt;/</span><span style=\"color:#a31515\">xsl</span><span style=\"color:blue\">:</span><span style=\"color:#a31515\">if</span><span style=\"color:blue\">&gt;</span>\r\n<span style=\"color:blue\">&lt;/</span><span style=\"color:#a31515\">xsl</span><span style=\"color:blue\">:</span><span style=\"color:#a31515\">when</span><span style=\"color:blue\">&gt;</span>\r\n</pre>\r\n</div>\r\n</span></p>\r\n<p>which looks like being responsible for the separator before the last name (position vs count - 1).&nbsp;My guess would be that you have to remove the call to templ_prop_AuthorsSeparator and&nbsp;display a space instead. So something like:</p>\r\n<div style=\"color:black;background-color:white\">\r\n<pre><span style=\"color:blue\">&lt;</span><span style=\"color:#a31515\">xsl</span><span style=\"color:blue\">:</span><span style=\"color:#a31515\">when</span> <span style=\"color:red\">test</span><span style=\"color:blue\">=</span><span style=\"color:black\">&quot;</span><span style=\"color:blue\">6 &gt;= count(../b:Person) and position() = count(../b:Person) - 1</span><span style=\"color:black\">&quot;</span><span style=\"color:blue\">&gt;</span>\r\n  <span style=\"color:blue\">&lt;</span><span style=\"color:#a31515\">xsl</span><span style=\"color:blue\">:</span><span style=\"color:#a31515\">text</span><span style=\"color:blue\">&gt;</span> <span style=\"color:blue\">&lt;/</span><span style=\"color:#a31515\">xsl</span><span style=\"color:blue\">:</span><span style=\"color:#a31515\">text</span><span style=\"color:blue\">&gt;</span>\r\n  <span style=\"color:blue\">&lt;</span><span style=\"color:#a31515\">xsl</span><span style=\"color:blue\">:</span><span style=\"color:#a31515\">if</span> <span style=\"color:red\">test</span><span style=\"color:blue\">=</span><span style=\"color:black\">&quot;</span><span style=\"color:blue\">string-length($isLast)=0 or $isLast=true()</span><span style=\"color:black\">&quot;</span><span style=\"color:blue\">&gt;</span>\r\n    <span style=\"color:blue\">&lt;</span><span style=\"color:#a31515\">xsl</span><span style=\"color:blue\">:</span><span style=\"color:#a31515\">call-template</span> <span style=\"color:red\">name</span><span style=\"color:blue\">=</span><span style=\"color:black\">&quot;</span><span style=\"color:blue\">templ_prop_APA_BeforeLastAuthor</span><span style=\"color:black\">&quot;</span><span style=\"color:blue\">/&gt;</span>\r\n    <span style=\"color:blue\">&lt;</span><span style=\"color:#a31515\">xsl</span><span style=\"color:blue\">:</span><span style=\"color:#a31515\">call-template</span> <span style=\"color:red\">name</span><span style=\"color:blue\">=</span><span style=\"color:black\">&quot;</span><span style=\"color:blue\">templ_prop_Space</span><span style=\"color:black\">&quot;</span><span style=\"color:blue\">/&gt;</span>\r\n  <span style=\"color:blue\">&lt;/</span><span style=\"color:#a31515\">xsl</span><span style=\"color:blue\">:</span><span style=\"color:#a31515\">if</span><span style=\"color:blue\">&gt;</span>\r\n<span style=\"color:blue\">&lt;/</span><span style=\"color:#a31515\">xsl</span><span style=\"color:blue\">:</span><span style=\"color:#a31515\">when</span><span style=\"color:blue\">&gt;</span>\r\n</pre>\r\n</div>\r\n<p>Note that I haven't tested this. You might have to remove that text part if there turn out to be two spaces. I doubt there will, but it is possible.&nbsp;</p>",
    "PostedDate": "2010-05-26T11:17:36.047-07:00",
    "UserRole": null,
    "MarkedAsAnswerDate": null
  },
  {
    "Id": "447979",
    "ThreadId": "211601",
    "Html": "<p>Hi Yves,</p>\r\n<p>&nbsp;</p>\r\n<p>thank you so much! It works!!!!</p>\r\n<p>Your proposal changed only the style of the directory, but you got <span id=\"result_box\"><span>me on  the right track</span></span></p>\r\n<p>To change also the citation styls in the text I had to remove the same code</p>\r\n<p><span style=\"color:blue\">\r\n<pre> <span style=\"color:blue\">&lt;</span><span style=\"color:#a31515\">xsl</span><span style=\"color:blue\">:</span><span style=\"color:#a31515\">call-template</span> <span style=\"color:red\">name</span><span style=\"color:blue\">=</span><span style=\"color:black\">&quot;</span><span style=\"color:blue\">templ_prop_AuthorsSeparator</span><span style=\"color:black\">&quot;</span><span style=\"color:blue\">/&gt;</span><br><br>and insert <br></pre>\r\n</span></p>\r\n<pre><span style=\"color:blue\">&lt;</span><span style=\"color:#a31515\">xsl</span><span style=\"color:blue\">:</span><span style=\"color:#a31515\">text</span><span style=\"color:blue\">&gt;</span> <span style=\"color:blue\">&lt;/</span><span style=\"color:#a31515\">xsl</span><span style=\"color:blue\">:</span><span style=\"color:#a31515\">text</span><span style=\"color:blue\">&gt;</span>.<br><br>on line 3945.<br><br>Now it looks like: <br><pre>\r\n</pre>\r\n<div style=\"color:black;background-color:white\">\r\n<pre><span style=\"color:blue\">&lt;</span><span style=\"color:#a31515\">xsl</span><span style=\"color:blue\">:</span><span style=\"color:#a31515\">when</span> <span style=\"color:red\">test</span><span style=\"color:blue\">=</span><span style=\"color:black\">&quot;</span><span style=\"color:blue\">($cAuthors - 1 = position() and ($cAuthors &gt; 2))</span><span style=\"color:black\">&quot;</span><span style=\"color:blue\">&gt;</span>\r\n<span style=\"color:blue\">  &lt;</span><span style=\"color:#a31515\">xsl</span><span style=\"color:blue\">:</span><span style=\"color:#a31515\">text</span><span style=\"color:blue\">&gt;</span> <span style=\"color:blue\">&lt;/</span><span style=\"color:#a31515\">xsl</span><span style=\"color:blue\">:</span><span style=\"color:#a31515\">text</span><span style=\"color:blue\">&gt;</span><br><span style=\"color:blue\">&lt;</span><span style=\"color:#a31515\">xsl</span><span style=\"color:blue\">:</span><span style=\"color:#a31515\">variable</span> <span style=\"color:red\">name</span><span style=\"color:blue\">=</span><span style=\"color:black\">&quot;</span><span style=\"color:blue\">noAndBeforeLastAuthor</span><span style=\"color:black\">&quot;</span><span style=\"color:blue\">&gt;</span>\r\n<span style=\"color:blue\">    &lt;</span><span style=\"color:#a31515\">xsl</span><span style=\"color:blue\">:</span><span style=\"color:#a31515\">call-template</span> <span style=\"color:red\">name</span><span style=\"color:blue\">=</span><span style=\"color:black\">&quot;</span><span style=\"color:blue\">templ_prop_NoAndBeforeLastAuthor</span><span style=\"color:black\">&quot;</span><span style=\"color:blue\">/&gt;</span>\r\n<span style=\"color:blue\">&lt;/</span><span style=\"color:#a31515\">xsl</span><span style=\"color:blue\">:</span><span style=\"color:#a31515\">variable</span><span style=\"color:blue\">&gt;</span>\r\n<span style=\"color:blue\">  &lt;</span><span style=\"color:#a31515\">xsl</span><span style=\"color:blue\">:</span><span style=\"color:#a31515\">if</span> <span style=\"color:red\">test</span><span style=\"color:blue\">=</span><span style=\"color:black\">&quot;</span><span style=\"color:blue\">$noAndBeforeLastAuthor != 'yes'</span><span style=\"color:black\">&quot;</span><span style=\"color:blue\">&gt;</span>\r\n<span style=\"color:blue\">    &lt;</span><span style=\"color:#a31515\">xsl</span><span style=\"color:blue\">:</span><span style=\"color:#a31515\">call-template</span> <span style=\"color:red\">name</span><span style=\"color:blue\">=</span><span style=\"color:black\">&quot;</span><span style=\"color:blue\">templ_prop_APA_BeforeLastAuthor</span><span style=\"color:black\">&quot;</span><span style=\"color:blue\">/&gt;</span>\r\n<span style=\"color:blue\">    &lt;</span><span style=\"color:#a31515\">xsl</span><span style=\"color:blue\">:</span><span style=\"color:#a31515\">call-template</span> <span style=\"color:red\">name</span><span style=\"color:blue\">=</span><span style=\"color:black\">&quot;</span><span style=\"color:blue\">templ_prop_Space</span><span style=\"color:black\">&quot;</span><span style=\"color:blue\">/&gt;</span>\r\n<span style=\"color:blue\">  &lt;/</span><span style=\"color:#a31515\">xsl</span><span style=\"color:blue\">:</span><span style=\"color:#a31515\">if</span><span style=\"color:blue\">&gt;</span>\r\n<span style=\"color:blue\">&lt;/</span><span style=\"color:#a31515\">xsl</span><span style=\"color:blue\">:</span><span style=\"color:#a31515\">when</span><span style=\"color:blue\">&gt;</span>\r\n<br>Thank you again! <br><span id=\"result_box\"><span style=\"background-color:#ebeff9\">You saved me from a lot of work and experiments</span></span> ;-)<br><br>Giovanni<br><br><br>\r\n</pre>\r\n</div>\r\n</pre>",
    "PostedDate": "2010-05-26T23:18:37.147-07:00",
    "UserRole": null,
    "MarkedAsAnswerDate": null
  }
]