[
  {
    "Id": "233510",
    "ThreadId": "68635",
    "Html": "<p>Hi Guys, i am a newb to all this. i installed the templates and have selected IEEE-Re style and have entered a few references and a bibliography.</p>\r\n<p>&nbsp;</p>\r\n<p>Trouble is the citations appear as blanc greyed brackets without any numbers appearing.</p>\r\n<p>&nbsp;</p>\r\n<p>its a pain as i would like to see the numbers - can anyone out there help please&nbsp;- i'm a newb heyho</p>\r\n<p>&nbsp;</p>\r\n<p>Cheers,</p>\r\n<p>&nbsp;</p>\r\n<p>Mark</p>",
    "PostedDate": "2009-09-11T04:07:43.763-07:00",
    "UserRole": null,
    "MarkedAsAnswerDate": null
  },
  {
    "Id": "233686",
    "ThreadId": "68635",
    "Html": "<p>I'm guessing that by &quot;IEEE-Re&quot; you mean &quot;IEEE - Reference Order&quot;.</p>\r\n<p>I cannot reproduce the problem, so I can't really help solving the issue. One thing you could try is to not display the citations as links. In the source file (IEEE_Reference.XSL) try changing:</p>\r\n<div style=\"color:Black;background-color:White\">\r\n<pre>  <span style=\"color:Blue\">&lt;</span><span style=\"color:#A31515\">citation_as_link</span><span style=\"color:Blue\">&gt;</span>yes<span style=\"color:Blue\">&lt;/</span><span style=\"color:#A31515\">citation_as_link</span><span style=\"color:Blue\">&gt;</span>\r\n</pre>\r\n</div>\r\n<p>into</p>\r\n<div style=\"color:Black;background-color:White\">\r\n<pre><span style=\"color:Blue\">  &lt;</span><span style=\"color:#A31515\">citation_as_link</span><span style=\"color:Blue\">&gt;</span>no<span style=\"color:Blue\">&lt;/</span><span style=\"color:#A31515\">citation_as_link</span><span style=\"color:Blue\">&gt;</span>\r\n</pre>\r\n</div>\r\n<p>&nbsp;</p>",
    "PostedDate": "2009-09-11T10:33:36.703-07:00",
    "UserRole": null,
    "MarkedAsAnswerDate": null
  },
  {
    "Id": "237318",
    "ThreadId": "68635",
    "Html": "\r\n\r\n<div class=Section1>\r\n\r\n<p class=MsoNormal><span style=\"font-size:11.0pt;font-family:'Calibri','sans-serif';color:#1F497D\">Hi yves- I sorted it out by copying it all and pasting it into a\r\nnew file docx rather than a save as.</span></p>\r\n\r\n<p class=MsoNormal><span style=\"font-size:11.0pt;font-family:'Calibri','sans-serif';color:#1F497D\"> </span></p>\r\n\r\n<p class=MsoNormal><span style=\"font-size:11.0pt;font-family:'Calibri','sans-serif';color:#1F497D\">cheers</span></p>\r\n\r\n<p class=MsoNormal><span style=\"font-size:11.0pt;font-family:'Calibri','sans-serif';color:#1F497D\"> </span></p>\r\n\r\n<div>\r\n\r\n<div style=\"border:none;border-top:solid #B5C4DF 1.0pt;padding:3.0pt 0cm 0cm 0cm\">\r\n\r\n<p class=MsoNormal><b><span lang=EN-US style=\"font-size:10.0pt;font-family:'Tahoma','sans-serif'\">From:</span></b><span lang=EN-US style=\"font-size:10.0pt;font-family:'Tahoma','sans-serif'\"> yves [mailto:notifications@codeplex.com] <br>\r\n<b>Sent:</b> 11 September 2009 18:34<br>\r\n<b>To:</b> Jones M S (AT)<br>\r\n<b>Subject:</b> Re: citations not dispalying numbers - newb [bibword:68635]</span></p>\r\n\r\n</div>\r\n\r\n</div>\r\n\r\n<p class=MsoNormal> </p>\r\n\r\n<p><span style=\"font-size:9.0pt;font-family:'Verdana','sans-serif'\">From: yves</span></p>\r\n\r\n<div style=\"margin-bottom:24.0pt\" id=ThreadNotificationPostBody>\r\n\r\n<p><span style=\"font-size:9.0pt;font-family:'Verdana','sans-serif'\">I'm\r\nguessing that by &quot;IEEE-Re&quot; you mean &quot;IEEE - Reference\r\nOrder&quot;.</span></p>\r\n\r\n<p><span style=\"font-size:9.0pt;font-family:'Verdana','sans-serif'\">I cannot\r\nreproduce the problem, so I can't really help solving the issue. One thing you\r\ncould try is to not display the citations as links. In the source file\r\n(IEEE_Reference.XSL) try changing:</span></p>\r\n\r\n<div><pre style=\"background:white\"><span style=\"font-size:11.5pt;color:black\">  </span><span style=\"font-size:11.5pt;color:blue\">&lt;</span><span style=\"font-size:11.5pt;color:#A31515\">citation_as_link</span><span style=\"font-size:11.5pt;color:blue\">&gt;</span><span style=\"font-size:11.5pt;color:black\">yes</span><span style=\"font-size:11.5pt;color:blue\">&lt;/</span><span style=\"font-size:11.5pt;color:#A31515\">citation_as_link</span><span style=\"font-size:11.5pt;color:blue\">&gt;</span><span style=\"font-size:11.5pt;color:black\"></span></pre></div>\r\n\r\n<p><span style=\"font-size:9.0pt;font-family:'Verdana','sans-serif'\">into</span></p>\r\n\r\n<div><pre style=\"background:white\"><span style=\"font-size:11.5pt;color:blue\">  &lt;</span><span style=\"font-size:11.5pt;color:#A31515\">citation_as_link</span><span style=\"font-size:11.5pt;color:blue\">&gt;</span><span style=\"font-size:11.5pt;color:black\">no</span><span style=\"font-size:11.5pt;color:blue\">&lt;/</span><span style=\"font-size:11.5pt;color:#A31515\">citation_as_link</span><span style=\"font-size:11.5pt;color:blue\">&gt;</span><span style=\"font-size:11.5pt;color:black\"></span></pre></div>\r\n\r\n<p><span style=\"font-size:9.0pt;font-family:'Verdana','sans-serif'\"> </span></p>\r\n\r\n</div>\r\n\r\n<div style=\"border:none;border-top:solid #CCCCCC 1.0pt;padding:0cm 0cm 0cm 0cm\" id=ThreadNotificationFooter>\r\n\r\n<p><span style=\"font-size:9.0pt;font-family:'Verdana','sans-serif';color:gray\">Read\r\nthe <a href=\"http://bibword.codeplex.com/Thread/View.aspx?ThreadId=68635&ANCHOR#Post233686\">full\r\ndiscussion online</a>.</span></p>\r\n\r\n<p><span style=\"font-size:9.0pt;font-family:'Verdana','sans-serif';color:gray\">To\r\nadd a post to this discussion, reply to this email (<a href=\"mailto:bibword@discussions.codeplex.com?subject=[bibword:68635]\">bibword@discussions.codeplex.com</a>)</span></p>\r\n\r\n<p><span style=\"font-size:9.0pt;font-family:'Verdana','sans-serif';color:gray\">To\r\nstart a new discussion for this project, email <a href=\"mailto:bibword@discussions.codeplex.com\">bibword@discussions.codeplex.com</a></span></p>\r\n\r\n<p><span style=\"font-size:9.0pt;font-family:'Verdana','sans-serif';color:gray\">You\r\nare receiving this email because you subscribed to this discussion on CodePlex.\r\nYou can <a href=\"http://www.codeplex.com/site/discussions/thread/unsubscribe/68635\">unsubscribe</a>\r\non codePlex.com.</span></p>\r\n\r\n<p><span style=\"font-size:9.0pt;font-family:'Verdana','sans-serif';color:gray\">Please\r\nnote: Images and attachments will be removed from emails. Any posts to this\r\ndiscussion will also be available online at codeplex.com</span></p>\r\n\r\n</div>\r\n\r\n</div>\r\n\r\n",
    "PostedDate": "2009-09-22T07:15:42.383-07:00",
    "UserRole": null,
    "MarkedAsAnswerDate": null
  }
]