[
  {
    "Id": "1240774",
    "ThreadId": "544087",
    "Html": "hi\r<br />\n<br />\ni have followed the guides in this forum to remove the brackets in citations and also made used of macros to superscript the citations. Unfortunately, there is still spacing before the citation numbers.\r<br />\n<br />\neg.\r<br />\nAstigmatism is usually WTR 1. ----I am getting this where there is a spacing before the number.\r<br />\nAstigmatism is usually WTR1. ---- Is there anything I could delete to remove the spacings?<br />\n",
    "PostedDate": "2014-05-02T11:03:30.377-07:00",
    "UserRole": null,
    "MarkedAsAnswerDate": null
  }
]