[
  {
    "Id": "211462",
    "ThreadId": "62297",
    "Html": "\r\n\r\n<div class=Section1>\r\n\r\n<p class=MsoNormal><span style=\"font-size:10.0pt;font-family:'Arial','sans-serif';color:black\">Hi Yves, </span></p>\r\n\r\n<p class=MsoNormal><span style=\"font-size:10.0pt;font-family:'Arial','sans-serif';color:black\"> </span></p>\r\n\r\n<p class=MsoListParagraph style=\"text-indent:-.25in\"><span style=\"font-size:10.0pt;font-family:'Arial','sans-serif';color:black\"><span style=\"\">1)<span style=\"font:7.0pt\">    \r\n</span></span></span><span dir=LTR></span><span style=\"font-size:10.0pt;font-family:'Arial','sans-serif';color:black\">After I change biblio and\r\ncitations to static text – it still offers me the small tab above the bibliography\r\nwith the option to update bibliography and citations. (but it doesn't do\r\nanything) . minor irritation</span></p>\r\n\r\n<p class=MsoListParagraph style=\"text-indent:-.25in\"><span style=\"font-size:10.0pt;font-family:'Arial','sans-serif';color:black\"><span style=\"\">2)<span style=\"font:7.0pt\">    \r\n</span></span></span><span dir=LTR></span><span style=\"font-size:10.0pt;font-family:'Arial','sans-serif';color:black\">I got unneeded page breaks\r\ninto an empty page after the bibliography . I was able to get rid of it only by\r\nshortening the bibliography (I didn’t see anything when displaying all\r\nparagraph marks and spaces). </span></p>\r\n\r\n<p class=MsoListParagraph style=\"text-indent:-.25in\"><span style=\"font-size:10.0pt;font-family:'Arial','sans-serif';color:black\"><span style=\"\">3)<span style=\"font:7.0pt\">    \r\n</span></span></span><span dir=LTR></span><span style=\"font-size:10.0pt;font-family:'Arial','sans-serif';color:black\">When I first insert a\r\nbibliography into a file it often inserts the word “BIBLIOGRAPHY” – but not\r\nalways. Is there a rule behind this? <br>\r\n<br>\r\n<br>\r\nMany Thanks, </span></p>\r\n\r\n<p class=MsoNormal style=\"margin-left:.25in\"><span style=\"font-size:10.0pt;font-family:'Arial','sans-serif';color:black\"><br>\r\nAssaf </span></p>\r\n\r\n</div>\r\n\r\n",
    "PostedDate": "2009-07-13T13:11:26.81-07:00",
    "UserRole": null,
    "MarkedAsAnswerDate": null
  },
  {
    "Id": "211513",
    "ThreadId": "62297",
    "Html": "<p style=\"padding-left:30px\"><span style=\"font-family:'Arial', 'sans-serif';color:black;font-size:10pt\">1) After I change biblio and citations to static text &ndash; it still offers me the small tab above the bibliography with the option to update bibliography and citations. (but it doesn't do anything) . minor irritation</span></p>\r\n<p><span style=\"font-family:'Arial', 'sans-serif';color:black;font-size:10pt\">Seems strange. If the options are still available, that would imply they aren't converted to static text for some reason. Are you sure they are converted?</span></p>\r\n<p style=\"padding-left:30px\">2) I got unneeded page breaks into an empty page after the bibliography . I was able to get rid of it only by shortening the bibliography (I didn&rsquo;t see anything when displaying all paragraph marks and spaces).</p>\r\n<p style=\"padding-left:30px\"><span style=\"color:black;font-size:10pt\">3) </span><span style=\"color:black;font-size:10pt\">When I first insert a bibliography into a file it often inserts the word &ldquo;BIBLIOGRAPHY&rdquo; &ndash; but not always. Is there a rule behind this? <br></span></p>\r\n<p><span style=\"color:black;font-size:10pt\">I'm guessing those two are related and have to do with the way a bibliography is inserted. When you click the &quot;Bibliography&quot; button, the first two items on the menu are predefined building blocks. Those blocks display &quot;Bibliography&quot; or &quot;References&quot; above the actual bibliography. They can also introduce extra breaks at the end. </span><span style=\"color:black;font-size:10pt\">If you take the option under it, &quot;Insert Bibliography&quot;,&nbsp;only a bibliography field is entered without any leading text. That's the best option to use.</span></p>\r\n<p><span style=\"color:black;font-size:10pt\">Note that BibWord does not&nbsp;add any page breaks (it outputs HTML, so it doesn't even know the concept of a page break).</span></p>",
    "PostedDate": "2009-07-13T15:21:21.373-07:00",
    "UserRole": null,
    "MarkedAsAnswerDate": null
  },
  {
    "Id": "211574",
    "ThreadId": "62297",
    "Html": "\r\n\r\n<div class=Section1>\r\n\r\n<p class=MsoNormal><span style=\"font-size:10.0pt;font-family:'Arial','sans-serif';color:black\">Hi Yves, </span></p>\r\n\r\n<p class=MsoNormal><span style=\"font-size:10.0pt;font-family:'Arial','sans-serif';color:black\"> </span></p>\r\n\r\n<p class=MsoNormal><span style=\"font-size:10.0pt;font-family:'Arial','sans-serif';color:black\">1. I checked on the web and it is a known problem</span></p>\r\n\r\n<p class=MsoNormal><span style=\"font-size:10.0pt;font-family:'Arial','sans-serif';color:black\">3. Thanks – this was the issue! I had clicked in different places…\r\n</span></p>\r\n\r\n<p class=MsoNormal><span style=\"font-size:10.0pt;font-family:'Arial','sans-serif';color:black\"> </span></p>\r\n\r\n<p class=MsoNormal><span style=\"font-size:10.0pt;font-family:'Arial','sans-serif';color:black\">Thanks! <br>\r\n<br>\r\n</span></p>\r\n\r\n<p class=MsoNormal><span style=\"font-size:10.0pt;font-family:'Arial','sans-serif';color:black\">Assaf</span></p>\r\n\r\n<p class=MsoNormal><span style=\"font-size:10.0pt;font-family:'Arial','sans-serif';color:black\"> </span></p>\r\n\r\n<p class=MsoNormal><span style=\"font-size:10.0pt;font-family:'Arial','sans-serif';color:black\"> </span></p>\r\n\r\n<p class=MsoListParagraph><span style=\"font-size:10.0pt;font-family:'Arial','sans-serif';color:black\"> </span></p>\r\n\r\n<p class=MsoNormal><span style=\"font-size:10.0pt;font-family:'Arial','sans-serif';color:black\"> </span></p>\r\n\r\n<p class=MsoNormal><span style=\"font-size:10.0pt;font-family:'Arial','sans-serif';color:black\"> </span></p>\r\n\r\n<div>\r\n\r\n<div style=\"border:none;border-top:solid #B5C4DF 1.0pt;padding:3.0pt 0in 0in 0in\">\r\n\r\n<p class=MsoNormal><b><span style=\"font-size:10.0pt;font-family:'Tahoma','sans-serif'\">From:</span></b><span style=\"font-size:10.0pt;font-family:'Tahoma','sans-serif'\"> yves\r\n[mailto:notifications@codeplex.com] <br>\r\n<b>Sent:</b> Tuesday, July 14, 2009 1:21 AM<br>\r\n<b>To:</b> assaf.marron@weizmann.ac.il<br>\r\n<b>Subject:</b> Re: QUESTIONS [bibword:62297]</span></p>\r\n\r\n</div>\r\n\r\n</div>\r\n\r\n<p class=MsoNormal> </p>\r\n\r\n<p><span style=\"font-size:9.0pt;font-family:'Verdana','sans-serif'\">From: yves</span></p>\r\n\r\n<div style=\"margin-bottom:24.0pt\" id=ThreadNotificationPostBody>\r\n\r\n<p><span style=\"font-size:10.0pt;font-family:'Arial','sans-serif';color:black\">1)\r\nAfter I change biblio and citations to static text – it still offers me the\r\nsmall tab above the bibliography with the option to update bibliography and\r\ncitations. (but it doesn't do anything) . minor irritation</span><span style=\"font-size:9.0pt;font-family:'Verdana','sans-serif'\"></span></p>\r\n\r\n<p><span style=\"font-size:10.0pt;font-family:'Arial','sans-serif';color:black\">Seems\r\nstrange. If the options are still available, that would imply they aren't\r\nconverted to static text for some reason. Are you sure they are converted?</span><span style=\"font-size:9.0pt;font-family:'Verdana','sans-serif'\"></span></p>\r\n\r\n<p><span style=\"font-size:9.0pt;font-family:'Verdana','sans-serif'\">2) I got\r\nunneeded page breaks into an empty page after the bibliography . I was able to\r\nget rid of it only by shortening the bibliography (I didn’t see anything when\r\ndisplaying all paragraph marks and spaces).</span></p>\r\n\r\n<p><span style=\"font-size:10.0pt;font-family:'Verdana','sans-serif';color:black\">3)\r\nWhen I first insert a bibliography into a file it often inserts the word\r\n“BIBLIOGRAPHY” – but not always. Is there a rule behind this? </span><span style=\"font-size:9.0pt;font-family:'Verdana','sans-serif'\"></span></p>\r\n\r\n<p><span style=\"font-size:10.0pt;font-family:'Verdana','sans-serif';color:black\">I'm\r\nguessing those two are related and have to do with the way a bibliography is\r\ninserted. When you click the &quot;Bibliography&quot; button, the first two\r\nitems on the menu are predefined building blocks. Those blocks display\r\n&quot;Bibliography&quot; or &quot;References&quot; above the actual\r\nbibliography. They can also introduce extra breaks at the end. If you take the\r\noption under it, &quot;Insert Bibliography&quot;, only a bibliography\r\nfield is entered without any leading text. That's the best option to use.</span><span style=\"font-size:9.0pt;font-family:'Verdana','sans-serif'\"></span></p>\r\n\r\n<p><span style=\"font-size:10.0pt;font-family:'Verdana','sans-serif';color:black\">Note\r\nthat BibWord does not add any page breaks (it outputs HTML, so it doesn't\r\neven know the concept of a page break).</span><span style=\"font-size:9.0pt;font-family:'Verdana','sans-serif'\"></span></p>\r\n\r\n</div>\r\n\r\n<div style=\"border:none;border-top:solid #CCCCCC 1.0pt;padding:0in 0in 0in 0in\" id=ThreadNotificationFooter>\r\n\r\n<p><span style=\"font-size:9.0pt;font-family:'Verdana','sans-serif';color:gray\">Read\r\nthe <a href=\"http://bibword.codeplex.com/Thread/View.aspx?ThreadId=62297&ANCHOR#Post211513\">full\r\ndiscussion online</a>.</span></p>\r\n\r\n<p><span style=\"font-size:9.0pt;font-family:'Verdana','sans-serif';color:gray\">To\r\nadd a post to this discussion, reply to this email (<a href=\"mailto:bibword@discussions.codeplex.com?subject=[bibword:62297]\">bibword@discussions.codeplex.com</a>)</span></p>\r\n\r\n<p><span style=\"font-size:9.0pt;font-family:'Verdana','sans-serif';color:gray\">To\r\nstart a new discussion for this project, email <a href=\"mailto:bibword@discussions.codeplex.com\">bibword@discussions.codeplex.com</a></span></p>\r\n\r\n<p><span style=\"font-size:9.0pt;font-family:'Verdana','sans-serif';color:gray\">You\r\nare receiving this email because you subscribed to this discussion on CodePlex.\r\nYou can <a href=\"http://www.codeplex.com/site/discussions/thread/unsubscribe/62297\">unsubscribe</a>\r\non codePlex.com.</span></p>\r\n\r\n<p><span style=\"font-size:9.0pt;font-family:'Verdana','sans-serif';color:gray\">Please\r\nnote: Images and attachments will be removed from emails. Any posts to this\r\ndiscussion will also be available online at codeplex.com</span></p>\r\n\r\n</div>\r\n\r\n</div>\r\n\r\n",
    "PostedDate": "2009-07-13T21:47:16.297-07:00",
    "UserRole": null,
    "MarkedAsAnswerDate": null
  }
]