[
  {
    "Id": "827349",
    "ThreadId": "353228",
    "Html": "\r\n<p>Can anybody advise me how I can get the short title in my bibliography to appear in all but the first footnote where I reference the given work?</p>\r\n",
    "PostedDate": "2012-04-23T07:29:30.1-07:00",
    "UserRole": null,
    "MarkedAsAnswerDate": null
  },
  {
    "Id": "827466",
    "ThreadId": "353228",
    "Html": "<p>You can't. At least not automatically.</p>\r\n<p>In-text / footnote&nbsp;citations have a very limited awareness of their surroundings. For example, they don't know if they have been used before in the text or not. Hence, it is not possible to automatically decide whether or not the short or long version should be shown.</p>\r\n<p>Theoretically, you could make the selection manually. But even then you will have to abuse some flag to indicate which format you would require. It has been done before, but it will require a lot of work / programming.</p>",
    "PostedDate": "2012-04-23T11:35:54.873-07:00",
    "UserRole": null,
    "MarkedAsAnswerDate": null
  }
]