[
  {
    "Id": "1027762",
    "ThreadId": "439623",
    "Html": "Hello\r<br />\n<br />\nI am writing an article for an elsevier magazine and they give the following indications for the style:\r<br />\n<br />\nReference style \r<br />\nText: Indicate references by number(s) in square brackets in line with the text. The actual authors can be referred to, but the reference number(s) must always be given. \r<br />\nExample: '..... as demonstrated [3,6]. Barnaby and Jones [8] obtained a different result ....' \r<br />\nList: Number the references (numbers in square brackets) in the list in the order in which they appear in the text. \r<br />\n<br />\nExamples: \r<br />\n<br />\nReference to a journal publication: \r<br />\n[1] J. van der Geer, J.A.J. Hanraads, R.A. Lupton, J. Sci. Commun. 163 (2010) 51–59. \r<br />\n<br />\nReference to a book: \r<br />\n[2] W. Strunk Jr., E.B. White, The Elements of Style, fourth ed., Longman, New York, 2000. \r<br />\n<br />\nReference to a chapter in an edited book: \r<br />\n[3] G.R. Mettam, L.B. Adams in: B.S. Jones, R.Z. Smith (Eds.), Introduction to the Electronic Age, E-Publishing Inc., New York, 2009, pp. 281–304.\r<br />\n<br />\nI do not know the name of the style, if it has anyone. Does any one know the name or it is already made in this page?\r<br />\n<br />\nThank you <br />\n",
    "PostedDate": "2013-04-09T03:30:33.673-07:00",
    "UserRole": null,
    "MarkedAsAnswerDate": null
  },
  {
    "Id": "1028665",
    "ThreadId": "439623",
    "Html": "It seems to be a standard number based style. At first glance, I would think it is something similar to (if not the same as) IEEE.<br />\n",
    "PostedDate": "2013-04-10T13:30:51.657-07:00",
    "UserRole": null,
    "MarkedAsAnswerDate": null
  }
]