[
  {
    "Id": "487014",
    "ThreadId": "225474",
    "Html": "<p>Hi from Colombia,</p>\r\n<p>&nbsp;</p>\r\n<p>I thank you for your effort&nbsp;extending&nbsp;the bibliography styles for documents in Microsoft Word.</p>\r\n<p>In Colombia, we have a special standard for creating the bibliography for technical documents which is the NTC 5613.</p>\r\n<p>NTC 5613 is managed by ICONTEC (Colombian Institute of Technical Standards and Certification) (<a href=\"http://www.icontec.org.co/\">http://www.icontec.org.co</a>).</p>\r\n<p>This standard is specified in Spanish.</p>\r\n<p>Can you help with the creation of the ICONTEC NTC 5613 Bibliography Style for Word? I can translate the standard for you.</p>\r\n<p>&nbsp;</p>\r\n<p>Waiting for you replay.&nbsp;Thanks.</p>\r\n<p>&nbsp;</p>",
    "PostedDate": "2010-08-31T08:02:22.35-07:00",
    "UserRole": null,
    "MarkedAsAnswerDate": null
  }
]