[
  {
    "Id": "476323",
    "ThreadId": "222418",
    "Html": "Hi all,\r\n\r\nnowadays I am mainly linux based, which leaves me 2 options, use microsoft office through wine (not really great) or use openoffice. Now I have really refined my style for University of Birmingham and dont want to have to do all the work again. Does anyone know of a way of using these xsl styles in openoffice? Maybe through some external referencing software maybe?\r\n\r\nThanks for anyone's help!\r\n\r\nRoob",
    "PostedDate": "2010-08-04T02:04:32.58-07:00",
    "UserRole": null,
    "MarkedAsAnswerDate": null
  }
]