[
  {
    "Id": "417394",
    "ThreadId": "204755",
    "Html": "<p>I've been tweaking the &quot;Harvard - Exter&quot; style to meet the requirements at my University, Sunderland, and I've run into a problem that I can't see my way out of.</p>\r\n<p>The title should be in itallics which is the way it came for the bibliography but in the citation, if there is no author name and title is used instead then I would like it&nbsp;to be in itallics too. The string is currently</p>\r\n<pre>{%Author:1|Editor:1|ShortTitle|Title%, }{%Year|&quot;no date&quot;%{%YearSuffix%}}{, %CitationPages:p. :pp. %}</pre>\r\n<p>and I can't see how to modify it to get itallics without also getting Author and editor in italics.</p>\r\n<p>I took a quick look at the &quot;format-title&quot; template to see if I could modifiy it so title always displayed as itallic or if I could add a :i option to request itallics but haven't figured it out yet.</p>",
    "PostedDate": "2010-03-12T04:27:08.28-08:00",
    "UserRole": null,
    "MarkedAsAnswerDate": null
  },
  {
    "Id": "417406",
    "ThreadId": "204755",
    "Html": "<p>There is unfortunately no straightforward way to do this.</p>\r\n<p>Normally I would suggest combining variables within one condition, but the use of a string (&quot;no date&quot;) will prevent this from working.</p>\r\n<p>Your best option is as you assumed to extend the format-title template. At the bottom you currently have</p>\r\n<div style=\"color:Black;background-color:White\">\r\n<pre>    <span style=\"color:Green\">&lt;!-- Return the result. --&gt;</span>\r\n    <span style=\"color:Blue\">&lt;</span><span style=\"color:#A31515\">xsl</span><span style=\"color:Blue\">:</span><span style=\"color:#A31515\">value-of</span> <span style=\"color:Red\">select</span><span style=\"color:Blue\">=</span><span style=\"color:Black\">&quot;</span><span style=\"color:Blue\">$casing</span><span style=\"color:Black\">&quot;</span><span style=\"color:Blue\">/&gt;</span>\r\n</pre>\r\n</div>\r\n<p>You could change that into:</p>\r\n<div style=\"color:Black;background-color:White\">\r\n<pre>  <span style=\"color:Blue\">&lt;</span><span style=\"color:#A31515\">xsl</span><span style=\"color:Blue\">:</span><span style=\"color:#A31515\">choose</span><span style=\"color:Blue\">&gt;</span>\r\n    <span style=\"color:Blue\">&lt;</span><span style=\"color:#A31515\">xsl</span><span style=\"color:Blue\">:</span><span style=\"color:#A31515\">when</span> <span style=\"color:Red\">test</span><span style=\"color:Blue\">=</span><span style=\"color:Black\">&quot;</span><span style=\"color:Blue\">contains($options, 'i')</span><span style=\"color:Black\">&quot;</span><span style=\"color:Blue\">&gt;</span>\r\n      <span style=\"color:Blue\">&lt;</span><span style=\"color:#A31515\">xsl</span><span style=\"color:Blue\">:</span><span style=\"color:#A31515\">text</span><span style=\"color:Blue\">&gt;</span><span style=\"color:Red\">&amp;lt;</span>i<span style=\"color:Red\">&amp;gt;</span><span style=\"color:Blue\">&lt;/</span><span style=\"color:#A31515\">xsl</span><span style=\"color:Blue\">:</span><span style=\"color:#A31515\">text</span><span style=\"color:Blue\">&gt;</span>\r\n      <span style=\"color:Blue\">&lt;</span><span style=\"color:#A31515\">xsl</span><span style=\"color:Blue\">:</span><span style=\"color:#A31515\">value-of</span> <span style=\"color:Red\">select</span><span style=\"color:Blue\">=</span><span style=\"color:Black\">&quot;</span><span style=\"color:Blue\">$casing</span><span style=\"color:Black\">&quot;</span><span style=\"color:Blue\">/&gt;</span>\r\n      <span style=\"color:Blue\">&lt;</span><span style=\"color:#A31515\">xsl</span><span style=\"color:Blue\">:</span><span style=\"color:#A31515\">text</span><span style=\"color:Blue\">&gt;</span><span style=\"color:Red\">&amp;lt;</span>/i<span style=\"color:Red\">&amp;gt;</span><span style=\"color:Blue\">&lt;/</span><span style=\"color:#A31515\">xsl</span><span style=\"color:Blue\">:</span><span style=\"color:#A31515\">text</span><span style=\"color:Blue\">&gt;</span>\r\n    <span style=\"color:Blue\">&lt;/</span><span style=\"color:#A31515\">xsl</span><span style=\"color:Blue\">:</span><span style=\"color:#A31515\">when</span><span style=\"color:Blue\">&gt;</span>\r\n    <span style=\"color:Blue\">&lt;</span><span style=\"color:#A31515\">xsl</span><span style=\"color:Blue\">:</span><span style=\"color:#A31515\">otherwise</span><span style=\"color:Blue\">&gt;</span>\r\n      <span style=\"color:Blue\">&lt;</span><span style=\"color:#A31515\">xsl</span><span style=\"color:Blue\">:</span><span style=\"color:#A31515\">value-of</span> <span style=\"color:Red\">select</span><span style=\"color:Blue\">=</span><span style=\"color:Black\">&quot;</span><span style=\"color:Blue\">$casing</span><span style=\"color:Black\">&quot;</span><span style=\"color:Blue\">/&gt;</span>\r\n    <span style=\"color:Blue\">&lt;/</span><span style=\"color:#A31515\">xsl</span><span style=\"color:Blue\">:</span><span style=\"color:#A31515\">otherwise</span><span style=\"color:Blue\">&gt;</span>\r\n  <span style=\"color:Blue\">&lt;/</span><span style=\"color:#A31515\">xsl</span><span style=\"color:Blue\">:</span><span style=\"color:#A31515\">choose</span><span style=\"color:Blue\">&gt;</span></pre>\r\n</div>\r\n<p>This way you can indeed just add an &quot;:i&quot; behind your title.</p>",
    "PostedDate": "2010-03-12T05:00:51.883-08:00",
    "UserRole": null,
    "MarkedAsAnswerDate": null
  },
  {
    "Id": "417431",
    "ThreadId": "204755",
    "Html": "<p>Thanks that gives me what I need</p>",
    "PostedDate": "2010-03-12T06:20:16.957-08:00",
    "UserRole": null,
    "MarkedAsAnswerDate": null
  }
]