[
  {
    "Id": "561172",
    "ThreadId": "244759",
    "Html": "\r\n<p>Hi!</p>\r\n<p>First of all, I'd like to thank you for the wonderful BibWord!</p>\r\n<p>I'm currently using the AMA style for writing my PhD.</p>\r\n<p>I was wondering if it's possible define some additional left margin in the second table cell (column).</p>\r\n<p>I know it can be done directly in Word but every time I update my bibliography, the margin disappears.<br>\r\nSo maybe it's possible to define such a margin in the XLX template (?)</p>\r\n<p>Thank you for all advices.</p>\r\n<p>Regards,<br>\r\ndrProzac</p>\r\n",
    "PostedDate": "2011-02-05T03:40:40.49-08:00",
    "UserRole": null,
    "MarkedAsAnswerDate": null
  },
  {
    "Id": "563170",
    "ThreadId": "244759",
    "Html": "\r\n<p>Look for the following line of code:</p>\r\n<p><span>&lt;</span><span>td</span><span> align</span><span>=&quot;</span><strong>{$params/bibliography/source[@type = $type]/column[@id = $columnId]/halign}</strong><span>&quot;</span><span> valign</span><span>=&quot;</span><strong>{$params/bibliography/source[@type = $type]/column[@id\r\n = $columnId]/valign}</strong><span>&quot;</span><span>&gt;</span></p>\r\n<p><span>Here you could add margins. Note that this line is repeated for every column, so you might have to redesign this part a little if you only want the margins in the second column.</span></p>\r\n<p><span>An idea could be to add a variable just above and then use that. Something along the lines</span></p>\r\n<p><span>&lt;xsl:variable name=&quot;localStyle&quot;&gt;<br>\r\n&nbsp; &lt;column id=&quot;1&quot;&gt;&lt;/column&gt;<br>\r\n&nbsp; &lt;column id=&quot;2&quot;&gt;margin-left: 5em;&lt;/column&gt;<br>\r\n&lt;/xskl:variable&gt;</span></p>\r\n<p><span>Then in the line at the top, you could add </span></p>\r\n<p><span>&nbsp; style=&quot;{$localStyle/column[@id = $columnId]}&quot;</span></p>\r\n<p><span>(This is untested code)</span></p>\r\n",
    "PostedDate": "2011-02-09T01:31:32.13-08:00",
    "UserRole": null,
    "MarkedAsAnswerDate": null
  },
  {
    "Id": "576745",
    "ThreadId": "244759",
    "Html": "<p>Thank you very much for your reply.</p>\r\n<p>I tried to implement your solution but when I modified the XSL file the style disappeared from the style list so I guess Word detected something wrong and did not load the template.</p>\r\n<p>I'd be very thankful if you could give me some more advices.</p>\r\n<p>Regards,<br />Prozac</p>",
    "PostedDate": "2011-03-07T10:10:21.493-08:00",
    "UserRole": null,
    "MarkedAsAnswerDate": null
  },
  {
    "Id": "577313",
    "ThreadId": "244759",
    "Html": "<p>If the XSL is not well-formatted, Word won't execute it.</p>\r\n<p>Probably easier. Change</p>\r\n<div style=\"color: black; background-color: white;\">\r\n<pre><span style=\"color: blue;\">&lt;</span><span style=\"color: #a31515;\">td</span> <span style=\"color: red;\">align</span><span style=\"color: blue;\">=</span><span style=\"color: black;\">\"</span><span style=\"color: blue;\">{$params/bibliography/source[@type = $type]/column[@id = $columnId]/halign}</span><span style=\"color: black;\">\"</span> <span style=\"color: red;\">valign</span><span style=\"color: blue;\">=</span><span style=\"color: black;\">\"</span><span style=\"color: blue;\">{$params/bibliography/source[@type = $type]/column[@id = $columnId]/valign}</span><span style=\"color: black;\">\"</span><span style=\"color: blue;\">&gt;</span>\r\n</pre>\r\n</div>\r\n<p>into</p>\r\n<div style=\"color: black; background-color: white;\">\r\n<pre><span style=\"color: blue;\">&lt;</span><span style=\"color: #a31515;\">td</span> <span style=\"color: red;\">align</span><span style=\"color: blue;\">=</span><span style=\"color: black;\">\"</span><span style=\"color: blue;\">{$params/bibliography/source[@type = $type]/column[@id = $columnId]/halign}</span><span style=\"color: black;\">\"</span> <span style=\"color: red;\">valign</span><span style=\"color: blue;\">=</span><span style=\"color: black;\">\"</span><span style=\"color: blue;\">{$params/bibliography/source[@type = $type]/column[@id = $columnId]/valign}</span><span style=\"color: black;\">\"</span> <span style=\"color: red;\">style</span><span style=\"color: blue;\">=</span><span style=\"color: black;\">\"</span><span style=\"color: blue;\">{$params/bibliography/source[@type = $type]/column[@id = $columnId]/style}</span><span style=\"color: black;\">\"</span><span style=\"color: blue;\">&gt;</span>\r\n</pre>\r\n</div>\r\n<p>And then add \"style\" elements to every column element in the data section you want the extra margin (or something else). So e.g.:</p>\r\n<div style=\"color: black; background-color: white;\">\r\n<pre>      <span style=\"color: blue;\">&lt;</span><span style=\"color: #a31515;\">source</span> <span style=\"color: red;\">type</span><span style=\"color: blue;\">=</span><span style=\"color: black;\">\"</span><span style=\"color: blue;\">Book</span><span style=\"color: black;\">\"</span><span style=\"color: blue;\">&gt;</span>\r\n        <span style=\"color: blue;\">&lt;</span><span style=\"color: #a31515;\">column</span> <span style=\"color: red;\">id</span><span style=\"color: blue;\">=</span><span style=\"color: black;\">\"</span><span style=\"color: blue;\">1</span><span style=\"color: black;\">\"</span><span style=\"color: blue;\">&gt;</span>\r\n          <span style=\"color: blue;\">&lt;</span><span style=\"color: #a31515;\">halign</span><span style=\"color: blue;\">&gt;</span>right<span style=\"color: blue;\">&lt;/</span><span style=\"color: #a31515;\">halign</span><span style=\"color: blue;\">&gt;</span>\r\n          <span style=\"color: blue;\">&lt;</span><span style=\"color: #a31515;\">valign</span><span style=\"color: blue;\">&gt;</span>top<span style=\"color: blue;\">&lt;/</span><span style=\"color: #a31515;\">valign</span><span style=\"color: blue;\">&gt;</span>\r\n          <span style=\"color: blue;\">&lt;</span><span style=\"color: #a31515;\">format</span><span style=\"color: blue;\">&gt;</span>%RefOrder%.<span style=\"color: blue;\">&lt;/</span><span style=\"color: #a31515;\">format</span><span style=\"color: blue;\">&gt;</span>\r\n        <span style=\"color: blue;\">&lt;/</span><span style=\"color: #a31515;\">column</span><span style=\"color: blue;\">&gt;</span>\r\n        <span style=\"color: blue;\">&lt;</span><span style=\"color: #a31515;\">column</span> <span style=\"color: red;\">id</span><span style=\"color: blue;\">=</span><span style=\"color: black;\">\"</span><span style=\"color: blue;\">2</span><span style=\"color: black;\">\"</span><span style=\"color: blue;\">&gt;</span>\r\n          <span style=\"color: blue;\">&lt;</span><span style=\"color: #a31515;\">halign</span><span style=\"color: blue;\">&gt;</span>left<span style=\"color: blue;\">&lt;/</span><span style=\"color: #a31515;\">halign</span><span style=\"color: blue;\">&gt;</span>\r\n          <span style=\"color: blue;\">&lt;</span><span style=\"color: #a31515;\">valign</span><span style=\"color: blue;\">&gt;</span>top<span style=\"color: blue;\">&lt;/</span><span style=\"color: #a31515;\">valign</span><span style=\"color: blue;\">&gt;</span>\r\n          <span style=\"color: blue;\">&lt;</span><span style=\"color: #a31515;\">format</span><span style=\"color: blue;\">&gt;</span>{%Author:0|Editor:1%}{. <span style=\"color: red;\">&amp;lt;</span>i<span style=\"color: red;\">&amp;gt;</span>%Title|ShortTitle%<span style=\"color: red;\">&amp;lt;</span>/i<span style=\"color: red;\">&amp;gt;</span>}{. Vol %Volume%}{. %Edition% ed}{. %City%}{: %Publisher%}{; %Year%}.<span style=\"color: blue;\">&lt;/</span><span style=\"color: #a31515;\">format</span><span style=\"color: blue;\">&gt;</span>\r\n        <span style=\"color: blue;\">&lt;/</span><span style=\"color: #a31515;\">column</span><span style=\"color: blue;\">&gt;</span>\r\n        <span style=\"color: blue;\">&lt;</span><span style=\"color: #a31515;\">sortkey</span><span style=\"color: blue;\">&gt;</span><span style=\"color: blue;\">&lt;/</span><span style=\"color: #a31515;\">sortkey</span><span style=\"color: blue;\">&gt;</span>\r\n      <span style=\"color: blue;\">&lt;/</span><span style=\"color: #a31515;\">source</span><span style=\"color: blue;\">&gt;</span>\r\n</pre>\r\n</div>\r\n<p>would become</p>\r\n<div style=\"color: black; background-color: white;\">\r\n<pre>      <span style=\"color: blue;\">&lt;</span><span style=\"color: #a31515;\">source</span> <span style=\"color: red;\">type</span><span style=\"color: blue;\">=</span><span style=\"color: black;\">\"</span><span style=\"color: blue;\">Book</span><span style=\"color: black;\">\"</span><span style=\"color: blue;\">&gt;</span>\r\n        <span style=\"color: blue;\">&lt;</span><span style=\"color: #a31515;\">column</span> <span style=\"color: red;\">id</span><span style=\"color: blue;\">=</span><span style=\"color: black;\">\"</span><span style=\"color: blue;\">1</span><span style=\"color: black;\">\"</span><span style=\"color: blue;\">&gt;</span>\r\n          <span style=\"color: blue;\">&lt;</span><span style=\"color: #a31515;\">halign</span><span style=\"color: blue;\">&gt;</span>right<span style=\"color: blue;\">&lt;/</span><span style=\"color: #a31515;\">halign</span><span style=\"color: blue;\">&gt;</span>\r\n          <span style=\"color: blue;\">&lt;</span><span style=\"color: #a31515;\">valign</span><span style=\"color: blue;\">&gt;</span>top<span style=\"color: blue;\">&lt;/</span><span style=\"color: #a31515;\">valign</span><span style=\"color: blue;\">&gt;</span>\r\n          <span style=\"color: blue;\">&lt;</span><span style=\"color: #a31515;\">format</span><span style=\"color: blue;\">&gt;</span>%RefOrder%.<span style=\"color: blue;\">&lt;/</span><span style=\"color: #a31515;\">format</span><span style=\"color: blue;\">&gt;</span>\r\n        <span style=\"color: blue;\">&lt;/</span><span style=\"color: #a31515;\">column</span><span style=\"color: blue;\">&gt;</span>\r\n        <span style=\"color: blue;\">&lt;</span><span style=\"color: #a31515;\">column</span> <span style=\"color: red;\">id</span><span style=\"color: blue;\">=</span><span style=\"color: black;\">\"</span><span style=\"color: blue;\">2</span><span style=\"color: black;\">\"</span><span style=\"color: blue;\">&gt;</span>\r\n          <span style=\"color: blue;\">&lt;</span><span style=\"color: #a31515;\">halign</span><span style=\"color: blue;\">&gt;</span>left<span style=\"color: blue;\">&lt;/</span><span style=\"color: #a31515;\">halign</span><span style=\"color: blue;\">&gt;</span>\r\n          <span style=\"color: blue;\">&lt;</span><span style=\"color: #a31515;\">valign</span><span style=\"color: blue;\">&gt;</span>top<span style=\"color: blue;\">&lt;/</span><span style=\"color: #a31515;\">valign</span><span style=\"color: blue;\">&gt;</span>\r\n          <strong><span style=\"color: blue;\">&lt;</span><span style=\"color: #a31515;\">style</span><span style=\"color: blue;\">&gt;</span>margin-left: 10em;<span style=\"color: blue;\">&lt;/</span><span style=\"color: #a31515;\">style</span><span style=\"color: blue;\">&gt;</span>\r\n</strong>          <span style=\"color: blue;\">&lt;</span><span style=\"color: #a31515;\">format</span><span style=\"color: blue;\">&gt;</span>{%Author:0|Editor:1%}{. <span style=\"color: red;\">&amp;lt;</span>i<span style=\"color: red;\">&amp;gt;</span>%Title|ShortTitle%<span style=\"color: red;\">&amp;lt;</span>/i<span style=\"color: red;\">&amp;gt;</span>}{. Vol %Volume%}{. %Edition% ed}{. %City%}{: %Publisher%}{; %Year%}.<span style=\"color: blue;\">&lt;/</span><span style=\"color: #a31515;\">format</span><span style=\"color: blue;\">&gt;</span>\r\n        <span style=\"color: blue;\">&lt;/</span><span style=\"color: #a31515;\">column</span><span style=\"color: blue;\">&gt;</span>\r\n        <span style=\"color: blue;\">&lt;</span><span style=\"color: #a31515;\">sortkey</span><span style=\"color: blue;\">&gt;</span><span style=\"color: blue;\">&lt;/</span><span style=\"color: #a31515;\">sortkey</span><span style=\"color: blue;\">&gt;</span>\r\n      <span style=\"color: blue;\">&lt;/</span><span style=\"color: #a31515;\">source</span><span style=\"color: blue;\">&gt;</span>\r\n</pre>\r\n</div>",
    "PostedDate": "2011-03-08T10:53:22.48-08:00",
    "UserRole": null,
    "MarkedAsAnswerDate": null
  },
  {
    "Id": "577328",
    "ThreadId": "244759",
    "Html": "<p>Thank you very much for the detailed explanation!<br />This one works as expected :-)</p>\r\n<p>I've just came across another problem.<br />I mean, very often bibliography items are divided &nbsp;between pages. Some part of the item remains on one page and the rest (volume, page numbers) are&nbsp;brought forward to the next page.<br />This is because the \"Allow row to break across pages\" in the table properties is enabled.<br />Do you think it may be possible to disable this option via the XLS script?</p>\r\n<p>Regards,<br />Prozac</p>",
    "PostedDate": "2011-03-08T11:22:31.947-08:00",
    "UserRole": null,
    "MarkedAsAnswerDate": null
  },
  {
    "Id": "577390",
    "ThreadId": "244759",
    "Html": "<p>Try replacing</p>\r\n<div style=\"color: black; background-color: white;\">\r\n<pre>        <span style=\"color: blue;\">&lt;</span><span style=\"color: #a31515;\">tr</span><span style=\"color: blue;\">&gt;</span>\r\n          <span style=\"color: blue;\">&lt;</span><span style=\"color: #a31515;\">xsl</span><span style=\"color: blue;\">:</span><span style=\"color: #a31515;\">call-template</span> <span style=\"color: red;\">name</span><span style=\"color: blue;\">=</span><span style=\"color: black;\">\"</span><span style=\"color: blue;\">format-bibliography-table-column</span><span style=\"color: black;\">\"</span><span style=\"color: blue;\">&gt;</span>\r\n            <span style=\"color: blue;\">&lt;</span><span style=\"color: #a31515;\">xsl</span><span style=\"color: blue;\">:</span><span style=\"color: #a31515;\">with-param</span> <span style=\"color: red;\">name</span><span style=\"color: blue;\">=</span><span style=\"color: black;\">\"</span><span style=\"color: blue;\">columnId</span><span style=\"color: black;\">\"</span> <span style=\"color: red;\">select</span><span style=\"color: blue;\">=</span><span style=\"color: black;\">\"</span><span style=\"color: blue;\">1</span><span style=\"color: black;\">\"</span><span style=\"color: blue;\">/&gt;</span>\r\n            <span style=\"color: blue;\">&lt;</span><span style=\"color: #a31515;\">xsl</span><span style=\"color: blue;\">:</span><span style=\"color: #a31515;\">with-param</span> <span style=\"color: red;\">name</span><span style=\"color: blue;\">=</span><span style=\"color: black;\">\"</span><span style=\"color: blue;\">source</span><span style=\"color: black;\">\"</span> <span style=\"color: red;\">select</span><span style=\"color: blue;\">=</span><span style=\"color: black;\">\"</span><span style=\"color: blue;\">.</span><span style=\"color: black;\">\"</span><span style=\"color: blue;\">/&gt;</span>\r\n          <span style=\"color: blue;\">&lt;/</span><span style=\"color: #a31515;\">xsl</span><span style=\"color: blue;\">:</span><span style=\"color: #a31515;\">call-template</span><span style=\"color: blue;\">&gt;</span>\r\n        <span style=\"color: blue;\">&lt;/</span><span style=\"color: #a31515;\">tr</span><span style=\"color: blue;\">&gt;</span>\r\n</pre>\r\n</div>\r\n<p>with&nbsp;</p>\r\n<div style=\"color: black; background-color: white;\">\r\n<pre>        <span style=\"color: blue;\">&lt;</span><span style=\"color: #a31515;\">tr</span> <strong><span style=\"color: red;\">style</span><span style=\"color: blue;\">=</span><span style=\"color: black;\">\"</span><span style=\"color: blue;\">page-break-inside:avoid</span><span style=\"color: black;\">\"</span></strong><span style=\"color: blue;\">&gt;</span>\r\n          <span style=\"color: blue;\">&lt;</span><span style=\"color: #a31515;\">xsl</span><span style=\"color: blue;\">:</span><span style=\"color: #a31515;\">call-template</span> <span style=\"color: red;\">name</span><span style=\"color: blue;\">=</span><span style=\"color: black;\">\"</span><span style=\"color: blue;\">format-bibliography-table-column</span><span style=\"color: black;\">\"</span><span style=\"color: blue;\">&gt;</span>\r\n            <span style=\"color: blue;\">&lt;</span><span style=\"color: #a31515;\">xsl</span><span style=\"color: blue;\">:</span><span style=\"color: #a31515;\">with-param</span> <span style=\"color: red;\">name</span><span style=\"color: blue;\">=</span><span style=\"color: black;\">\"</span><span style=\"color: blue;\">columnId</span><span style=\"color: black;\">\"</span> <span style=\"color: red;\">select</span><span style=\"color: blue;\">=</span><span style=\"color: black;\">\"</span><span style=\"color: blue;\">1</span><span style=\"color: black;\">\"</span><span style=\"color: blue;\">/&gt;</span>\r\n            <span style=\"color: blue;\">&lt;</span><span style=\"color: #a31515;\">xsl</span><span style=\"color: blue;\">:</span><span style=\"color: #a31515;\">with-param</span> <span style=\"color: red;\">name</span><span style=\"color: blue;\">=</span><span style=\"color: black;\">\"</span><span style=\"color: blue;\">source</span><span style=\"color: black;\">\"</span> <span style=\"color: red;\">select</span><span style=\"color: blue;\">=</span><span style=\"color: black;\">\"</span><span style=\"color: blue;\">.</span><span style=\"color: black;\">\"</span><span style=\"color: blue;\">/&gt;</span>\r\n          <span style=\"color: blue;\">&lt;/</span><span style=\"color: #a31515;\">xsl</span><span style=\"color: blue;\">:</span><span style=\"color: #a31515;\">call-template</span><span style=\"color: blue;\">&gt;</span>\r\n        <span style=\"color: blue;\">&lt;/</span><span style=\"color: #a31515;\">tr</span><span style=\"color: blue;\">&gt;</span>\r\n</pre>\r\n</div>\r\n<p>This will give the behaviour you want, but I'm not sure Word is able to handle&nbsp;it well. I think I left this out originally because during tests ghosts of rows were showing up.</p>",
    "PostedDate": "2011-03-08T13:18:57.167-08:00",
    "UserRole": null,
    "MarkedAsAnswerDate": null
  },
  {
    "Id": "577468",
    "ThreadId": "244759",
    "Html": "<p>Yes! It works perfectly. I'm working with Word 2007 and seems it&nbsp;interpreted the style correctly :) The option&nbsp;\"Allow row to break across pages\" is now disabled and I haven't noticed any empty rows or incorrect lines.</p>\r\n<p>I have one more question but I will create a new thread since&nbsp;it has nothing to do with table cells.</p>\r\n<p>Once again, thanks for the wonderful support.</p>",
    "PostedDate": "2011-03-08T16:32:40.51-08:00",
    "UserRole": null,
    "MarkedAsAnswerDate": null
  },
  {
    "Id": "578112",
    "ThreadId": "244759",
    "Html": "<p>You helped me to implement some additional margin for the text of the 2nd column and you also helped me to disable page-breaks inside rows.<br />My bibliography is almost perfect :-)</p>\r\n<p>I was just wondering if it's possible to change the default cell margins of the bibliography table<br />http://www.avirecomp.com/mateo/images/screenshots/word_table_prop_options.png</p>\r\n<p>They are always set to 0.03 cm by default and I'd like to remove all of them and also to disable spacing.</p>",
    "PostedDate": "2011-03-09T15:48:59.453-08:00",
    "UserRole": null,
    "MarkedAsAnswerDate": null
  },
  {
    "Id": "578240",
    "ThreadId": "244759",
    "Html": "<p>It takes over your default Word&nbsp;table settings. You could hard-code others inside the xsl. Just change the line</p>\r\n<div style=\"color: black; background-color: white;\">\r\n<pre><span style=\"color: blue;\">&lt;</span><span style=\"color: #a31515;\">table</span> <span style=\"color: red;\">width</span><span style=\"color: blue;\">=</span><span style=\"color: black;\">\"</span><span style=\"color: blue;\">100%</span><span style=\"color: black;\">\"</span><span style=\"color: blue;\">&gt;</span>\r\n</pre>\r\n</div>\r\n<p>into</p>\r\n<div style=\"color: black; background-color: white;\">\r\n<pre><span style=\"color: blue;\">&lt;</span><span style=\"color: #a31515;\">table</span> <span style=\"color: red;\">width</span><span style=\"color: blue;\">=</span><span style=\"color: black;\">\"</span><span style=\"color: blue;\">100%</span><span style=\"color: black;\">\"</span> <span style=\"color: red;\">border</span><span style=\"color: blue;\">=</span><span style=\"color: black;\">\"</span><span style=\"color: blue;\">0</span><span style=\"color: black;\">\"</span> <span style=\"color: red;\">cellspacing</span><span style=\"color: blue;\">=</span><span style=\"color: black;\">\"</span><span style=\"color: blue;\">0</span><span style=\"color: black;\">\"</span> <span style=\"color: red;\">cellpadding</span><span style=\"color: blue;\">=</span><span style=\"color: black;\">\"</span><span style=\"color: blue;\">0</span><span style=\"color: black;\">\"</span><span style=\"color: blue;\">&gt;</span>\r\n</pre>\r\n</div>\r\n<p>and there should be no padding or spacing in your table.</p>",
    "PostedDate": "2011-03-09T23:32:16.253-08:00",
    "UserRole": null,
    "MarkedAsAnswerDate": null
  },
  {
    "Id": "578613",
    "ThreadId": "244759",
    "Html": "<p>Thanks a lot!</p>\r\n<p>BTW, I'm not a HTML expert but in your second post you advised me to use <em>margin-left</em> to increase the left margin of the text in the second column.<br />I wonder if&nbsp;I could reach the same effect by adding the <em>padding-left</em> property to the <em>td</em> element?</p>\r\n<p>BTW 2 :-)<br />I was trying to insert a &nbsp;code snippet but seems it doesn't want to work with Opera. I tried to use Chrome and it works fine.<br />Take a look at the screenie: http://www.avirecomp.com/mateo/images/screenshots/bibword_code.png<br />The same happens with the HTML option.</p>\r\n<p>&nbsp;</p>",
    "PostedDate": "2011-03-10T12:02:49.01-08:00",
    "UserRole": null,
    "MarkedAsAnswerDate": null
  },
  {
    "Id": "578693",
    "ThreadId": "244759",
    "Html": "<p>Assuming Word's html converter understands padding-left correctly, that would indeed work.</p>",
    "PostedDate": "2011-03-10T13:48:48.163-08:00",
    "UserRole": null,
    "MarkedAsAnswerDate": null
  },
  {
    "Id": "578704",
    "ThreadId": "244759",
    "Html": "<p>I tried to replace <em>margin-left</em> with <em>padding-left</em> and got exactly the same effect.<br />Strange, because they have two different meanings.</p>",
    "PostedDate": "2011-03-10T14:15:03.263-08:00",
    "UserRole": null,
    "MarkedAsAnswerDate": null
  }
]