[
  {
    "Id": "157795",
    "ThreadId": "47172",
    "Html": "Hi all,<div><br></div><div>The referencing system in Word 2008 (mac version) would be great, if you could only edit and create your own styles!  </div><div><br></div><div>I have downloaded some of the styles from here, and it looks like the Exeter implementation og Harvard is closest to the one used at Northampton.  The only difference I can see is the way in which a citation with multiple authors is formated.  For example (Brooks, Smith and Jones,2008) should be (Brooks, et al,2008).</div><div><br></div><div>Is there an easy way, on a Mac, that I can amend the style to reflect this?</div><div><br></div><div>Matt</div>&lt;!--StartFragment--&gt;&lt;!--EndFragment--&gt;&lt;!--StartFragment--&gt;&lt;!--EndFragment--&gt;",
    "PostedDate": "2009-02-15T07:55:49.873-08:00",
    "UserRole": null,
    "MarkedAsAnswerDate": null
  },
  {
    "Id": "157809",
    "ThreadId": "47172",
    "Html": "I don't have a Mac myself, so testing if the styles work on one is pretty hard for me to do. There is hope that that will change pretty soon though (even today).<br>\r\n<br>\r\nRegarding your other question. All in-text citation authors are formatted using the following parameters in the code:<br>\r\n<br>\r\n<p style=\"margin:0cm 0cm 0pt;line-height:normal\"><span style=\"font-size:10pt;color:blue;font-family:'courier new'\">&lt;</span><span style=\"font-size:10pt;color:#a31515;font-family:'courier new'\">list</span> <span style=\"font-size:10pt;color:red;font-family:'courier new'\">name</span><span style=\"font-size:10pt;color:blue;font-family:'courier new'\">=</span><span style=\"font-size:10pt;font-family:'courier new'\">&quot;<span style=\"color:blue\">citation</span>&quot; <span style=\"color:red\">id</span><span style=\"color:blue\">=</span>&quot;<span style=\"color:blue\">1</span>&quot;<span style=\"color:blue\">&gt;<br>\r\n  &lt;</span><span style=\"color:#a31515\">single_prefix</span><span style=\"color:blue\">&gt;&lt;/</span><span style=\"color:#a31515\">single_prefix</span><span style=\"color:blue\">&gt;<br>\r\n  &lt;</span><span style=\"color:#a31515\">multi_prefix</span><span style=\"color:blue\">&gt;&lt;/</span><span style=\"color:#a31515\">multi_prefix</span><span style=\"color:blue\">&gt;<br>\r\n  &lt;</span><span style=\"color:#a31515\">corporate</span><span style=\"color:blue\">&gt;</span>{%Corporate%}<span style=\"color:blue\">&lt;/</span><span style=\"color:#a31515\">corporate</span><span style=\"color:blue\">&gt;<br>\r\n  &lt;</span><span style=\"color:#a31515\">first_person</span><span style=\"color:blue\">&gt;</span>{%Last|First%}<span style=\"color:blue\">&lt;/</span><span style=\"color:#a31515\">first_person</span><span style=\"color:blue\">&gt;<br>\r\n  &lt;</span><span style=\"color:#a31515\">other_persons</span><span style=\"color:blue\">&gt;</span>{%Last|First%}<span style=\"color:blue\">&lt;/</span><span style=\"color:#a31515\">other_persons</span><span style=\"color:blue\">&gt;<br>\r\n  &lt;</span><span style=\"color:#a31515\">separator_between_if_two</span><span style=\"color:blue\">&gt;</span> and <span style=\"color:blue\">&lt;/</span><span style=\"color:#a31515\">separator_between_if_two</span><span style=\"color:blue\">&gt;<br>\r\n  &lt;</span><span style=\"color:#a31515\">separator_between_if_more_than_two</span><span style=\"color:blue\">&gt;</span>, <span style=\"color:blue\">&lt;/</span><span style=\"color:#a31515\">separator_between_if_more_than_two</span><span style=\"color:blue\">&gt;<br>\r\n  &lt;</span><span style=\"color:#a31515\">separator_before_last</span><span style=\"color:blue\">&gt;</span> and <span style=\"color:blue\">&lt;/</span><span style=\"color:#a31515\">separator_before_last</span><span style=\"color:blue\">&gt;<br>\r\n  &lt;</span><span style=\"color:#a31515\">max_number_of_persons_to_display</span><span style=\"color:blue\">&gt;</span>3<span style=\"color:blue\">&lt;/</span><span style=\"color:#a31515\">max_number_of_persons_to_display</span><span style=\"color:blue\">&gt;<br>\r\n  &lt;</span><span style=\"color:#a31515\">number_of_persons_to_display_if_more_than_max</span><span style=\"color:blue\">&gt;</span>1<span style=\"color:blue\">&lt;/</span><span style=\"color:#a31515\">number_of_persons_to_display_if_more_than_max</span><span style=\"color:blue\">&gt;<br>\r\n  &lt;</span><span style=\"color:#a31515\">overflow</span><span style=\"color:blue\">&gt;</span> et al.<span style=\"color:blue\">&lt;/</span><span style=\"color:#a31515\">overflow</span><span style=\"color:blue\">&gt;<br>\r\n  &lt;</span><span style=\"color:#a31515\">single_suffix</span><span style=\"color:blue\">&gt;&lt;/</span><span style=\"color:#a31515\">single_suffix</span><span style=\"color:blue\">&gt;<br>\r\n  &lt;</span><span style=\"color:#a31515\">multi_suffix</span><span style=\"color:blue\">&gt;&lt;/</span><span style=\"color:#a31515\">multi_suffix</span><span style=\"color:blue\">&gt;</span>\r\n<p style=\"margin:0cm 0cm 10pt\"><span style=\"font-size:10pt;color:blue;line-height:115%;font-family:'courier new'\">&lt;/</span><span style=\"font-size:10pt;color:#a31515;line-height:115%;font-family:'courier new'\">list</span><span style=\"font-size:10pt;color:blue;line-height:115%;font-family:'courier new'\">&gt;</span></p>\r\n</span></p>\r\nYou can easily tune those variables to your needs. At first look, you only need to change two things:<br>\r\n<ul>\r\n    <li>max_number_of_persons_to_display from 3 to 1;</li>\r\n    <li>overflow to (without the quotes) &quot;, et al&quot;</li>\r\n</ul>\r\n",
    "PostedDate": "2009-02-15T09:15:30.17-08:00",
    "UserRole": null,
    "MarkedAsAnswerDate": null
  }
]