[
  {
    "Id": "812021",
    "ThreadId": "349045",
    "Html": "\r\n<p>Hello!</p>\r\n<p>I've been trying to find an AGLC.xsl I can download for use with my law assignments. &nbsp;I'm at QUT in Brisbane, Australia, and we use the Australian Guide to Legal Citations. &nbsp;It's kind of similar to APA. &nbsp;I did initially try copying the APA\r\n style, renaming it AGLC, and then attempted to go through it and make the appropriate changes, but I'm not that great with XML and it was all too much for me!</p>\r\n<p>I'm hoping one of you uber geniuses would be able to make short work of it? &nbsp;This is the pdf of the style:&nbsp;&lt;cite&gt;mulr.law.unimelb.edu.au/go/<strong>AGLC</strong>3&lt;/cite&gt;. &nbsp;I'm not sure whether it would just be easier to start from scratch,\r\n or to actually go through and edit the APA?</p>\r\n<p>Please let me know if anyone is willing to take this on!</p>\r\n<p>Kind regards,</p>\r\n<p>Caracolesa</p>\r\n",
    "PostedDate": "2012-03-17T19:13:50.883-07:00",
    "UserRole": null,
    "MarkedAsAnswerDate": null
  },
  {
    "Id": "855278",
    "ThreadId": "349045",
    "Html": "\r\n<p>Hey,</p>\r\n<p>I'm just starting this.&nbsp; I'll make sure to return once it's complete (but no promises, we may go with endnote etc instead - have a look at the UQ website to download the AGLC style).</p>\r\n<p>Thanks,</p>\r\n<p>Laura</p>\r\n",
    "PostedDate": "2012-06-28T22:22:54.233-07:00",
    "UserRole": null,
    "MarkedAsAnswerDate": null
  },
  {
    "Id": "857110",
    "ThreadId": "349045",
    "Html": "<p>A quick update -</p>\r\n<p>I've just about finished.&nbsp; I'll let you know once we upload it to the firm's website.</p>\r\n<p>Thanks,</p>\r\n<p>Laura</p>",
    "PostedDate": "2012-07-03T17:49:58.377-07:00",
    "UserRole": null,
    "MarkedAsAnswerDate": null
  },
  {
    "Id": "857111",
    "ThreadId": "349045",
    "Html": "<p>Thank you so much for doing this! &nbsp;You're a champion!</p>\r\n<div>Jen :)</div>",
    "PostedDate": "2012-07-03T17:52:38.28-07:00",
    "UserRole": null,
    "MarkedAsAnswerDate": null
  },
  {
    "Id": "857146",
    "ThreadId": "349045",
    "Html": "<p>Hey Jen,</p>\r\n<p>I've finished I think.&nbsp; Whirl me an email at <a href=\"mailto:laura.skillen@mvlawyers.com.au\">laura.skillen@mvlawyers.com.au</a> and I'll send you the files (there's 2) and directions.&nbsp; It'll take a few days for approval to upload it to our website, but you may as well have it now.&nbsp; Just let me know if you have any dramas with it!</p>\r\n<p>L</p>",
    "PostedDate": "2012-07-03T21:10:51.837-07:00",
    "UserRole": null,
    "MarkedAsAnswerDate": null
  }
]