[
  {
    "Id": "703281",
    "ThreadId": "280807",
    "Html": "\r\n<p>I&nbsp;have installed bibword on my windows 7 PC using office2010. It appears to work perfectly. However when I add my first citation all typing AFTER this first in text citation appears to be immune to the spell checker. Any word that is mistyped or mispelt\r\n does not get highlighted by the spell checker and is not shown as mispelt even when I run the spell checker. Any mispelt word in the text BEFORE the first citation is picked up by the spell checker. I am using Harvard - Exeter referencing style.<br>\r\n<br>\r\nHelp?<br>\r\n<br>\r\nSandy</p>\r\n",
    "PostedDate": "2011-11-25T01:08:52.3-08:00",
    "UserRole": null,
    "MarkedAsAnswerDate": null
  }
]