[
  {
    "Id": "602689",
    "ThreadId": "255244",
    "Html": "\r\n<p>hi guys,</p>\r\n<p>I found this site is very useful for my report while I really have no idea how to do the Harvard referencing style.</p>\r\n<p>This is the example of the style that my&nbsp;instructor&nbsp;want me to do.</p>\r\n<p>Smith, A. &amp; Jones, B. (2007) &ldquo;How to write a report&rdquo;. Journal of Report Writing Vol 6 num3&nbsp;p 65 -71. Accessed 17/3/10 URL: http://www.icmeorganisers.dk/tsg06/BackgroundPapers/rubenson2.pdf</p>\r\n<p>Do you have any idea that which one is the best for me?</p>\r\n<p>Thank you in advance.</p>\r\n",
    "PostedDate": "2011-04-25T21:15:54.583-07:00",
    "UserRole": null,
    "MarkedAsAnswerDate": null
  },
  {
    "Id": "605435",
    "ThreadId": "255244",
    "Html": "<p>Probably none. There is no such thing as a Harvard style. They are all variations on the author-date theme. You could start from one of the Harvard styles offered here, but you will have to finetune it for your specific institution. The Exeter version&nbsp;starts&nbsp;with \"author (year) ...\" so that one might be a good starting point.</p>",
    "PostedDate": "2011-05-01T01:43:45.22-07:00",
    "UserRole": null,
    "MarkedAsAnswerDate": null
  }
]