[
  {
    "Id": "946285",
    "ThreadId": "404400",
    "Html": "\r\n<p>Hi there,</p>\r\n<p>How easy would it be to create a Harvard Referencing Guide based following DMU's guideline, found in this url?&nbsp;<a href=\"http://www.library.dmu.ac.uk/Images/Selfstudy/Harvard.pdf\">http://www.library.dmu.ac.uk/Images/Selfstudy/Harvard.pdf</a> (this is\r\n a public url)</p>\r\n<p>I'd be happy to help with it.</p>\r\n",
    "PostedDate": "2012-11-23T16:26:13.65-08:00",
    "UserRole": null,
    "MarkedAsAnswerDate": null
  },
  {
    "Id": "947712",
    "ThreadId": "404400",
    "Html": "\r\n<p>It's a Harvard family style (author-year) so it should not be all that hard. There are several examples of such styles on this site you can start from. The only problem is that not all those types are supported by Word (images and diagrams, ...)</p>\r\n",
    "PostedDate": "2012-11-27T07:11:43.057-08:00",
    "UserRole": null,
    "MarkedAsAnswerDate": null
  }
]