[
  {
    "Id": "257061",
    "ThreadId": "75117",
    "Html": "<p>hi there i cant seem to get the et al to be italicised in the in-text citation. at the moment it is as follows:</p>\r\n<p><span style=\"font-size:12pt\">A team on the other hand is a type of group form, with a set of collective individuals united in the pursuit of common goals and tasks&nbsp;(Green et al, 2005). </span></p>\r\n<p><span style=\"font-size:12pt\">I need it to be:</span></p>\r\n<p><span style=\"font-size:12pt\">A team on the other hand is a type of group form, with a set of collective individuals united in the pursuit of common goals and tasks&nbsp;(Green <em>et al</em>, 2005). </span></p>\r\n<p><span style=\"font-size:12pt\">i have tried to adapt the .xsl file as follows:</span></p>\r\n<p>&nbsp;</p>\r\n<p>\r\n<div style=\"color:Black;background-color:White\">\r\n<pre><span style=\"color:Blue\">&lt;/</span><span style=\"color:#A31515\">list</span><span style=\"color:Blue\">&gt;</span>\r\n      <span style=\"color:Blue\">&lt;</span><span style=\"color:#A31515\">list</span> <span style=\"color:Red\">name</span><span style=\"color:Blue\">=</span><span style=\"color:Blue\">&quot;citation&quot;</span> <span style=\"color:Red\">id</span><span style=\"color:Blue\">=</span><span style=\"color:Blue\">&quot;1&quot;</span><span style=\"color:Blue\">&gt;</span>\r\n        <span style=\"color:Blue\">&lt;</span><span style=\"color:#A31515\">single_prefix</span><span style=\"color:Blue\">&gt;</span><span style=\"color:Blue\">&lt;/</span><span style=\"color:#A31515\">single_prefix</span><span style=\"color:Blue\">&gt;</span>\r\n        <span style=\"color:Blue\">&lt;</span><span style=\"color:#A31515\">multi_prefix</span><span style=\"color:Blue\">&gt;</span><span style=\"color:Blue\">&lt;/</span><span style=\"color:#A31515\">multi_prefix</span><span style=\"color:Blue\">&gt;</span>\r\n        <span style=\"color:Blue\">&lt;</span><span style=\"color:#A31515\">corporate</span><span style=\"color:Blue\">&gt;</span>{%Corporate%}<span style=\"color:Blue\">&lt;/</span><span style=\"color:#A31515\">corporate</span><span style=\"color:Blue\">&gt;</span>\r\n        <span style=\"color:Blue\">&lt;</span><span style=\"color:#A31515\">first_person</span><span style=\"color:Blue\">&gt;</span>{%Last|First%}<span style=\"color:Blue\">&lt;/</span><span style=\"color:#A31515\">first_person</span><span style=\"color:Blue\">&gt;</span>\r\n        <span style=\"color:Blue\">&lt;</span><span style=\"color:#A31515\">other_persons</span><span style=\"color:Blue\">&gt;</span>{%Last|First%}<span style=\"color:Blue\">&lt;/</span><span style=\"color:#A31515\">other_persons</span><span style=\"color:Blue\">&gt;</span>\r\n        <span style=\"color:Blue\">&lt;</span><span style=\"color:#A31515\">separator_between_if_two</span><span style=\"color:Blue\">&gt;</span> and <span style=\"color:Blue\">&lt;/</span><span style=\"color:#A31515\">separator_between_if_two</span><span style=\"color:Blue\">&gt;</span>\r\n        <span style=\"color:Blue\">&lt;</span><span style=\"color:#A31515\">separator_between_if_more_than_two</span><span style=\"color:Blue\">&gt;</span>, <span style=\"color:Blue\">&lt;/</span><span style=\"color:#A31515\">separator_between_if_more_than_two</span><span style=\"color:Blue\">&gt;</span>\r\n        <span style=\"color:Blue\">&lt;</span><span style=\"color:#A31515\">separator_before_last</span><span style=\"color:Blue\">&gt;</span> and <span style=\"color:Blue\">&lt;/</span><span style=\"color:#A31515\">separator_before_last</span><span style=\"color:Blue\">&gt;</span>\r\n        <span style=\"color:Blue\">&lt;</span><span style=\"color:#A31515\">max_number_of_persons_to_display</span><span style=\"color:Blue\">&gt;</span>3<span style=\"color:Blue\">&lt;/</span><span style=\"color:#A31515\">max_number_of_persons_to_display</span><span style=\"color:Blue\">&gt;</span>\r\n        <span style=\"color:Blue\">&lt;</span><span style=\"color:#A31515\">number_of_persons_to_display_if_more_than_max</span><span style=\"color:Blue\">&gt;</span>1<span style=\"color:Blue\">&lt;/</span><span style=\"color:#A31515\">number_of_persons_to_display_if_more_than_max</span><span style=\"color:Blue\">&gt;</span>\r\n        <span style=\"color:Blue\">&lt;</span><span style=\"color:#A31515\">overflow</span><span style=\"color:Blue\">&gt;</span><span style=\"color:#ff0000\">&lt;i&gt;</span> et al<span style=\"color:#ff0000\">&lt;/i&gt;</span><span style=\"color:Blue\">&lt;/</span><span style=\"color:#A31515\">overflow</span><span style=\"color:Blue\">&gt;</span>\r\n        <span style=\"color:Blue\">&lt;</span><span style=\"color:#A31515\">single_suffix</span><span style=\"color:Blue\">&gt;</span><span style=\"color:Blue\">&lt;/</span><span style=\"color:#A31515\">single_suffix</span><span style=\"color:Blue\">&gt;</span>\r\n        <span style=\"color:Blue\">&lt;</span><span style=\"color:#A31515\">multi_suffix</span><span style=\"color:Blue\">&gt;</span><span style=\"color:Blue\">&lt;/</span><span style=\"color:#A31515\">multi_suffix</span><span style=\"color:Blue\">&gt;</span>\r\n</pre>\r\n</div>\r\n</p>\r\n<p>&nbsp;</p>\r\n<p>But alas to no avail.</p>",
    "PostedDate": "2009-11-14T04:05:50.36-08:00",
    "UserRole": null,
    "MarkedAsAnswerDate": null
  },
  {
    "Id": "257070",
    "ThreadId": "75117",
    "Html": "<p>BibWord uses &quot;value-of&quot; rather than &quot;copy-of&quot; in most cases to process elements (there are pros and cons to this decision). As a result, tags are removed. Try using</p>\r\n<div style=\"color:Black;background-color:White\">\r\n<pre><span style=\"color:Blue\">&lt;</span><span style=\"color:#A31515\">overflow</span><span style=\"color:Blue\">&gt;</span><span style=\"color:Red\">&amp;lt;</span>i<span style=\"color:Red\">&amp;gt;</span> et al<span style=\"color:Red\">&amp;lt;</span>/i<span style=\"color:Red\">&amp;gt;</span><span style=\"color:Blue\">&lt;/</span><span style=\"color:#A31515\">overflow</span><span style=\"color:Blue\">&gt;</span></pre>\r\n</div>\r\n<p>instead. That should do the trick.</p>",
    "PostedDate": "2009-11-14T05:08:40.167-08:00",
    "UserRole": null,
    "MarkedAsAnswerDate": null
  },
  {
    "Id": "257218",
    "ThreadId": "75117",
    "Html": "<p>That appears to have done the trick.</p>\r\n<p>thankyou very much</p>",
    "PostedDate": "2009-11-15T04:44:38.143-08:00",
    "UserRole": null,
    "MarkedAsAnswerDate": null
  },
  {
    "Id": "630057",
    "ThreadId": "75117",
    "Html": "<p>Hi, I'm using the ISO690NmericalSquare style. I cannot find any \"et al\" string in the file. How can I apply the italic format then?</p>\r\n<p>Many thanks!</p>",
    "PostedDate": "2011-06-20T06:34:08.713-07:00",
    "UserRole": null,
    "MarkedAsAnswerDate": null
  },
  {
    "Id": "630181",
    "ThreadId": "75117",
    "Html": "<p>The ISO690NmericalSquare style is an extension of one of the styles which comes with Word. They don't hardcode string like 'et al' in the source but rather load them from an external (mystery) source. IIRC, the AndOthersUnCap element holds the value for 'et al'. You might&nbsp;want to look for that one, then trace back where it is used and see if you can wrap it in &lt;i&gt;&lt;/i&gt;.</p>",
    "PostedDate": "2011-06-20T11:03:42.1-07:00",
    "UserRole": null,
    "MarkedAsAnswerDate": null
  },
  {
    "Id": "630296",
    "ThreadId": "75117",
    "Html": "<blockquote style=\"border: solid .1em #ccc; font-style: italic; margin: .25em 1em 0 1em; padding: 0 .25em 0 .25em;\"><strong>yves wrote:</strong><br />\r\n<p>The ISO690NmericalSquare style is an extension of one of the styles which comes with Word. They don't hardcode string like 'et al' in the source but rather load them from an external (mystery) source. IIRC, the AndOthersUnCap element holds the value for  'et al'. You might&nbsp;want to look for that one, then trace back where it is used and see if you can wrap it in &lt;i&gt;&lt;/i&gt;.</p>\r\n</blockquote>\r\n<p>I found the template</p>\r\n<div style=\"color: black; background-color: white;\">\r\n<pre><span style=\"color: blue;\">&lt;</span><span style=\"color: #a31515;\">xsl</span><span style=\"color: blue;\">:</span><span style=\"color: #a31515;\">template</span> <span style=\"color: red;\">name</span><span style=\"color: blue;\">=</span><span style=\"color: black;\">\"</span><span style=\"color: blue;\">templ_str_AndOthersUnCap</span><span style=\"color: black;\">\"</span> <span style=\"color: blue;\">&gt;</span>\r\n    <span style=\"color: blue;\">&lt;</span><span style=\"color: #a31515;\">xsl</span><span style=\"color: blue;\">:</span><span style=\"color: #a31515;\">param</span> <span style=\"color: red;\">name</span><span style=\"color: blue;\">=</span><span style=\"color: black;\">\"</span><span style=\"color: blue;\">LCID</span><span style=\"color: black;\">\"</span> <span style=\"color: blue;\">/&gt;</span>\r\n    <span style=\"color: blue;\">&lt;</span><span style=\"color: #a31515;\">xsl</span><span style=\"color: blue;\">:</span><span style=\"color: #a31515;\">variable</span> <span style=\"color: red;\">name</span><span style=\"color: blue;\">=</span><span style=\"color: black;\">\"</span><span style=\"color: blue;\">_LCID</span><span style=\"color: black;\">\"</span><span style=\"color: blue;\">&gt;</span>\r\n        <span style=\"color: blue;\">&lt;</span><span style=\"color: #a31515;\">xsl</span><span style=\"color: blue;\">:</span><span style=\"color: #a31515;\">call-template</span> <span style=\"color: red;\">name</span><span style=\"color: blue;\">=</span><span style=\"color: black;\">\"</span><span style=\"color: blue;\">localLCID</span><span style=\"color: black;\">\"</span><span style=\"color: blue;\">&gt;</span>\r\n        <span style=\"color: blue;\">    &lt;</span><span style=\"color: #a31515;\">xsl</span><span style=\"color: blue;\">:</span><span style=\"color: #a31515;\">with-param</span> <span style=\"color: red;\">name</span><span style=\"color: blue;\">=</span><span style=\"color: black;\">\"</span><span style=\"color: blue;\">LCID</span><span style=\"color: black;\">\"</span> <span style=\"color: red;\">select</span><span style=\"color: blue;\">=</span><span style=\"color: black;\">\"</span><span style=\"color: blue;\">$LCID</span><span style=\"color: black;\">\"</span><span style=\"color: blue;\">/&gt;</span>\r\n      <span style=\"color: blue;\">  &lt;/</span><span style=\"color: #a31515;\">xsl</span><span style=\"color: blue;\">:</span><span style=\"color: #a31515;\">call-template</span><span style=\"color: blue;\">&gt;</span>\r\n    <span style=\"color: blue;\">&lt;/</span><span style=\"color: #a31515;\">xsl</span><span style=\"color: blue;\">:</span><span style=\"color: #a31515;\">variable</span><span style=\"color: blue;\">&gt;</span>\r\n    <span style=\"color: blue;\">&lt;</span><span style=\"color: #a31515;\">xsl</span><span style=\"color: blue;\">:</span><span style=\"color: #a31515;\">value-of</span> <span style=\"color: red;\">select</span><span style=\"color: blue;\">=</span><span style=\"color: black;\">\"</span><span style=\"color: blue;\">/*/b:Locals/b:Local[@LCID=$_LCID]/b:Strings/b:AndOthersUnCap</span><span style=\"color: black;\">\"</span><span style=\"color: blue;\">/&gt;</span>\r\n<span style=\"color: blue;\">&lt;/</span><span style=\"color: #a31515;\">xsl</span><span style=\"color: blue;\">:</span><span style=\"color: #a31515;\">template</span><span style=\"color: blue;\">&gt;</span>\r\n</pre>\r\n</div>\r\n<p>and just one call to the tamplate</p>\r\n<div style=\"color: black; background-color: white;\">\r\n<pre><span style=\"color: blue;\">&lt;</span><span style=\"color: #a31515;\">xsl</span><span style=\"color: blue;\">:</span><span style=\"color: #a31515;\">choose</span><span style=\"color: blue;\">&gt;</span>\r\n<span style=\"color: blue;\">    &lt;</span><span style=\"color: #a31515;\">xsl</span><span style=\"color: blue;\">:</span><span style=\"color: #a31515;\">when</span> <span style=\"color: red;\">test</span><span style=\"color: blue;\">=</span><span style=\"color: black;\">\"</span><span style=\"color: blue;\">$cMaxAuthor &gt; 3</span><span style=\"color: black;\">\"</span><span style=\"color: blue;\">&gt;</span>\r\n\t<span style=\"color: blue;\">&lt;</span><span style=\"color: #a31515;\">xsl</span><span style=\"color: blue;\">:</span><span style=\"color: #a31515;\">call-template</span> <span style=\"color: red;\">name</span><span style=\"color: blue;\">=</span><span style=\"color: black;\">\"</span><span style=\"color: blue;\">templ_prop_AuthorsSeparator</span><span style=\"color: black;\">\"</span><span style=\"color: blue;\">/&gt;</span><span style=\"color: blue;\">&lt;</span><span style=\"color: #a31515;\">xsl</span><span style=\"color: blue;\">:</span><span style=\"color: #a31515;\">call-template</span> <span style=\"color: red;\">name</span><span style=\"color: blue;\">=</span><span style=\"color: black;\">\"</span><span style=\"color: blue;\">templ_str_AndOthersUnCap</span><span style=\"color: black;\">\"</span><span style=\"color: blue;\">/&gt;</span><br /></pre>\r\nThen, sould I just encapsule the call in \"&lt;i&gt; &lt;/i&gt;\"? Sorry, but I don't think I really got the point..<br />Thanks!</div>",
    "PostedDate": "2011-06-20T17:58:57.037-07:00",
    "UserRole": null,
    "MarkedAsAnswerDate": null
  },
  {
    "Id": "630673",
    "ThreadId": "75117",
    "Html": "<p>If it is only called once, then yeah, just write the &lt;i&gt; and &lt;/i&gt; around that one call.</p>",
    "PostedDate": "2011-06-21T09:44:08.917-07:00",
    "UserRole": null,
    "MarkedAsAnswerDate": null
  },
  {
    "Id": "635451",
    "ThreadId": "75117",
    "Html": "<blockquote style=\"border: solid .1em #ccc; font-style: italic; margin: .25em 1em 0 1em; padding: 0 .25em 0 .25em;\"><strong>yves wrote:</strong><br />\r\n<p>If it is only called once, then yeah, just write the &lt;i&gt; and &lt;/i&gt; around that one call.</p>\r\n</blockquote>\r\n<p>Great! It worked perfectly! Thank you very much indeed!</p>",
    "PostedDate": "2011-06-30T08:13:34.32-07:00",
    "UserRole": null,
    "MarkedAsAnswerDate": null
  },
  {
    "Id": "850930",
    "ThreadId": "75117",
    "Html": "\r\n<p>I'm really sorry if this question is asked before but like the posters above i need to have 'et al' in italics. I'm using a stylesheet called Harvard-Anglia that I got on this site.&nbsp; It's really good but like the example above it calls the &quot;templ_str_AndOthersUnCap&quot;\r\n many times.</p>\r\n<p>Actually to be more specific i need to change it from looking like this</p>\r\n<p><span style=\"font-size:12pt\">(Adams, et al., 2002)</span></p>\r\n<p>to looking like this</p>\r\n<p>(Adams<em> et al</em> 2002)</p>\r\n<p>&nbsp;</p>\r\n<p>Just looking at the example above, I need to get rid of the comma between the author and the year.</p>\r\n<p>I think I saw that somewhere in this forum so I'll have another look for that bit but i'm still stuck on the italics!!</p>\r\n<p>Can someone please help me out.&nbsp; If I have to write the &lt;i&gt;&lt;/i&gt; around each call where exactly do i write it?</p>\r\n<p>Thanks in advance for your help.</p>\r\n<p>P.S. as you can guess I know nothing about style sheets but i have had limited success using trial and error!!</p>\r\n",
    "PostedDate": "2012-06-19T08:00:12.927-07:00",
    "UserRole": null,
    "MarkedAsAnswerDate": null
  },
  {
    "Id": "851575",
    "ThreadId": "75117",
    "Html": "<blockquote style=\"padding-bottom: 0px; font-style: italic; margin: 0.25em 1em 0px; padding-left: 0.25em; padding-right: 0.25em; padding-top: 0px; border: #ccc 0.1em solid;\"><strong>agentblue wrote:</strong><br />\r\n<p>I'm really sorry if this question is asked before but like the posters above i need to have 'et al' in italics. I'm using a stylesheet called Harvard-Anglia that I got on this site.&nbsp; It's really good but like the example above it calls the \"templ_str_AndOthersUnCap\" many times.</p>\r\n</blockquote>\r\n<p><br />Not possible. The Harvard Anglia style on this site is a BibWord style. It does not use templ_str_AndOthersUnCap. That template function is specific for the bibliography styles which come with Word by default.</p>\r\n<p>First thing you need to figure out is what type of style you are using. If it is a BibWord one, then there should be an overflow tag liked described in the original answer. If it is not a BibWord style, then you will have to look around&nbsp;yourself. There is a good chance of achieving what you want by following the suggestions in Atcold's post.</p>",
    "PostedDate": "2012-06-20T08:18:21.583-07:00",
    "UserRole": null,
    "MarkedAsAnswerDate": null
  }
]