[
  {
    "Id": "1495089",
    "ThreadId": "662374",
    "Html": "The Chicago Footnotes file doesn’t work. I put it in the right directory where every other BibWord reference format I downloaded works, but Chicago footnotes just doesn’t show up. Does anybody know where to get an XLS file for Chicago Footnotes? It’s the only reference format that works for my line of work (history). I would be most grateful for any help.<br />\n",
    "PostedDate": "2017-04-03T12:34:39.193-07:00",
    "UserRole": null,
    "MarkedAsAnswerDate": null
  }
]