[
  {
    "Id": "164244",
    "ThreadId": "49159",
    "Html": "Is there a way to use different languages with BibWord? I want to use different e.g. &lt;seperator_before_last&gt; arguments in different languages. My first thought was to use another sourcetype (which I don't use) and use it for the other language, but I also found the language selection in the bibliography dialog in Word2007.<br>\r\n<br>\r\nIs there anything that I can use for using different languages.<br>\r\n<br>\r\n<span style=\"font-size:13px;color:#0000ff\"><span style=\"font-size:16px;color:#000000\">An example:<br>\r\nEnglish:<br>\r\nName1<span style=\"text-decoration:underline\">, and</span> Name2<br>\r\n<br>\r\nGerman:<br>\r\nName1<span style=\"text-decoration:underline\"> und</span> Name2<br>\r\n<br>\r\nThx,<br>\r\nVertex</span>\r\n<p> </p>\r\n</span>\r\n",
    "PostedDate": "2009-03-04T03:33:34.417-08:00",
    "UserRole": null,
    "MarkedAsAnswerDate": null
  },
  {
    "Id": "164265",
    "ThreadId": "49159",
    "Html": "No and although adding it would be pretty straightforward, I have my doubts regarding its functionality.<br>\r\n<br>\r\nI prefer having a separate stylesheet for every language. The reason is the inconsistency of user/automatic input in Word. I'm a Dutch-speaking Belgian who bought his computer through a company in the French-speaking part of Belgium (meaning I got Vista Ultimate in French for which I downloaded the English language pack). On top of that, I'm using the multilanguage version of Office with the default language set to English-US. If I do not take real care on how I add a source, I end up with a bibliography in 3 different languages and 4 different punctuation schemes.<br>\r\n<br>\r\nThat said, if you wanted to implement multilanguage support into BibWord, it would be pretty easy. You could just extend each format element to have a lcid attribute and use that attribute's value to select the correct format string. You would have to add the selection procedure to the following xslt templates:<br>\r\n<ul>\r\n    <li>format-citation</li>\r\n    <li>format-footnote-citation</li>\r\n    <li>format-bibliography-as-paragraphs</li>\r\n    <li>format-bibliography-table-column</li>\r\n</ul>\r\n",
    "PostedDate": "2009-03-04T04:17:07.367-08:00",
    "UserRole": null,
    "MarkedAsAnswerDate": null
  },
  {
    "Id": "168947",
    "ThreadId": "49159",
    "Html": "Any example? I need this feature! But I don't know how to do.\r\n",
    "PostedDate": "2009-03-17T02:19:11.987-07:00",
    "UserRole": null,
    "MarkedAsAnswerDate": null
  },
  {
    "Id": "168953",
    "ThreadId": "49159",
    "Html": "<p>Do you really need multiple languages <b>within the same</b> bibliography?</p>\r\n<p>If not, why not just create multiple styles and name them:</p>\r\n<ul>\r\n    <li>My style - English</li>\r\n    <li>My style - Dutch</li>\r\n    <li>My style - Spanish</li>\r\n</ul>\r\n<p>Then you can select the style you want whenever you want it.</p>\r\n<p>If you really want multiple languages support within one bibliography, you will have to extend BibWord yourself. My idea would be to change:</p>\r\n<p style=\"font-size:11px;font-family:'arial'\">&lt;column id=&quot;1&quot;&gt;<br>\r\n    &lt;halign&gt;left&lt;/halign&gt;<br>\r\n    &lt;valign&gt;top&lt;/valign&gt;<br>\r\n    &lt;format&gt;{%Author:0|Editor:1%}{. &lt;i&gt;%Title|ShortTitle%&lt;/i&gt;}{. Vol %Volume%}{. %Edition% edition}{. %City%}{: %Publisher%}{; %Year%}.&lt;/format&gt; <br>\r\n&lt;/column&gt;</p>\r\n<p>into something along the following lines:</p>\r\n<p style=\"font-size:11px;font-family:'arial'\">&lt;column id=&quot;1&quot;&gt;<br>\r\n    &lt;halign&gt;left&lt;/halign&gt;<br>\r\n    &lt;valign&gt;top&lt;/valign&gt;<br>\r\n    &lt;format lcid='1033'&gt;{%Author:0|Editor:1%}{. &lt;i&gt;%Title|ShortTitle%&lt;/i&gt;}{. Vol %Volume%}{. %Edition% edition}{. %City%}{: %Publisher%}{; %Year%}.&lt;/format&gt; <br>\r\n    &lt;format lcid='3082'&gt;{%Author:2|Editor:3%}{. &lt;i&gt;%Title|ShortTitle%&lt;/i&gt;}{. Vol %Volume%}{. %Edition% editie}{. %City%}{: %Publisher%}{; %Year%}.&lt;/format&gt; <br>\r\n&lt;/column&gt;</p>\r\n<p>By using different list sets to format names (0,1 vs 2,3), you can format the namelists in any language you want.</p>\r\n<p>Then you will have to adjust the 4 functions above to select the correct format string. But if you have some xslt knowledge, that wouldn't be all that hard.</p>\r\n",
    "PostedDate": "2009-03-17T02:54:50.363-07:00",
    "UserRole": null,
    "MarkedAsAnswerDate": null
  },
  {
    "Id": "168963",
    "ThreadId": "49159",
    "Html": "Thanks! But I don't know how to get the LCID selected by the user. User can select the language in the bibliography dialog in Word2007.<br>\r\n<br>\r\n<p>    &lt;!-- Get the format string. --&gt;<br>\r\n    &lt;xsl:variable name=&quot;format&quot;&gt;<br>\r\n      &lt;xsl:variable name=&quot;type&quot; select=&quot;./b:Type&quot;/&gt;<br>\r\n      &lt;xsl:variable name=&quot;sourcetype&quot; select=&quot;./b:SourceType&quot;/&gt;<br>\r\n      &lt;xsl:variable name=&quot;_LCID&quot; select=&quot;./b:Locals/b:LCID&quot;/&gt;        &lt;!-- Which one should I select? --&gt;</p>\r\n<p>      &lt;xsl:choose&gt;<br>\r\n        &lt;!-- Go for the type element if available. --&gt;<br>\r\n        &lt;xsl:when test=&quot;string-length($type) &gt; 0 and string-length(msxsl:node-set($data)/bibliography/source[@type = $type]/column[@id = $columnId]/format) &gt; 0 &quot;&gt;<br>\r\n          &lt;xsl:value-of select=&quot;msxsl:node-set($data)/bibliography/source[@type = $type]/column[@id = $columnId]/format[@LCID=$_LCID]&quot;/&gt;<br>\r\n        &lt;/xsl:when&gt;<br>\r\n      &lt;/xsl:choose&gt;<br>\r\n    &lt;/xsl:variable&gt;</p>\r\n",
    "PostedDate": "2009-03-17T03:52:40.953-07:00",
    "UserRole": null,
    "MarkedAsAnswerDate": null
  },
  {
    "Id": "168967",
    "ThreadId": "49159",
    "Html": "The default Chicago style works very well in different language. But I cannot understand the style file...\r\n",
    "PostedDate": "2009-03-17T04:11:00.64-07:00",
    "UserRole": null,
    "MarkedAsAnswerDate": null
  },
  {
    "Id": "168968",
    "ThreadId": "49159",
    "Html": "<p>What you are selecting is part of the locals tree, something which BibWord does not use. I am actually surprised it still returns something at that depth. Anyway, you have to get the lcid directly from the source. So instead of:</p>\r\n<p style=\"font-size:11px;font-family:'arial'\">&lt;xsl:variable name=&quot;_LCID&quot; select=&quot;./b:Locals/b:LCID&quot;/&gt;</p>\r\n<p>you would need:</p>\r\n<p style=\"font-size:11px;font-family:'arial'\">&lt;xsl:variable name=&quot;_LCID&quot; select=&quot;./b:LCID&quot;/&gt;</p>\r\n<p>But this is the crazy thing, the multilanguage support of Word often results in the LCID being different for different entries without the user actually willing so from the start. As a result, their bibliography ends up in a bunch of languages with them freaking out on how to fix it. Because you have to admit it looks bad if the first entry looks like:</p>\r\n<p style=\"font-size:11px;font-family:'arial'\">Doe and Burton</p>\r\n<p>while the second one looks like:</p>\r\n<p style=\"font-size:11px;font-family:'arial'\">Doe en Thompson</p>\r\n<p>So unless you really need multilanguage support within the same style, this is error-prone for end-users.</p>\r\n",
    "PostedDate": "2009-03-17T04:11:38.98-07:00",
    "UserRole": null,
    "MarkedAsAnswerDate": null
  },
  {
    "Id": "168969",
    "ThreadId": "49159",
    "Html": "The default styles select their information from a hardcoded tree under b:Locals. Unfortunately, some terms are missing. Also, punctuation often differs between languages. And they are hardcoded, so they aren't really open to change.<br>\r\n<br>\r\nAre you really needing multiple languages <strong>within the same</strong> bibliography?\r\n",
    "PostedDate": "2009-03-17T04:14:36.383-07:00",
    "UserRole": null,
    "MarkedAsAnswerDate": null
  },
  {
    "Id": "168983",
    "ThreadId": "49159",
    "Html": "Thank you very much!<br>\r\nI really need this feature!<br>\r\nIt works now!\r\n",
    "PostedDate": "2009-03-17T05:13:41.523-07:00",
    "UserRole": null,
    "MarkedAsAnswerDate": null
  },
  {
    "Id": "169550",
    "ThreadId": "49159",
    "Html": "Just a note: I was also able to solve my problem.<br>\r\n<br>\r\nThx again for great help!<br>\r\nVertex\r\n",
    "PostedDate": "2009-03-18T12:51:52.47-07:00",
    "UserRole": null,
    "MarkedAsAnswerDate": null
  },
  {
    "Id": "175609",
    "ThreadId": "49159",
    "Html": "Hi Yves,<div><br></div><div>I translated the IEEE template to German. Do you want me to send it or upload it to the SVN?</div><div><br></div><div>Cheers,</div><div>Georg</div>",
    "PostedDate": "2009-04-04T06:20:17.31-07:00",
    "UserRole": null,
    "MarkedAsAnswerDate": null
  },
  {
    "Id": "217704",
    "ThreadId": "49159",
    "Html": "<p>Yves,</p>\r\n<p>&nbsp;</p>\r\n<p>could you explain me how you manage to adapt the style-templates to different languages? My computer keyboard and language settings are German, but I usually write in Portuguese. When I set the default Office language to Portuguese though, the bibliography still comes up in German, unless I modify the sources one by one from &quot;default&quot; to &quot;Portuguese&quot;...</p>\r\n<p>&nbsp;</p>\r\n<p>thanks a lot,</p>\r\n<p>Peter</p>",
    "PostedDate": "2009-07-30T11:31:31.033-07:00",
    "UserRole": null,
    "MarkedAsAnswerDate": null
  },
  {
    "Id": "218066",
    "ThreadId": "49159",
    "Html": "<p>Peter,</p>\r\n<p>What exactly are you trying to achieve with which style?</p>\r\n<p>The ones&nbsp;coming with&nbsp;Word are multilingual in that they take the language setting of each source to decide on the display language. So yes, you would have to set the language specifically to Portuguese. Actually, if you give a language parameter to your bibliography, only the sources in that language will be displayed when using the Word styles.</p>\r\n<p>Living in a country with two main languages (Dutch and French) and mostly writing in a third language (English), automatic language settings tend to make me want to throw out my laptop out of the window at least a few times a week. That's why BibWord can only handle one language (unless the changes described above are made). BibWord does not use any of the predefined language variables.</p>",
    "PostedDate": "2009-07-31T09:08:15.523-07:00",
    "UserRole": null,
    "MarkedAsAnswerDate": null
  },
  {
    "Id": "218081",
    "ThreadId": "49159",
    "Html": "<p>thanks yves!</p>\r\n<p>&nbsp;</p>\r\n<p>what I would like to achieve is that the bibliography of a given document adjusts to the language of the paper I am writing, not the the language set individually for each source. For example, when I translate a paper from German to Portuguese, I have to change all the sources one by one so that in the bibliography it doesn't say &quot;Smith und Miller&quot;, but &quot;Smith e Miller&quot;.</p>",
    "PostedDate": "2009-07-31T09:45:32.163-07:00",
    "UserRole": null,
    "MarkedAsAnswerDate": null
  },
  {
    "Id": "218108",
    "ThreadId": "49159",
    "Html": "<p>BibWord styles are only in one language. They won't change when you change the language field of a source. When you want to use another language, you just have to select a style from the dropdown list which is in that language.</p>\r\n<p>For the&nbsp;Word 2007 default styles&nbsp;you might want to try to see if you can change the locale of the bibliography to fit your needs. Put your mouse on the bibliography, right click and select &quot;Edit Field...&quot;. A window will popup and in it, you will see something like &quot;BIBLIOGRAPHY \\l 2070&quot;. The value after the &quot;\\l&quot; decides on the language of the bibliography. A full list of LCID values can be found at&nbsp;<a href=\"http://msdn.microsoft.com/en-us/goglobal/bb964664.aspx\">http://msdn.microsoft.com/en-us/goglobal/bb964664.aspx</a>. You should use the decimal numbers (LCID Dec column). Change that value to the one in which language you want your bibliography displayed. Afterwards, right click again on your bibliography and select &quot;Update Field&quot; to see the change in language.</p>\r\n<p>Note that the value behind the &quot;\\l&quot; parameter is only used for sources with their language set to &quot;Default&quot; (LCID = 0). If you set your source to a specific language, then that language will be used to format that one source in your bibliography.</p>",
    "PostedDate": "2009-07-31T11:04:33.7-07:00",
    "UserRole": null,
    "MarkedAsAnswerDate": null
  },
  {
    "Id": "218126",
    "ThreadId": "49159",
    "Html": "<p>Great, that actually works for the bibliography...</p>\r\n<p>&nbsp;</p>\r\n<p>But the problem now is that if I set my sources to &quot;default language&quot;, than the citation appears in the wrong format (e.g. &quot;S.&quot; instead of &quot;p.&quot; for the page number). Is there a way I could change this &quot;default language&quot; for a given document? Because if I change the default language of all the sources cited, than I end up with the problem that your trick doesn't work for the bibliography anymore...</p>",
    "PostedDate": "2009-07-31T11:53:07.91-07:00",
    "UserRole": null,
    "MarkedAsAnswerDate": null
  },
  {
    "Id": "218264",
    "ThreadId": "49159",
    "Html": "<p>The same &quot;\\l&quot; parameter is also&nbsp;available for citations. By default, Word assigns a value to it based on&nbsp;the default language&nbsp;setting of your document.</p>\r\n<p>Theoretically, you can change the setting by double clicking it in the status bar at the bottom but this option doesn't seem to work for me in Word 2007 (I can set it to all I want, nothing changes). If it works for you, try that. Otherwise read further.</p>\r\n<p>The default language setting is based on your keyboard setting (I have no clue as to why) which can be set in Windows in &quot;Control Panel&quot;-&gt;&quot;Regional and Language Options&quot;-&gt;&quot;Keyboard and Languages&quot;-&gt;&quot;Change keyboards...&quot;-&gt;&quot;Default input language&quot;. If you set that to Portuguese, then the value behind &quot;\\l&quot; will be what you want.</p>",
    "PostedDate": "2009-08-01T01:56:50.237-07:00",
    "UserRole": null,
    "MarkedAsAnswerDate": null
  },
  {
    "Id": "218265",
    "ThreadId": "49159",
    "Html": "<p>I had tried that before, but it didn't work in my case either. Once you insert the citation, the language is defined and doesn't change, even if you change it within Word.</p>\r\n<p>&nbsp;</p>\r\n<p>But it does work the other way you said, even easier: I got the keyboard-local switch in the taskbar, so now I just change from German to Portuguese by clicking Alt-Shift BEFORE I insert a citation, and click Alt-Shift again afterward. So my keyboard stays German, but the citation is registered as Portuguese.</p>\r\n<p>&nbsp;</p>\r\n<p>Problem solved, thanks a lot Yves!</p>",
    "PostedDate": "2009-08-01T02:13:58.563-07:00",
    "UserRole": null,
    "MarkedAsAnswerDate": null
  },
  {
    "Id": "221536",
    "ThreadId": "49159",
    "Html": "<p>I wonder if I couldn't change the language globally in the style template, that would be the easiest solution. Then I would just make various copies of the styles I use, e.g. &quot;APA PT&quot; and &quot;APA GE&quot; for Portuguese and German citation style.</p>",
    "PostedDate": "2009-08-10T07:42:18.49-07:00",
    "UserRole": null,
    "MarkedAsAnswerDate": null
  },
  {
    "Id": "221641",
    "ThreadId": "49159",
    "Html": "<p>You could do that.</p>\r\n<p>To change the name of a predefined style see <a href=\"http://bibword.codeplex.com/Wiki/View.aspx?title=FAQ#Q8\">http://bibword.codeplex.com/Wiki/View.aspx?title=FAQ#Q8</a></p>\r\n<p>I don't have time to test this, but it looks like the LCID variable is declared at the beginning of a citation and a bibliography:</p>\r\n<div style=\"color:Black;background-color:White\">\r\n<pre><span style=\"color:Blue\">&lt;</span><span style=\"color:#A31515\">xsl</span><span style=\"color:Blue\">:</span><span style=\"color:#A31515\">variable</span> <span style=\"color:Red\">name</span><span style=\"color:Blue\">=</span><span style=\"color:Black\">&quot;</span><span style=\"color:Blue\">LCID</span><span style=\"color:Black\">&quot;</span><span style=\"color:Blue\">&gt;</span>\r\n  <span style=\"color:Blue\">&lt;</span><span style=\"color:#A31515\">xsl</span><span style=\"color:Blue\">:</span><span style=\"color:#A31515\">choose</span><span style=\"color:Blue\">&gt;</span>\r\n    <span style=\"color:Blue\">&lt;</span><span style=\"color:#A31515\">xsl</span><span style=\"color:Blue\">:</span><span style=\"color:#A31515\">when</span> <span style=\"color:Red\">test</span><span style=\"color:Blue\">=</span><span style=\"color:Black\">&quot;</span><span style=\"color:Blue\">b:LCID='0' or b:LCID='' or not(b:LCID)</span><span style=\"color:Black\">&quot;</span><span style=\"color:Blue\">&gt;</span>\r\n      <span style=\"color:Blue\">&lt;</span><span style=\"color:#A31515\">xsl</span><span style=\"color:Blue\">:</span><span style=\"color:#A31515\">value-of</span> <span style=\"color:Red\">select</span><span style=\"color:Blue\">=</span><span style=\"color:Black\">&quot;</span><span style=\"color:Blue\">/*/b:Locals/b:DefaultLCID</span><span style=\"color:Black\">&quot;</span><span style=\"color:Blue\">/&gt;</span>\r\n    <span style=\"color:Blue\">&lt;/</span><span style=\"color:#A31515\">xsl</span><span style=\"color:Blue\">:</span><span style=\"color:#A31515\">when</span><span style=\"color:Blue\">&gt;</span>\r\n    <span style=\"color:Blue\">&lt;</span><span style=\"color:#A31515\">xsl</span><span style=\"color:Blue\">:</span><span style=\"color:#A31515\">otherwise</span><span style=\"color:Blue\">&gt;</span>\r\n      <span style=\"color:Blue\">&lt;</span><span style=\"color:#A31515\">xsl</span><span style=\"color:Blue\">:</span><span style=\"color:#A31515\">value-of</span> <span style=\"color:Red\">select</span><span style=\"color:Blue\">=</span><span style=\"color:Black\">&quot;</span><span style=\"color:Blue\">b:LCID</span><span style=\"color:Black\">&quot;</span><span style=\"color:Blue\">/&gt;</span>\r\n    <span style=\"color:Blue\">&lt;/</span><span style=\"color:#A31515\">xsl</span><span style=\"color:Blue\">:</span><span style=\"color:#A31515\">otherwise</span><span style=\"color:Blue\">&gt;</span>\r\n  <span style=\"color:Blue\">&lt;/</span><span style=\"color:#A31515\">xsl</span><span style=\"color:Blue\">:</span><span style=\"color:#A31515\">choose</span><span style=\"color:Blue\">&gt;</span>\r\n<span style=\"color:Blue\">&lt;/</span><span style=\"color:#A31515\">xsl</span><span style=\"color:Blue\">:</span><span style=\"color:#A31515\">variable</span><span style=\"color:Blue\">&gt;</span>\r\n</pre>\r\n</div>\r\n<p>So changing that this to your required value (2070 for Portuguese)&nbsp;might do the trick:</p>\r\n<div style=\"color:Black;background-color:White\">\r\n<pre><span style=\"color:Blue\">&lt;</span><span style=\"color:#A31515\">xsl</span><span style=\"color:Blue\">:</span><span style=\"color:#A31515\">variable</span> <span style=\"color:Red\">name</span><span style=\"color:Blue\">=</span><span style=\"color:Black\">&quot;</span><span style=\"color:Blue\">LCID</span><span style=\"color:Black\">&quot;</span><span style=\"color:Blue\">&gt;</span>\r\n  <span style=\"color:Blue\">&lt;</span><span style=\"color:#A31515\">xsl</span><span style=\"color:Blue\">:</span><span style=\"color:#A31515\">text</span><span style=\"color:Blue\">&gt;</span>2070<span style=\"color:Blue\">&lt;/</span><span style=\"color:#A31515\">xsl</span><span style=\"color:Blue\">:</span><span style=\"color:#A31515\">text</span><span style=\"color:Blue\">&gt;</span>\r\n<span style=\"color:Blue\">&lt;/</span><span style=\"color:#A31515\">xsl</span><span style=\"color:Blue\">:</span><span style=\"color:#A31515\">variable</span><span style=\"color:Blue\">&gt;</span></pre>\r\n</div>\r\n<div style=\"color:Black;background-color:White\">There is also a template called &quot;localLCID&quot;. I'm guessing something similar should be done there, so it looks like:&nbsp;</div>\r\n<p>&nbsp;<span style=\"color:Blue\">&lt;</span><span style=\"color:#A31515\">xsl</span><span style=\"color:Blue\">:</span><span style=\"color:#A31515\">template</span> <span style=\"color:Red\">name</span><span style=\"color:Blue\">=</span><span style=\"color:Black\">&quot;</span><span style=\"color:Blue\">localLCID</span><span style=\"color:Black\">&quot;</span><span style=\"color:Blue\">&gt;</span><br>&nbsp; <span style=\"color:Blue\">&lt;</span><span style=\"color:#A31515\">xsl</span><span style=\"color:Blue\">:</span><span style=\"color:#A31515\">param</span> <span style=\"color:Red\">name</span><span style=\"color:Blue\">=</span><span style=\"color:Black\">&quot;</span><span style=\"color:Blue\">LCID</span><span style=\"color:Black\">&quot;</span><span style=\"color:Blue\">/&gt;</span><br><br>&nbsp; <span style=\"color:Blue\">&lt;</span><span style=\"color:#A31515\">xsl</span><span style=\"color:Blue\">:</span><span style=\"color:#A31515\">text</span><span style=\"color:Blue\">&gt;</span>2070<span style=\"color:Blue\">&lt;/</span><span style=\"color:#A31515\">xsl</span><span style=\"color:Blue\">:</span><span style=\"color:#A31515\">text</span><span style=\"color:Blue\">&gt;</span><br><span style=\"color:Blue\">&lt;/</span><span style=\"color:#A31515\">xsl</span><span style=\"color:Blue\">:</span><span style=\"color:#A31515\">template</span><span style=\"color:Blue\">&gt;</span></p>\r\n<p>Keep in mind that I haven't tested any of this code.</p>",
    "PostedDate": "2009-08-10T11:25:00.233-07:00",
    "UserRole": null,
    "MarkedAsAnswerDate": null
  },
  {
    "Id": "221899",
    "ThreadId": "49159",
    "Html": "<p>Unfortunately it didn't work out. The first solution didn't change anything, the second omitted the page number indicator altogether...</p>",
    "PostedDate": "2009-08-11T00:17:55.823-07:00",
    "UserRole": null,
    "MarkedAsAnswerDate": null
  },
  {
    "Id": "222117",
    "ThreadId": "49159",
    "Html": "<p>I just ran tested some things and found out that what you want is not directly possible.</p>\r\n<p>The <strong>b:Locals</strong> element send with a bibliography or citation is not a full tree. That is, only for a limited set of LCIDs, the localized&nbsp;data strings are provided. Hence, changing the LCID inside the XSL is of no use as the b:Locals tree will/might not contain the required information for the changed LCID. Moreover, because there is no information at all, the elements (such as the page number indicator) will be gone completely as there is no fallback to the default language.</p>\r\n<p>One solution could be do create a style which does nothing more than dumping a b:Locals tree. Then in your style, you could hardcode that tree and overwrite the custom tree that&nbsp;was attached by Word to your sources. Doable but a lot of work.</p>\r\n<p>Alternatively, you could run a macro in Word which just updates all citation and bibliography fields to use your lcid. A crude attempt at such a macro is:</p>\r\n<div style=\"color:Black;background-color:White\">\r\n<pre><span style=\"color:Blue\">Sub</span> SetFieldsLanguage()\r\n    <span style=\"color:Blue\">Dim</span> showcodes <span style=\"color:Blue\">As</span> <span style=\"color:Blue\">Boolean</span>\r\n    <span style=\"color:Blue\">Dim</span> fld <span style=\"color:Blue\">As</span> Field\r\n    <span style=\"color:Blue\">Dim</span> lcid <span style=\"color:Blue\">As</span> <span style=\"color:Blue\">String</span>\r\n            \r\n    <span style=\"color:Blue\">On</span> <span style=\"color:Blue\">Error</span> <span style=\"color:Blue\">GoTo</span> cleanup\r\n            \r\n    lcid = InputBox(<span style=\"color:#A31515\">&quot;Please enter the 4-digit LCID for the citations and bibliography (e.g. 1033):&quot;</span>, <span style=\"color:#A31515\">&quot;LCID&quot;</span>)\r\n      \r\n    <span style=\"color:Green\">' Turn of screen updates.</span>\r\n    Application.ScreenUpdating = <span style=\"color:Blue\">False</span>\r\n    \r\n    <span style=\"color:Green\">' Switch to design mode. (This is necessary because CITATION fields are locked otherwise)</span>\r\n    <span style=\"color:Green\">'ActiveDocument.ToggleFormsDesign</span>\r\n\r\n    <span style=\"color:Green\">' Store the value indicating if fields are shown or not.</span>\r\n    showcodes = ActiveWindow.View.ShowFieldCodes\r\n    \r\n    <span style=\"color:Green\">' Switch to field code view.</span>\r\n    <span style=\"color:Blue\">If</span> ActiveWindow.View.ShowFieldCodes = <span style=\"color:Blue\">False</span> <span style=\"color:Blue\">Then</span>\r\n        ActiveWindow.View.ShowFieldCodes = <span style=\"color:Blue\">True</span>\r\n    <span style=\"color:Blue\">End</span> <span style=\"color:Blue\">If</span>\r\n\r\n    <span style=\"color:Green\">' Go over all stories, including main, footnotes, ...</span>\r\n    <span style=\"color:Blue\">For</span> <span style=\"color:Blue\">Each</span> sr <span style=\"color:Blue\">In</span> ActiveDocument.StoryRanges\r\n        <span style=\"color:Green\">' Find all citation fields and convert them to static text.</span>\r\n        <span style=\"color:Blue\">For</span> <span style=\"color:Blue\">Each</span> fld <span style=\"color:Blue\">In</span> sr.Fields\r\n            <span style=\"color:Blue\">If</span> fld.Type = wdFieldCitation <span style=\"color:Blue\">Or</span> fld.Type = wdFieldBibliography <span style=\"color:Blue\">Then</span>\r\n                <span style=\"color:Green\">' Select the code.</span>\r\n                fld.Code.<span style=\"color:Blue\">Select</span>\r\n                \r\n                <span style=\"color:Green\">' Find the \\l parameter followed by 4 digits</span>\r\n                Selection.Find.ClearFormatting\r\n                Selection.Find.Replacement.ClearFormatting\r\n                <span style=\"color:Blue\">With</span> Selection.Find\r\n                   .Text = <span style=\"color:#A31515\">&quot;(\\\\l*)[0-9][0-9][0-9][0-9]&quot;</span>\r\n                   .Replacement.Text = <span style=\"color:#A31515\">&quot;\\1&quot;</span> + lcid\r\n                   .Forward = <span style=\"color:Blue\">True</span>\r\n                   .Wrap = wdFindContinue\r\n                   .Format = <span style=\"color:Blue\">False</span>\r\n                   .MatchWildcards = <span style=\"color:Blue\">True</span>\r\n                <span style=\"color:Blue\">End</span> <span style=\"color:Blue\">With</span>\r\n                <span style=\"color:Green\">' Replace the lcid by the given value.</span>\r\n                Selection.Find.Execute Replace:=wdReplaceAll\r\n            <span style=\"color:Blue\">End</span> <span style=\"color:Blue\">If</span>\r\n        <span style=\"color:Blue\">Next</span>\r\n    <span style=\"color:Blue\">Next</span>\r\n\r\n    <span style=\"color:Green\">' Switch back from field code view.</span>\r\n    <span style=\"color:Blue\">If</span> ActiveWindow.View.ShowFieldCodes = <span style=\"color:Blue\">Not</span> showcodes <span style=\"color:Blue\">Then</span>\r\n        ActiveWindow.View.ShowFieldCodes = showcodes\r\n    <span style=\"color:Blue\">End</span> <span style=\"color:Blue\">If</span>\r\n\r\n    <span style=\"color:Green\">' Switch back to normal mode.</span>\r\n    <span style=\"color:Green\">'ActiveDocument.ToggleFormsDesign</span>\r\n    \r\ncleanup:\r\n    Application.ScreenUpdating = <span style=\"color:Blue\">True</span>\r\n\r\n<span style=\"color:Blue\">End</span> <span style=\"color:Blue\">Sub</span>\r\n</pre>\r\n</div>\r\n<p>Note that for the macro to work correctly, you have to be in <strong>Design Mode</strong> when you run it. This is because citation fields are locked for manual editing. The Design mode button can be found on the Developer tab. Also, like I stated above, I have not tested this macro extensively, so it might not always work.</p>",
    "PostedDate": "2009-08-11T11:07:42.667-07:00",
    "UserRole": null,
    "MarkedAsAnswerDate": null
  },
  {
    "Id": "222172",
    "ThreadId": "49159",
    "Html": "<p>I'll try that, thank a lot...</p>",
    "PostedDate": "2009-08-11T12:22:57.833-07:00",
    "UserRole": null,
    "MarkedAsAnswerDate": null
  },
  {
    "Id": "504378",
    "ThreadId": "49159",
    "Html": "<p>hello everyone,</p>\r\n<p>&nbsp;</p>\r\n<p>i really hope you can help even though posts here are from last year and i even think you already gave the solution to my problem but i just didn&acute;t understand.</p>\r\n<p>i have a german version of word 2007 and even when i change the language in word options references are still in german e.g. <span style=\"font-size:13px;color:#0000ff\"><span style=\"font-size:16px;color:#000000\">German: Name1<span style=\"text-decoration:underline\"> und</span> Name2 or instead of &quot;p.&quot; for page it says &quot;S.&quot;</span></span></p>\r\n<p>&nbsp;</p>\r\n<p><span style=\"font-size:13px;color:#0000ff\"><span style=\"font-size:16px;color:#000000\">but i need </span></span><span style=\"font-size:13px;color:#0000ff\"><span style=\"font-size:16px;color:#000000\">English: Name1<span style=\"text-decoration:underline\">, and</span> Name2 or &quot;p.&quot; for page<br> </span></span></p>\r\n<p><span style=\"font-size:13px;color:#0000ff\"><span style=\"font-size:16px;color:#000000\">is there any easy way to solve my problem? i really don&acute;t know much about programming so, please explain as much as possible!!!</span></span></p>\r\n<p>&nbsp;</p>\r\n<p><span style=\"font-size:13px;color:#0000ff\"><span style=\"font-size:16px;color:#000000\">thanks a lot!!<br></span></span></p>",
    "PostedDate": "2010-10-08T10:07:17.333-07:00",
    "UserRole": null,
    "MarkedAsAnswerDate": null
  },
  {
    "Id": "504465",
    "ThreadId": "49159",
    "Html": "<p>If you are talking about one of the styles you got from this site, then there is no German version. All styles are English only and will remain that way. The only way to get them into another language is by translating them yourselves.</p>\r\n<p>If you are talking about the styles that come with Word 2007/2010, then you should try to manually change the value of the&nbsp;\\l flag to fit your needs. Put your mouse on the bibliography, right click and select &quot;Edit Field...&quot;. A window will popup and in it, you will see something like &quot;BIBLIOGRAPHY \\l 2070&quot;. The value after the &quot;\\l&quot; decides on the language of the bibliography. A full list of LCID values can be found at&nbsp;<a href=\"http://msdn.microsoft.com/en-us/goglobal/bb964664.aspx\">http://msdn.microsoft.com/en-us/goglobal/bb964664.aspx</a>. You should use the decimal numbers (LCID Dec column). Change that value to the one in which language you want your bibliography displayed. Afterwards, right click again on your bibliography and select &quot;Update Field&quot; to see the change in language.</p>\r\n<p>Note that the value behind the &quot;\\l&quot; parameter is only used for sources with their language set to &quot;Default&quot; (LCID = 0). If you set your source to a specific language, then that language will be used to format that one source in your bibliography.</p>",
    "PostedDate": "2010-10-08T12:03:37.46-07:00",
    "UserRole": null,
    "MarkedAsAnswerDate": null
  },
  {
    "Id": "1085324",
    "ThreadId": "49159",
    "Html": "Hello<br />\nI have the same problem,<br />\n my article has multiple language references(English reference and Persian reference) .I want Localization my bibliography styles as Microsoft word default bibliography styles do.<br />\nI change IEEE_Alphabetical.XSL for Persian and it's ok ,but for English reference it not good.<br />\n<br />\nwhat is the best way to do it?<br />\nis it possible to use 2 style for 2 language in word 2013?<br />\n",
    "PostedDate": "2013-08-27T03:52:15.93-07:00",
    "UserRole": null,
    "MarkedAsAnswerDate": null
  }
]