[
  {
    "Id": "231402",
    "ThreadId": "68040",
    "Html": "<p>Hi,</p>\r\n<p>i've got the following problem:</p>\r\n<p>My girlfriend wrote all authors in one author line separated by &quot;,&quot;.</p>\r\n<p>For example: A. Weng, B. Zang, E. Wu</p>\r\n<p>Is it possible to get an unformatted output? I don't want to use %First%, %Middle% or %Last% - i just want to output the whole string without any change.</p>\r\n<p>Thank you in advance.</p>",
    "PostedDate": "2009-09-05T03:43:22.383-07:00",
    "UserRole": null,
    "MarkedAsAnswerDate": null
  },
  {
    "Id": "231423",
    "ThreadId": "68040",
    "Html": "<p>There is no such thing as an 'unformatted output'.&nbsp;If you know how your input is stored internally, you can probably come up with a solution on how to display your authors exactly as you inputted them.</p>\r\n<p>The following explains how Word processes your input and what the stylesheet (BibWord)&nbsp;gets:</p>\r\n<p>When you create a source with a list of names in the author field, Word uses the functionality in Author2XML.xsl (commonly located at C:\\Program Files\\Microsoft Office\\Office12\\Bibliography) to transform your single line of text into a piece of XML code looking as follows:</p>\r\n<div style=\"color:Black;background-color:White\">\r\n<pre><span style=\"color:Blue\">&lt;</span><span style=\"color:#A31515\">b</span><span style=\"color:Blue\">:</span><span style=\"color:#A31515\">NameList</span><span style=\"color:Blue\">&gt;</span>\r\n  <span style=\"color:Blue\">&lt;</span><span style=\"color:#A31515\">b</span><span style=\"color:Blue\">:</span><span style=\"color:#A31515\">Person</span><span style=\"color:Blue\">&gt;</span>\r\n    <span style=\"color:Blue\">&lt;</span><span style=\"color:#A31515\">b</span><span style=\"color:Blue\">:</span><span style=\"color:#A31515\">First</span><span style=\"color:Blue\">&gt;</span>Thomas<span style=\"color:Blue\">&lt;/</span><span style=\"color:#A31515\">b</span><span style=\"color:Blue\">:</span><span style=\"color:#A31515\">First</span><span style=\"color:Blue\">&gt;</span>\r\n    <span style=\"color:Blue\">&lt;</span><span style=\"color:#A31515\">b</span><span style=\"color:Blue\">:</span><span style=\"color:#A31515\">Middle</span><span style=\"color:Blue\">&gt;</span>Alva<span style=\"color:Blue\">&lt;/</span><span style=\"color:#A31515\">b</span><span style=\"color:Blue\">:</span><span style=\"color:#A31515\">Middle</span><span style=\"color:Blue\">&gt;</span>\r\n    <span style=\"color:Blue\">&lt;</span><span style=\"color:#A31515\">b</span><span style=\"color:Blue\">:</span><span style=\"color:#A31515\">Last</span><span style=\"color:Blue\">&gt;</span>Edison<span style=\"color:Blue\">&lt;/</span><span style=\"color:#A31515\">b</span><span style=\"color:Blue\">:</span><span style=\"color:#A31515\">Last</span><span style=\"color:Blue\">&gt;</span>\r\n  <span style=\"color:Blue\">&lt;/</span><span style=\"color:#A31515\">b</span><span style=\"color:Blue\">:</span><span style=\"color:#A31515\">Person</span><span style=\"color:Blue\">&gt;</span>\r\n  <span style=\"color:Blue\">&lt;</span><span style=\"color:#A31515\">b</span><span style=\"color:Blue\">:</span><span style=\"color:#A31515\">Person</span><span style=\"color:Blue\">&gt;</span>\r\n    <span style=\"color:Blue\">&lt;</span><span style=\"color:#A31515\">b</span><span style=\"color:Blue\">:</span><span style=\"color:#A31515\">First</span><span style=\"color:Blue\">&gt;</span>Franklin<span style=\"color:Blue\">&lt;/</span><span style=\"color:#A31515\">b</span><span style=\"color:Blue\">:</span><span style=\"color:#A31515\">First</span><span style=\"color:Blue\">&gt;</span>\r\n    <span style=\"color:Blue\">&lt;</span><span style=\"color:#A31515\">b</span><span style=\"color:Blue\">:</span><span style=\"color:#A31515\">Last</span><span style=\"color:Blue\">&gt;</span>Benjamin<span style=\"color:Blue\">&lt;/</span><span style=\"color:#A31515\">b</span><span style=\"color:Blue\">:</span><span style=\"color:#A31515\">Last</span><span style=\"color:Blue\">&gt;</span>\r\n  <span style=\"color:Blue\">&lt;/</span><span style=\"color:#A31515\">b</span><span style=\"color:Blue\">:</span><span style=\"color:#A31515\">Person</span><span style=\"color:Blue\">&gt;</span>\r\n<span style=\"color:Blue\">&lt;/</span><span style=\"color:#A31515\">b</span><span style=\"color:Blue\">:</span><span style=\"color:#A31515\">NameList</span><span style=\"color:Blue\">&gt;</span>\r\n</pre>\r\n</div>\r\n<p>This code is stored inside your document in a separate file (a Word 2007 document is nothing more than a zip file containing several files). Now when you want to format a citation or bibliography, Word grabs part/all of that file and passes it along to another stylesheet. So that&nbsp;stylesheet, responsible for the formatting,&nbsp;actually gets the names formatted as shown above. How they look depends on what Author2XML.xsl created out of your input.</p>\r\n<p>In your case, the input will be mangled because you didn't enter the authors correctly. So it might very well be (I didn't check this) that the result of your input is:</p>\r\n<div style=\"color:Black;background-color:White\">\r\n<pre><span style=\"color:Blue\">&lt;</span><span style=\"color:#A31515\">b</span><span style=\"color:Blue\">:</span><span style=\"color:#A31515\">NameList</span><span style=\"color:Blue\">&gt;</span>\r\n  <span style=\"color:Blue\">&lt;</span><span style=\"color:#A31515\">b</span><span style=\"color:Blue\">:</span><span style=\"color:#A31515\">Person</span><span style=\"color:Blue\">&gt;</span>\r\n    <span style=\"color:Blue\">&lt;</span><span style=\"color:#A31515\">b</span><span style=\"color:Blue\">:</span><span style=\"color:#A31515\">First</span><span style=\"color:Blue\">&gt;</span>B. Zang, E. Wu<span style=\"color:Blue\">&lt;/</span><span style=\"color:#A31515\">b</span><span style=\"color:Blue\">:</span><span style=\"color:#A31515\">First</span><span style=\"color:Blue\">&gt;</span>\r\n    <span style=\"color:Blue\">&lt;</span><span style=\"color:#A31515\">b</span><span style=\"color:Blue\">:</span><span style=\"color:#A31515\">Last</span><span style=\"color:Blue\">&gt;</span>A. Weng<span style=\"color:Blue\">&lt;/</span><span style=\"color:#A31515\">b</span><span style=\"color:Blue\">:</span><span style=\"color:#A31515\">Last</span><span style=\"color:Blue\">&gt;</span>\r\n  <span style=\"color:Blue\">&lt;/</span><span style=\"color:#A31515\">b</span><span style=\"color:Blue\">:</span><span style=\"color:#A31515\">Person</span><span style=\"color:Blue\">&gt;</span>\r\n<span style=\"color:Blue\">&lt;/</span><span style=\"color:#A31515\">b</span><span style=\"color:Blue\">:</span><span style=\"color:#A31515\">NameList</span><span style=\"color:Blue\">&gt;</span></pre>\r\n</div>\r\n<p>In which case you get your result back with a {%Last% }{%First% }. But that is only a guess, you will have to check how your names are stored internally.</p>",
    "PostedDate": "2009-09-05T08:03:18.353-07:00",
    "UserRole": null,
    "MarkedAsAnswerDate": null
  }
]