[
  {
    "Id": "163757",
    "ThreadId": "49023",
    "Html": "<p>I want to reduce the number of characters of the last name to lets say 3 or 4. (e.g. &quot;Lastname&quot; will be &quot;Last&quot;) How can I do that? I already tried a lot (e.g. substring) but I don't know where I can get direct access to the text <span style=\"text-decoration:underline\">and</span> execute xslt in Bibword. In my own xslt its pretty simple:<span style=\"font-size:13px;color:#0000ff\"><span style=\"font-size:13px;color:#0000ff\">\r\n<p>&lt;</p>\r\n</span>\r\n<p> </p>\r\n</span></p>\r\n<p>&nbsp;</p>\r\n<p> </p>\r\n<pre><p><span style=\"font-size:13px;color:#2b91af\">xsl:value-of</span><span style=\"font-size:13px;color:#0000ff\"> </span><span style=\"font-size:13px;color:#ff0000\">select</span><span style=\"font-size:13px;color:#0000ff\">=</span><span style=\"font-size:13px\">&quot;</span><span style=\"font-size:13px;color:#0000ff\">substring(b:Author/b:Author/b:NameList/b:Person/b:Last, 1, 4)</span><span style=\"font-size:13px\">&quot;</span><span style=\"font-size:13px;color:#0000ff\">/&gt; </span></p></pre>\r\n<p> </p>\r\n<p> </p>\r\n<p>or for the year:<br>\r\n<span style=\"font-size:13px;color:#0000ff\"><span style=\"font-size:13px;color:#0000ff\"> \r\n<p>&lt;</p>\r\n</span>\r\n<p> </p>\r\n</span></p>\r\n<p>&nbsp;</p>\r\n<p> </p>\r\n<pre><p><span style=\"font-size:13px;color:#2b91af\">xsl:value-of</span><span style=\"font-size:13px;color:#0000ff\"> </span><span style=\"font-size:13px;color:#ff0000\">select</span><span style=\"font-size:13px;color:#0000ff\">=</span><span style=\"font-size:13px\">&quot;</span><span style=\"font-size:13px;color:#0000ff\">substring(b:Year, 3, 2)</span><span style=\"font-size:13px\">&quot;</span><span style=\"font-size:13px;color:#0000ff\">/&gt;</span></p></pre>\r\n<p> </p>\r\n<p> </p>\r\n<p> </p>\r\n<p> </p>\r\n<p> </p>\r\n<p> </p>\r\n<p>Another question: I changed ordering according lastname (works quite good). Nevertheless if I use the numbers they still are in the Ref order. Is there any chance to change this?<br>\r\n<br>\r\nThx,<br>\r\nVertex</p>\r\n<p> </p>\r\n",
    "PostedDate": "2009-03-03T02:03:13.807-08:00",
    "UserRole": null,
    "MarkedAsAnswerDate": null
  },
  {
    "Id": "163777",
    "ThreadId": "49023",
    "Html": "BibWord is intended to get past the usage of xslt, so you can't use it directly from the data element.<br>\r\n<br>\r\nIn general, BibWord does not provide functionality for cutting parts of variables. There are a few exceptions though.<br>\r\n<br>\r\nFor Year and YearAccessed, you can display only the last two digits by using the 's' parameter which would turn '1998' into '98'. So the variables would look like:<br>\r\n  %Year:s%    and    %YearAccessed:s%<br>\r\n<br>\r\nFor Pages and CitationPages, you can abbreviate the last page by using the 'a' parameter which can turn '151-152' into 'p. 151-52' or 'p. 151-2'. So the variable would look like:<br>\r\n  %Pages:p. :p. :a2%   or    %Pages:p. :p. :a1%<br>\r\n  <br>\r\nFor names, there is nothing you can do. If you want to do the cutting on every available last name, you could look into 'format-person-part-3' and adjust its structure like 'format-source-part-3' where every variable gets treated differently.<br>\r\n<br>\r\nNumbered references and alphabetical ordering is not possible directly in Word. For an explaination as to why, see section 5.1 of the <a href=\"http://bibliography.codeplex.com/Release/ProjectReleases.aspx?ReleaseId=23850\" title=\"BibWord Guide\">BibWord Guide</a>. The section also describes the BibOrder variable which can be used as a solution to the issue. To use the BibOrder variable, you will need to apply the <a href=\"http://bibliography.codeplex.com/Wiki/View.aspx?title=BibWord Extender\" title=\"BibWord Extender\">BibWord Extender</a> tool. For examples of styles using numbered references and alphabetical ordering, see <a href=\"http://bibliography.codeplex.com/Release/ProjectReleases.aspx?ReleaseId=19764\" title=\"IEEE - Alphabetical Order*\">IEEE - Alphabetical Order*</a>, <a href=\"http://bibliography.codeplex.com/Release/ProjectReleases.aspx?ReleaseId=19777\" title=\"ACM - Name Sequence*\">ACM - Name Sequence*</a>, and <a href=\"http://bibliography.codeplex.com/Release/ProjectReleases.aspx?ReleaseId=19770\" title=\"CSE - Name Sequence*\">CSE - Name Sequence*</a>.<br>\r\n<br>\r\nNote that the <a href=\"http://bibliography.codeplex.com/Wiki/View.aspx?title=BibWord Extender\" title=\"BibWord Extender\">BibWord Extender</a> tool currently only runs on Windows. I plan on porting it to MacOS so it can be used with Word 2008 as well. However, as the tool requires .Net 3.5 and Mono does not support that yet (at least not officially), it might take me a while to find a solution.\r\n",
    "PostedDate": "2009-03-03T02:56:58.84-08:00",
    "UserRole": null,
    "MarkedAsAnswerDate": null
  },
  {
    "Id": "163821",
    "ThreadId": "49023",
    "Html": "Thx!<br>\r\nI will focus now on getting BibOrder working.<br>\r\n<br>\r\nedit: oh cool I simply need to use &quot;BibOrder&quot; instead of the other variables. BibWord Extener also works great. puh... you did a quite good job (BibWord and extender), I needed about 1min for that ;)<br>\r\n<br>\r\nVertex \r\n",
    "PostedDate": "2009-03-03T05:16:40.223-08:00",
    "UserRole": null,
    "MarkedAsAnswerDate": null
  }
]