[
  {
    "Id": "1038508",
    "ThreadId": "442335",
    "Html": "Hi all\r<br />\nI am searching for a style ( Word 2010 ) wich would look like this one:\r<br />\n<img src=\"http://imgup.pl/di/GWOD/przechwytywanie.jpg\" alt=\"Image\" />\r<br />\n<br />\nFirst book and after all other stuff and reference should be like thi [x]\r<br />\n<br />\nplease help me, iso with [] is ok but in bibliography all is mixed up, books with www pages :/<br />\n",
    "PostedDate": "2013-05-02T05:18:50.95-07:00",
    "UserRole": null,
    "MarkedAsAnswerDate": null
  }
]