[
  {
    "Id": "251335",
    "ThreadId": "73534",
    "Html": "<p>I have discovered your facility to extend the citation style and this is wonderful. I have selected the IEEE template but hove can it be installed?</p>\r\n<p>What is the step by step process?</p>\r\n<p>Here is the problem: I have a brand new mac running the snow leopard OS and a brand new installation of Word 2008 for Mac duly updated with the latest pack.</p>\r\n<p>As viewed in Finder there is no directory:</p>\r\n<p>/Applications/Microsoft Office 2008/Microsoft Word.app/Contents/Resources/Style/</p>\r\n<p>Indeed I cannot find:</p>\r\n<p>Contents/Resources/Style/</p>\r\n<p>How shall I proceed?</p>\r\n<p>Thank you</p>\r\n<p>&nbsp;</p>\r\n<p>&nbsp;</p>",
    "PostedDate": "2009-10-29T12:39:14.933-07:00",
    "UserRole": null,
    "MarkedAsAnswerDate": null
  },
  {
    "Id": "251478",
    "ThreadId": "73534",
    "Html": "<p>I don't have access to snowleopard but I doubt the process is different.</p>\r\n<p>In 'Finder', go to the 'Go' menu and select 'Applications'.</p>\r\n<p>Next, select 'Microsoft Office 2008' from the list. You should now have a list with the Office 2008 items you got installed. One of them should be 'Microsoft Word'. Right click it with your mouse and from the context menu select 'Show Package Contents'.</p>\r\n<p>Now select&nbsp;the&nbsp;'Contents' folder followed by the 'Resources' folder and finally the 'Style' folder. This is where you should put your styles. By default, it contains 4 XSL files. APA, MLA, Chicago, and Turabian.</p>",
    "PostedDate": "2009-10-30T00:26:51.55-07:00",
    "UserRole": null,
    "MarkedAsAnswerDate": null
  },
  {
    "Id": "251512",
    "ThreadId": "73534",
    "Html": "<p>Thank you. As you might have guessed I am new to the Mac world.&nbsp;<br>I believe that the XSL files will need editing as they seem not to be recognised in the bibliography list boxes?</p>",
    "PostedDate": "2009-10-30T02:58:21.743-07:00",
    "UserRole": null,
    "MarkedAsAnswerDate": null
  },
  {
    "Id": "251525",
    "ThreadId": "73534",
    "Html": "<p>That's a bug in Word 2008. It looks like they hardcoded the&nbsp;bibliography list instead of dynamically loading it like they do with the citations.</p>\r\n<p>See <a href=\"http://bibword.codeplex.com/wikipage?title=Styles_FAQ#Q2\">http://bibword.codeplex.com/wikipage?title=Styles_FAQ#Q2</a>&nbsp;for a solution.</p>",
    "PostedDate": "2009-10-30T03:47:48.273-07:00",
    "UserRole": null,
    "MarkedAsAnswerDate": null
  }
]