[
  {
    "Id": "255655",
    "ThreadId": "74698",
    "Html": "<p>Hi there,</p>\r\n<p>This is my first time posting therefore I apologise in advance if I am asking a seemingly stupid question.</p>\r\n<p>I have downloaded the different referencing styles and got them to work in Microsoft Word 2007. I am having a problem editing them though. I tend to use the Harvard Exeter style as that is the most consistent with what I require however there are no provisions made to use the report style or case style.</p>\r\n<p>Please help as it is driving me mad trying to edit the .XSL files.</p>\r\n<p>Regards</p>",
    "PostedDate": "2009-11-10T11:40:57.2-08:00",
    "UserRole": null,
    "MarkedAsAnswerDate": null
  },
  {
    "Id": "255745",
    "ThreadId": "74698",
    "Html": "<p>There are no provisions for them, because the University of Exeter does not provide any specification for them. Unless someone can provide me with a(n official) document describing how they should be formatted, they won't be added to a specific style.</p>\r\n<p>To get an idea about how the formatting works, start by reading</p>\r\n<ul>\r\n<li>the short and incomplete tutorial at <a href=\"http://bibword.codeplex.com/wikipage?title=Tutorial\">http://bibword.codeplex.com/wikipage?title=Tutorial</a></li>\r\n<li>the&nbsp;manual at <a href=\"http://bibword.codeplex.com/Release/ProjectReleases.aspx?ReleaseId=34918#DownloadId=89196\">http://bibword.codeplex.com/Release/ProjectReleases.aspx?ReleaseId=34918#DownloadId=89196</a></li>\r\n</ul>\r\n<p>Some pointers to get you started:&nbsp;citations can probably be formatted the same as for&nbsp;most other entries. So one for Report would probably look like:</p>\r\n<pre>  <span style=\"color:Blue\">&lt;</span><span style=\"color:#A31515\">source</span> <span style=\"color:Red\">type</span><span style=\"color:Blue\">=</span><span style=\"color:Black\">&quot;</span><span style=\"color:Blue\">Report</span><span style=\"color:Black\">&quot;</span><span style=\"color:Blue\">&gt;</span>\r\n    <span style=\"color:Blue\">&lt;</span><span style=\"color:#A31515\">format</span><span style=\"color:Blue\">&gt;</span>{%CitationPrefix%}{%Author:1|ShortTitle|Title%, }{%Year|&quot;n.d.&quot;%{%YearSuffix%}}{: %CitationPages::%}{%CitationSuffix%}<span style=\"color:Blue\">&lt;/</span><span style=\"color:#A31515\">format</span><span style=\"color:Blue\">&gt;</span>\r\n  <span style=\"color:Blue\">&lt;/</span><span style=\"color:#A31515\">source</span><span style=\"color:Blue\">&gt;</span></pre>\r\n<p>The same holds for the YearSuffix extension:</p>\r\n<div style=\"color:Black;background-color:White\">\r\n<pre>  <span style=\"color:Blue\">&lt;</span><span style=\"color:#A31515\">source</span> <span style=\"color:Red\">type</span><span style=\"color:Blue\">=</span><span style=\"color:Black\">&quot;</span><span style=\"color:Blue\">Report</span><span style=\"color:Black\">&quot;</span><span style=\"color:Blue\">&gt;</span>\r\n    <span style=\"color:Blue\">&lt;</span><span style=\"color:#A31515\">yearsuffix</span><span style=\"color:Blue\">&gt;</span>{%Author:1|ShortTitle|Title%}{%Year%}<span style=\"color:Blue\">&lt;/</span><span style=\"color:#A31515\">yearsuffix</span><span style=\"color:Blue\">&gt;</span>\r\n  <span style=\"color:Blue\">&lt;/</span><span style=\"color:#A31515\">source</span><span style=\"color:Blue\">&gt;</span>\r\n</pre>\r\n</div>\r\n<p>The bibliography part requires the most formatting. The question you should ask yourself first is which fields you are going to use to represent an entry. Author, year, and title are obvious. After that, the choice is up to you. A possible selection could be:</p>\r\n<ul>\r\n<li>ThesisType (to indicate the type of report)</li>\r\n<li>Department (acts as&nbsp;publisher)</li>\r\n<li>Institution (acts as publisher)</li>\r\n<li>City (city the instution who wrote the report is located in)</li>\r\n<li>Pages (pages you are citing)</li>\r\n</ul>\r\n<p>The important fields section could then look like:</p>\r\n<div style=\"color:Black;background-color:White\">\r\n<pre>  <span style=\"color:Blue\">&lt;</span><span style=\"color:#A31515\">source</span> <span style=\"color:Red\">type</span><span style=\"color:Blue\">=</span><span style=\"color:Black\">&quot;</span><span style=\"color:Blue\">Report</span><span style=\"color:Black\">&quot;</span><span style=\"color:Blue\">&gt;</span>\r\n    <span style=\"color:Blue\">&lt;</span><span style=\"color:#A31515\">b</span><span style=\"color:Blue\">:</span><span style=\"color:#A31515\">ImportantField</span><span style=\"color:Blue\">&gt;</span>b:Author/b:Author/b:NameList<span style=\"color:Blue\">&lt;/</span><span style=\"color:#A31515\">b</span><span style=\"color:Blue\">:</span><span style=\"color:#A31515\">ImportantField</span><span style=\"color:Blue\">&gt;</span>\r\n    <span style=\"color:Blue\">&lt;</span><span style=\"color:#A31515\">b</span><span style=\"color:Blue\">:</span><span style=\"color:#A31515\">ImportantField</span><span style=\"color:Blue\">&gt;</span>b:Title<span style=\"color:Blue\">&lt;/</span><span style=\"color:#A31515\">b</span><span style=\"color:Blue\">:</span><span style=\"color:#A31515\">ImportantField</span><span style=\"color:Blue\">&gt;</span>\r\n    <span style=\"color:Blue\">&lt;</span><span style=\"color:#A31515\">b</span><span style=\"color:Blue\">:</span><span style=\"color:#A31515\">ImportantField</span><span style=\"color:Blue\">&gt;</span>b:Year<span style=\"color:Blue\">&lt;/</span><span style=\"color:#A31515\">b</span><span style=\"color:Blue\">:</span><span style=\"color:#A31515\">ImportantField</span><span style=\"color:Blue\">&gt;</span>\r\n    <span style=\"color:Blue\">&lt;</span><span style=\"color:#A31515\">b</span><span style=\"color:Blue\">:</span><span style=\"color:#A31515\">ImportantField</span><span style=\"color:Blue\">&gt;</span>b:City<span style=\"color:Blue\">&lt;/</span><span style=\"color:#A31515\">b</span><span style=\"color:Blue\">:</span><span style=\"color:#A31515\">ImportantField</span><span style=\"color:Blue\">&gt;</span>\r\n    <span style=\"color:Blue\">&lt;</span><span style=\"color:#A31515\">b</span><span style=\"color:Blue\">:</span><span style=\"color:#A31515\">ImportantField</span><span style=\"color:Blue\">&gt;</span>b:ThesisType<span style=\"color:Blue\">&lt;/</span><span style=\"color:#A31515\">b</span><span style=\"color:Blue\">:</span><span style=\"color:#A31515\">ImportantField</span><span style=\"color:Blue\">&gt;</span>\r\n    <span style=\"color:Blue\">&lt;</span><span style=\"color:#A31515\">b</span><span style=\"color:Blue\">:</span><span style=\"color:#A31515\">ImportantField</span><span style=\"color:Blue\">&gt;</span>b:Department<span style=\"color:Blue\">&lt;/</span><span style=\"color:#A31515\">b</span><span style=\"color:Blue\">:</span><span style=\"color:#A31515\">ImportantField</span><span style=\"color:Blue\">&gt;</span>\r\n    <span style=\"color:Blue\">&lt;</span><span style=\"color:#A31515\">b</span><span style=\"color:Blue\">:</span><span style=\"color:#A31515\">ImportantField</span><span style=\"color:Blue\">&gt;</span>b:Institution<span style=\"color:Blue\">&lt;/</span><span style=\"color:#A31515\">b</span><span style=\"color:Blue\">:</span><span style=\"color:#A31515\">ImportantField</span><span style=\"color:Blue\">&gt;</span>\r\n    <span style=\"color:Blue\">&lt;</span><span style=\"color:#A31515\">b</span><span style=\"color:Blue\">:</span><span style=\"color:#A31515\">ImportantField</span><span style=\"color:Blue\">&gt;</span>b:Pages<span style=\"color:Blue\">&lt;/</span><span style=\"color:#A31515\">b</span><span style=\"color:Blue\">:</span><span style=\"color:#A31515\">ImportantField</span><span style=\"color:Blue\">&gt;</span>\r\n  <span style=\"color:Blue\">&lt;/</span><span style=\"color:#A31515\">source</span><span style=\"color:Blue\">&gt;</span>\r\n</pre>\r\n</div>\r\n<p>And the format string for bibliography entries like:</p>\r\n<div style=\"color:Black;background-color:White\">\r\n<pre>  <span style=\"color:Blue\">&lt;</span><span style=\"color:#A31515\">source</span> <span style=\"color:Red\">type</span><span style=\"color:Blue\">=</span><span style=\"color:Black\">&quot;</span><span style=\"color:Blue\">Report</span><span style=\"color:Black\">&quot;</span><span style=\"color:Blue\">&gt;</span>\r\n    <span style=\"color:Blue\">&lt;</span><span style=\"color:#A31515\">column</span> <span style=\"color:Red\">id</span><span style=\"color:Blue\">=</span><span style=\"color:Black\">&quot;</span><span style=\"color:Blue\">1</span><span style=\"color:Black\">&quot;</span><span style=\"color:Blue\">&gt;</span>\r\n      <span style=\"color:Blue\">&lt;</span><span style=\"color:#A31515\">halign</span><span style=\"color:Blue\">&gt;</span>left<span style=\"color:Blue\">&lt;/</span><span style=\"color:#A31515\">halign</span><span style=\"color:Blue\">&gt;</span>\r\n      <span style=\"color:Blue\">&lt;</span><span style=\"color:#A31515\">valign</span><span style=\"color:Blue\">&gt;</span>top<span style=\"color:Blue\">&lt;/</span><span style=\"color:#A31515\">valign</span><span style=\"color:Blue\">&gt;</span>\r\n      <span style=\"color:Blue\">&lt;</span><span style=\"color:#A31515\">format</span><span style=\"color:Blue\">&gt;</span>{%Author:2%{ (%Year%{%YearSuffix%})}}{ <span style=\"color:Red\">&amp;lt;</span>i<span style=\"color:Red\">&amp;gt;</span>%Title|ShortTitle%<span style=\"color:Red\">&amp;lt;</span>/i<span style=\"color:Red\">&amp;gt;</span>}{ (%Year%{%YearSuffix%})}{, %ThesisType%}{, %City%{: %Department|Institution%{, %Institution%}}}{, %Department%}{, %Institution%}{, %Pages:p. :pp. %}.<span style=\"color:Blue\">&lt;/</span><span style=\"color:#A31515\">format</span><span style=\"color:Blue\">&gt;</span>\r\n    <span style=\"color:Blue\">&lt;/</span><span style=\"color:#A31515\">column</span><span style=\"color:Blue\">&gt;</span>\r\n    <span style=\"color:Blue\">&lt;</span><span style=\"color:#A31515\">sortkey</span><span style=\"color:Blue\">&gt;</span>{%Author:0|Title|ShortTitle%}{ %Year%}{ %Title|ShortTitle%}<span style=\"color:Blue\">&lt;/</span><span style=\"color:#A31515\">sortkey</span><span style=\"color:Blue\">&gt;</span>\r\n  <span style=\"color:Blue\">&lt;/</span><span style=\"color:#A31515\">source</span><span style=\"color:Blue\">&gt;</span>\r\n</pre>\r\n</div>\r\n<p>But like I said at the beginning of the message. This is just one possible interpretation. There is no way of telling if a reviewer would accept this format or not.</p>\r\n<p>&nbsp;</p>\r\n<p>&nbsp;</p>\r\n<div style=\"color:Black;background-color:White\">\r\n<pre><span style=\"color:Blue\">&nbsp;</span></pre>\r\n</div>",
    "PostedDate": "2009-11-10T15:13:41.97-08:00",
    "UserRole": null,
    "MarkedAsAnswerDate": null
  },
  {
    "Id": "255919",
    "ThreadId": "74698",
    "Html": "<p>Hi Yves,</p>\r\n<p>Thankyou ever so much for your reply. I have managed to sort out the report style to how I wish.</p>\r\n<p>One further question though. if I wanted an in-text citation of a law case for example:</p>\r\n<p><em>Forsyth-Grant v Allen </em>[2008] EWCA Civ 505, Env. L.R.  41<em>I</em></p>\r\n<p>how could i achieve this without rounded brackets and with an italicised title? at the moment mine looks like this<em>:</em></p>\r\n<p>(Forsyth-Grant v Allen [2008] EWCA Civ 505, Env. L.R.  41)</p>\r\n<p>regards</p>\r\n<p>&nbsp;</p>",
    "PostedDate": "2009-11-11T03:35:45.953-08:00",
    "UserRole": null,
    "MarkedAsAnswerDate": null
  },
  {
    "Id": "255931",
    "ThreadId": "74698",
    "Html": "<p>The round brackets are an all or nothing thing. They are either around all in-text citations or around none. They are controlled by the openbracket and closebracket element:</p>\r\n<div style=\"color:Black;background-color:White\">\r\n<pre>  <span style=\"color:Blue\">&lt;</span><span style=\"color:#A31515\">openbracket</span><span style=\"color:Blue\">&gt;</span>(<span style=\"color:Blue\">&lt;/</span><span style=\"color:#A31515\">openbracket</span><span style=\"color:Blue\">&gt;</span>\r\n  <span style=\"color:Blue\">&lt;</span><span style=\"color:#A31515\">closebracket</span><span style=\"color:Blue\">&gt;</span>)<span style=\"color:Blue\">&lt;/</span><span style=\"color:#A31515\">closebracket</span><span style=\"color:Blue\">&gt;</span>\r\n</pre>\r\n</div>\r\n<p>You could remove the brackets from the elements, but then you would have to add brackets to each of the types of in-text citations you would want them around. Alternatively, you can of course type the brackets manually whenever you need them.</p>\r\n<p>Italics can be created using the html&lt;i&gt; tag. For example if you have a title:</p>\r\n<div style=\"color:Black;background-color:White\">\r\n<pre>{%Title%}<br></pre>\r\n</div>\r\n<p>you can display it italicised using:</p>\r\n<pre>{<span style=\"color:Red\">&amp;lt;</span>i<span style=\"color:Red\">&amp;gt;</span>%Title%<span style=\"color:Red\">&amp;lt;</span>/i<span style=\"color:Red\">&amp;gt;</span>}</pre>\r\n<p>For in-text citations, the basic i(talics), b(old), and u(nderline) elements are available. For bibliographies, the full range of html tags supported by Word 2007 are available.</p>\r\n<div style=\"color:Black;background-color:White\">\r\n<pre><br></pre>\r\n</div>",
    "PostedDate": "2009-11-11T05:00:36.04-08:00",
    "UserRole": null,
    "MarkedAsAnswerDate": null
  },
  {
    "Id": "256029",
    "ThreadId": "74698",
    "Html": "<p>Thankyou ever so much. You have saved me about 2 hours on each bit of work I now Do!</p>\r\n<p>Regards.</p>",
    "PostedDate": "2009-11-11T09:11:20.597-08:00",
    "UserRole": null,
    "MarkedAsAnswerDate": null
  }
]