[
  {
    "Id": "629312",
    "ThreadId": "261794",
    "Html": "\r\n<p>I have downloaded the IEEE style for references, which works really well- thank you.&#65279; &#65279;&#65279;&#65279;But: the journal I am submitting to does not need double quotes around the title of journal articles in the bibliography. How do I remove them in the XSL file? I don't\r\n know enough about the programming language to be able to find the relevant bit of the file that needs changing.&#65279;</p>\r\n<p>Thanks in advance.</p>\r\n",
    "PostedDate": "2011-06-17T09:15:05.147-07:00",
    "UserRole": null,
    "MarkedAsAnswerDate": null
  },
  {
    "Id": "629820",
    "ThreadId": "261794",
    "Html": "<p>All formatting information is located between</p>\r\n<div style=\"color: black; background-color: white;\">\r\n<pre><span style=\"color: blue;\">&lt;</span><span style=\"color: #a31515;\">xsl</span><span style=\"color: blue;\">:</span><span style=\"color: #a31515;\">variable</span> <span style=\"color: red;\">name</span><span style=\"color: blue;\">=</span><span style=\"color: black;\">\"</span><span style=\"color: blue;\">data</span><span style=\"color: black;\">\"</span><span style=\"color: blue;\">&gt;</span>\r\n</pre>\r\n</div>\r\n<p>and the matching</p>\r\n<div style=\"color: black; background-color: white;\">\r\n<pre><span style=\"color: blue;\">&lt;/</span><span style=\"color: #a31515;\">xsl</span><span style=\"color: blue;\">:</span><span style=\"color: #a31515;\">variable</span><span style=\"color: blue;\">&gt;</span>\r\n</pre>\r\n</div>\r\n<p>Bibliography formatting information is included between</p>\r\n<div style=\"color: black; background-color: white;\">\r\n<pre><span style=\"color: blue;\">&lt;</span><span style=\"color: #a31515;\">bibliography</span><span style=\"color: blue;\">&gt;</span></pre>\r\n</div>\r\n<p>and the matching</p>\r\n<div style=\"color: black; background-color: white;\">\r\n<pre><span style=\"color: blue;\">&lt;/</span><span style=\"color: #a31515;\">bibliography</span><span style=\"color: blue;\">&gt;</span>\r\n</pre>\r\n</div>\r\n<p>For each supported type of source, there is a source element. For journal articles that would be:</p>\r\n<div style=\"color: black; background-color: white;\">\r\n<pre><span style=\"color: blue;\">&lt;</span><span style=\"color: #a31515;\">source</span> <span style=\"color: red;\">type</span><span style=\"color: blue;\">=</span><span style=\"color: black;\">\"</span><span style=\"color: blue;\">JournalArticle</span><span style=\"color: black;\">\"</span><span style=\"color: blue;\">&gt;</span>\r\n</pre>\r\n</div>\r\n<p>which ends with the matching</p>\r\n<div style=\"color: black; background-color: white;\">\r\n<pre><span style=\"color: blue;\">&lt;/</span><span style=\"color: #a31515;\">source</span><span style=\"color: blue;\">&gt;</span>\r\n</pre>\r\n</div>\r\n<p>The format element for the second column element will then contain all information you need for formatting a journal article. Most likely you will see something like \"%Title%\" in the format element. Just remove the quotes if you don't want them.</p>",
    "PostedDate": "2011-06-19T13:53:06.28-07:00",
    "UserRole": null,
    "MarkedAsAnswerDate": null
  },
  {
    "Id": "629961",
    "ThreadId": "261794",
    "Html": "Thank you very much- I will try it!<br>\r\n<br>\r\nCaroline<br>\r\n<br>\r\nAt 21:53 19/06/2011, you wrote:<br>\r\n<br>\r\n<blockquote type=\"cite\">From: yves<br>\r\n<br>\r\nAll formatting information is located between<br>\r\n<br>\r\n<pre>&lt;xsl:variable name=&quot;data&quot;&gt;\r\n</pre>\r\n<br>\r\nand the matching<br>\r\n<br>\r\n<pre>&lt;/xsl:variable&gt;\r\n</pre>\r\n<br>\r\nBibliography formatting information is included between<br>\r\n<br>\r\n<pre>&lt;bibliography&gt;</pre>\r\n<br>\r\n<br>\r\nand the matching<br>\r\n<br>\r\n<pre>&lt;/bibliography&gt;\r\n</pre>\r\n<br>\r\nFor each supported type of source, there is a source element. For journal articles that would be:<br>\r\n<br>\r\n<pre>&lt;source type=&quot;JournalArticle&quot;&gt;\r\n</pre>\r\n<br>\r\nwhich ends with the matching<br>\r\n<br>\r\n<pre>&lt;/source&gt;\r\n</pre>\r\n<br>\r\nThe format element for the second column element will then contain all information you need for formatting a journal article. Most likely you will see something like &quot;%Title%&quot; in the format element. Just remove the quotes if you don't want them.<br>\r\n<br>\r\nRead the <a href=\"http://bibword.codeplex.com/discussions/261794#post629820\">full discussion online</a>.<br>\r\n<br>\r\nTo add a post to this discussion, reply to this email (<a href=\"mailto:bibword@discussions.codeplex.com?subject=[bibword:261794]\"> bibword@discussions.codeplex.com</a>)<br>\r\n<br>\r\nTo start a new discussion for this project, email <a href=\"mailto:bibword@discussions.codeplex.com\">\r\nbibword@discussions.codeplex.com</a><br>\r\n<br>\r\nYou are receiving this email because you subscribed to this discussion on CodePlex. You can\r\n<a href=\"https://bibword.codeplex.com/discussions/261794/unsubscribe/\">unsubscribe</a> on CodePlex.com.<br>\r\n<br>\r\nPlease note: Images and attachments will be removed from emails. Any posts to this discussion will also be available online at CodePlex.com<br>\r\n<font size=\"2\">checked for viruses and spam by CanIt.<br>\r\n<a href=\"http://www.canit4.3d.net.uk/\">http://www.canit4.3d.net.uk/</a> </font></blockquote>\r\n<p>Caroline Whately-Smith, C.Stat<br>\r\n(Consultant Biostatistician)<br>\r\nWhately-Smith Ltd.<br>\r\n13, Lauderdale Road<br>\r\nHunton Bridge<br>\r\nKing's Langley<br>\r\nHerts<br>\r\nWD4 8QA<br>\r\nUK<br>\r\nTel/Fax &#43;44 (0)1923 268381<br>\r\n<br>\r\n<a href=\"http://www.whate.moose.co.uk/\">http://www.whate.moose.co.uk<br>\r\n<br>\r\n</a><font face=\"Arial, Helvetica\" color=\"#008080\"><i>The Getstats campaign: &quot;</font>giving everyone the skills and confidence to use numbers well&quot;<br>\r\n</p>\r\n<div align=\"center\"><font face=\"Arial, Helvetica\" color=\"#008080\">- A society in which our lives and choices are enriched by an understanding of statistics. Go to\r\n<a href=\"http://www.getstats.org.uk/\">www.getstats.org.uk</a> for more information\r\n<br>\r\n<br>\r\n</div>\r\n&quot;Statistics making sense&quot;- for an interesting take on the statistical reporting of current issues in the news, visit\r\n<a href=\"http://www.significancemagazine.org/view/index.html\">http://www.significancemagazine.org/view/index.html<br>\r\n<br>\r\n<br>\r\n</a></font></i>",
    "PostedDate": "2011-06-20T01:59:09.833-07:00",
    "UserRole": null,
    "MarkedAsAnswerDate": null
  }
]