[
  {
    "Id": "984195",
    "ThreadId": "428920",
    "Html": "\r\n<p>Hi all,</p>\r\n<p>&nbsp;</p>\r\n<p>I've found the BibWord stuff really useful so far but have just noticed that in my bibliography, wherever I've put &quot;et al&quot; in the citation source, it shows up as &quot;ea&quot; in the reference list. Is there any way of changing it so that it remains as &quot;et al&quot;?</p>\r\n<p>As an example, I havea source by Poirier P, Marois L et al that shows up in the Bibliography like this:</p>\r\n<p><span lang=\"EN-US\" style=\"font-size:10pt\">Poirier P, Marois Lea. Diastolic Dysfunction in Normotensive Men with Well-Controlled Type 2 Diabetes. Diabetes Care. 2001 January; 24(1): p. 5-10</span></p>\r\n<p><span lang=\"EN-US\" style=\"font-size:10pt\">Is there any way at all to make it Poirer P, Marois L et al?<br>\r\n</span></p>\r\n<p>Forgive me, I imagine this may be quite a simple task but it's completely stumped me. I'd greatly appreciate any help anybody could give.</p>\r\n<p>&nbsp;</p>\r\n<p>Andy</p>\r\n",
    "PostedDate": "2013-01-08T13:05:07.653-08:00",
    "UserRole": null,
    "MarkedAsAnswerDate": null
  },
  {
    "Id": "984324",
    "ThreadId": "428920",
    "Html": "\r\n<div>\r\n<p><span style=\"font-size:11.0pt; font-family:\">Hi Andy,</span></p>\r\n<p><span style=\"font-size:11.0pt; font-family:\"></span></p>\r\n<p><span style=\"font-size:11.0pt; font-family:\">Greetings from Johannesburg, South Africa!</span></p>\r\n<p><span style=\"font-size:11.0pt; font-family:\"></span></p>\r\n<p><span style=\"font-size:11.0pt; font-family:\">I was working with BibWord’s Vancouver style sheet last night and didn’t have any problem with et al.\r\n</span></p>\r\n<p><span style=\"font-size:11.0pt; font-family:\"></span></p>\r\n<p><span style=\"font-size:11.0pt; font-family:\">The Style Sheet processes this when you input the names of more than\r\n<b>6</b> authors. </span></p>\r\n<p><span style=\"font-size:11.0pt; font-family:\"></span></p>\r\n<p><span style=\"font-size:11.0pt; font-family:\">You shouldn’t type in et al yourself in the name line because the style sheet thinks this is a name and then abbreviates it to initials = ‘ea’.\r\n</span></p>\r\n<p><span style=\"font-size:11.0pt; font-family:\">(You may get away with typing the names and ‘et al’ in the Corporate Author name line: I haven’t tried that.)</span></p>\r\n<p><span style=\"font-size:11.0pt; font-family:\"></span></p>\r\n<p><span style=\"font-size:11.0pt; font-family:\">You have to type in ALL 7 or more names to get it to output the first author, followed by et al.</span></p>\r\n<p><span style=\"font-size:11.0pt; font-family:\"></span></p>\r\n<p><span style=\"font-size:11.0pt; font-family:\">Here is an example given in “International Committee of Medical Journal Editors (ICMJE), Uniform Requirements for Manuscripts Submitted to Biomedical Journals: Sample References”:</span></p>\r\n<p><span style=\"font-size:11.0pt; font-family:\">(The colour highlighting was put in by me for my own reference.)</span></p>\r\n<p><span style=\"font-size:11.0pt; font-family:\"></span></p>\r\n<p>More than six authors: </p>\r\n<p>Rose ME<b>,</b> Huerbin MB<b>,</b> Melick J<b>,</b> Marion DW<b>,</b> Palmer AM<b>,</b> Schiding JK<b><span style=\"background:yellow\">,</span></b> et al<b><span style=\"background:lime\">.</span></b> Regulation of interstitial excitatory amino acid concentrations\r\n after cortical contusion injury<b>.</b> Brain Res<b>.</b> 2002<b>;</b>935(1-2)<b>:</b>40-6<b>.</b></p>\r\n<p>Style Sheet output = </p>\r\n<p>Rose ME, Huerbin MB, Melick J, Marion DW, Palmer AM, Schiding JK<span style=\"background:yellow\">, et al.</span> Regulation of interstitial excitatory amino acid concentrations after cortical contusion injury. Brain Res. 2002;935(1-2):40-46.<span style=\"font-size:11.0pt; font-family:\"></span></p>\r\n<p><span style=\"font-size:11.0pt; font-family:\"></span></p>\r\n<p><span style=\"font-size:11.0pt; font-family:\">Your source example of ‘Poirier P, Marois L et al’ indicates that the version of Vancouver for this uses et al for three or more sources.\r\n</span></p>\r\n<p><span style=\"font-size:11.0pt; font-family:\">As stated above, ICMJE uses et al for more than 6.</span></p>\r\n<p><span style=\"font-size:11.0pt; font-family:\"></span></p>\r\n<p><span style=\"font-size:11.0pt; font-family:\">You can edit the BibWord style sheet to output et al for more than 2 authors.</span></p>\r\n<p><span style=\"font-size:11.0pt; font-family:\"></span></p>\r\n<p><span style=\"font-size:11.0pt; font-family:\">To edit the code, open it in Notepad (or any other program which edits code).</span></p>\r\n<p><span style=\"font-size:11.0pt; font-family:\"></span></p>\r\n<p><span style=\"font-size:11.0pt; font-family:\">In the</span><span style=\"color:black\">\r\n</span>&lt;namelists&gt; section in the code, you will see the following section:</p>\r\n<p><span style=\"font-size:11.0pt; font-family:\"></span></p>\r\n<p>&lt;list<span style=\"color:purple\"> </span><span style=\"color:teal\">name</span><span style=\"color:purple\">=</span><span style=\"color:#7F007F\">&quot;author&quot;</span><span style=\"color:purple\">\r\n</span><span style=\"color:teal\">id</span><span style=\"color:purple\">=</span><span style=\"color:#7F007F\">&quot;1&quot;</span>&gt;</p>\r\n<p style=\"text-autospace:none\"><span style=\"font-size:10.0pt; font-family:Consolas; color:black\"></span><span style=\"font-size:10.0pt; font-family:Consolas; color:navy\">&lt;single_prefix&gt;&lt;/single_prefix&gt;</span><span style=\"font-size:10.0pt; font-family:Consolas; color:black\"></span></p>\r\n<p style=\"text-autospace:none\"><span style=\"font-size:10.0pt; font-family:Consolas; color:black\"></span><span style=\"font-size:10.0pt; font-family:Consolas; color:navy\">&lt;multi_prefix&gt;&lt;/multi_prefix&gt;</span><span style=\"font-size:10.0pt; font-family:Consolas; color:black\"></span></p>\r\n<p><span lang=\"EN-GB\" style=\"color:black\"></span><span lang=\"EN-GB\">&lt;corporate&gt;</span><span lang=\"EN-GB\" style=\"color:black\">{%Corporate%}</span><span lang=\"EN-GB\">&lt;/corporate&gt;</span><span lang=\"EN-GB\" style=\"color:black\"></span></p>\r\n<p style=\"text-autospace:none\"><span style=\"font-size:10.0pt; font-family:Consolas; color:black\"></span><span style=\"font-size:10.0pt; font-family:Consolas; color:navy\">&lt;first_person&gt;</span><span style=\"font-size:10.0pt; font-family:Consolas; color:black\">{%Last%\r\n }{%First:a%}{%Middle:a%}</span><span style=\"font-size:10.0pt; font-family:Consolas; color:navy\">&lt;/first_person&gt;</span><span style=\"font-size:10.0pt; font-family:Consolas; color:black\"></span></p>\r\n<p style=\"text-autospace:none\"><span style=\"font-size:10.0pt; font-family:Consolas; color:black\"></span><span style=\"font-size:10.0pt; font-family:Consolas; color:navy\">&lt;other_persons&gt;</span><span style=\"font-size:10.0pt; font-family:Consolas; color:black\">{%Last%\r\n }{%First:a%}{%Middle:a%}</span><span style=\"font-size:10.0pt; font-family:Consolas; color:navy\">&lt;/other_persons&gt;</span><span style=\"font-size:10.0pt; font-family:Consolas; color:black\"></span></p>\r\n<p style=\"text-autospace:none\"><span style=\"font-size:10.0pt; font-family:Consolas; color:black\"></span><span style=\"font-size:10.0pt; font-family:Consolas; color:navy\">&lt;separator_between_if_two&gt;</span><span style=\"font-size:10.0pt; font-family:Consolas; color:black\">,\r\n</span><span style=\"font-size:10.0pt; font-family:Consolas; color:navy\">&lt;/separator_between_if_two&gt;</span><span style=\"font-size:10.0pt; font-family:Consolas; color:black\"></span></p>\r\n<p style=\"text-autospace:none\"><span style=\"font-size:10.0pt; font-family:Consolas; color:black\"></span><span style=\"font-size:10.0pt; font-family:Consolas; color:navy\">&lt;separator_between_if_more_than_two&gt;</span><span style=\"font-size:10.0pt; font-family:Consolas; color:black\">,\r\n</span><span style=\"font-size:10.0pt; font-family:Consolas; color:navy\">&lt;/separator_between_if_more_than_two&gt;</span><span style=\"font-size:10.0pt; font-family:Consolas; color:black\"></span></p>\r\n<p style=\"text-autospace:none\"><span style=\"font-size:10.0pt; font-family:Consolas; color:black\"></span><span style=\"font-size:10.0pt; font-family:Consolas; color:navy\">&lt;separator_before_last&gt;</span><span style=\"font-size:10.0pt; font-family:Consolas; color:black\">,\r\n</span><span style=\"font-size:10.0pt; font-family:Consolas; color:navy\">&lt;/separator_before_last&gt;</span><span style=\"font-size:10.0pt; font-family:Consolas; color:black\"></span></p>\r\n<p style=\"text-autospace:none\"><span style=\"font-size:10.0pt; font-family:Consolas; color:black\"></span><span style=\"font-size:10.0pt; font-family:Consolas; color:navy\">&lt;max_number_of_persons_to_display&gt;</span><span style=\"font-size:10.0pt; font-family:Consolas; color:black; background:yellow\">6</span><span style=\"font-size:10.0pt; font-family:Consolas; color:navy\">&lt;/max_number_of_persons_to_display&gt;</span><span style=\"font-size:10.0pt; font-family:Consolas; color:black\"></span></p>\r\n<p style=\"text-autospace:none\"><span style=\"font-size:10.0pt; font-family:Consolas; color:black\"></span><span style=\"font-size:10.0pt; font-family:Consolas; color:navy\">&lt;number_of_persons_to_display_if_more_than_max&gt;</span><span style=\"font-size:10.0pt; font-family:Consolas; color:black; background:yellow\">6</span><span style=\"font-size:10.0pt; font-family:Consolas; color:navy\">&lt;/number_of_persons_to_display_if_more_than_max&gt;</span><span style=\"font-size:10.0pt; font-family:Consolas; color:black\"></span></p>\r\n<p><span lang=\"EN-GB\" style=\"color:black\"></span><span lang=\"EN-GB\">&lt;overflow&gt;</span><span lang=\"EN-GB\" style=\"color:black\">, et al.</span><span lang=\"EN-GB\">&lt;/overflow&gt;</span><span lang=\"EN-GB\" style=\"color:black\"></span></p>\r\n<p style=\"text-autospace:none\"><span style=\"font-size:10.0pt; font-family:Consolas; color:black\"></span><span style=\"font-size:10.0pt; font-family:Consolas; color:navy\">&lt;single_suffix&gt;&lt;/single_suffix&gt;</span><span style=\"font-size:10.0pt; font-family:Consolas; color:black\"></span></p>\r\n<p style=\"text-autospace:none\"><span style=\"font-size:10.0pt; font-family:Consolas; color:black\"></span><span style=\"font-size:10.0pt; font-family:Consolas; color:navy\">&lt;multi_suffix&gt;&lt;/multi_suffix&gt;</span><span style=\"font-size:10.0pt; font-family:Consolas; color:black\"></span></p>\r\n<p style=\"text-autospace:none\"><span style=\"font-size:10.0pt; font-family:Consolas; color:black\"></span><span style=\"font-size:10.0pt; font-family:Consolas; color:navy\">&lt;/list&gt;</span><span style=\"font-size:10.0pt; font-family:Consolas; color:black\"></span></p>\r\n<p><span style=\"font-size:11.0pt; font-family:\"></span></p>\r\n<p><span style=\"font-size:11.0pt; font-family:\">All you have to do is change the </span>\r\n<span style=\"font-size:10.0pt; font-family:Consolas; color:navy\">&gt;</span><span style=\"font-size:10.0pt; font-family:Consolas; color:black\">6</span><span style=\"font-size:10.0pt; font-family:Consolas; color:navy\">&lt; to &gt;</span><span style=\"font-size:10.0pt; font-family:Consolas; color:black\">2</span><span style=\"font-size:10.0pt; font-family:Consolas; color:navy\">&lt;\r\n in both places. Be careful not to include any spaces, e.g. &gt; </span><span style=\"font-size:10.0pt; font-family:Consolas; color:black\">2\r\n</span><span style=\"font-size:10.0pt; font-family:Consolas; color:navy\">&lt;.</span></p>\r\n<p><span style=\"font-size:10.0pt; font-family:Consolas; color:navy\"></span></p>\r\n<p><span style=\"font-size:10.0pt; font-family:Consolas; color:navy\">This should work, but coding can be fussy when you start editing it.</span></p>\r\n<p><span style=\"font-size:10.0pt; font-family:Consolas; color:navy\"></span></p>\r\n<p><span style=\"font-size:10.0pt; font-family:Consolas; color:navy\">I hope this helps. As usual, no warranties are given, and any changes you do are at your own risk.</span></p>\r\n<p><span style=\"font-size:10.0pt; font-family:Consolas; color:navy\"></span></p>\r\n<p><span style=\"font-size:11.0pt; font-family:\">Kind regards,</span></p>\r\n<p><span style=\"font-size:11.0pt; font-family:\"></span></p>\r\n<p><span style=\"font-size:11.0pt; font-family:\">Lionel Crator,</span></p>\r\n<p><span style=\"font-size:11.0pt; font-family:\">Tau Editing.</span></p>\r\n<p><span style=\"font-size:11.0pt; font-family:\">Professional Language Practitioner.</span></p>\r\n<p><span style=\"font-size:11.0pt; font-family:\">BL (Hons)(Rhod) LL.B (Rhod). </span>\r\n</p>\r\n<p><span style=\"font-size:11.0pt; font-family:\">Member of The Professional Editors Group.\r\n</span></p>\r\n<p><span style=\"font-size:11.0pt; font-family:\">Working with words since 1981.</span></p>\r\n<p><span style=\"font-size:11.0pt; font-family:\">Cel 073 637 4516.</span></p>\r\n<p><span style=\"font-size:11.0pt; font-family:\">Fax 086 774 0622</span></p>\r\n<p><span style=\"font-size:11.0pt; font-family:\"></span></p>\r\n<p><span style=\"font-size:11.0pt; font-family:\"></span></p>\r\n<p><span style=\"font-size:11.0pt; font-family:\"></span></p>\r\n<p></p>\r\n<p><span style=\"font-size:9.0pt; font-family:\"></span></p>\r\n<p><span style=\"font-size:11.0pt; font-family:\"></span></p>\r\n<p><span style=\"font-size:11.0pt; font-family:\"></span></p>\r\n<div>\r\n<div style=\"border:none; border-top:solid #B5C4DF 1.0pt; padding:3.0pt 0cm 0cm 0cm\">\r\n<p><b><span lang=\"EN-US\" style=\"font-size:10.0pt; font-family:\">From:</span></b><span lang=\"EN-US\" style=\"font-size:10.0pt; font-family:\"> andyfagan [email removed]\r\n<br>\r\n<b>Sent:</b> 09 January 2013 03:16 AM<br>\r\n<b>To:</b> tau.editing@yahoo.co.za<br>\r\n<b>Subject:</b> Changing the way authors are reported in Vancouver style [bibword:428920]</span></p>\r\n</div>\r\n</div>\r\n<p></p>\r\n<p><span style=\"font-size:9.0pt; font-family:\">From: andyfagan</span></p>\r\n<div id=\"ThreadNotificationPostBody\" style=\"margin-bottom:24.0pt\">\r\n<p><span style=\"font-size:9.0pt; font-family:\">Hi all,</span></p>\r\n<p><span style=\"font-size:9.0pt; font-family:\"></span></p>\r\n<p><span style=\"font-size:9.0pt; font-family:\">I've found the BibWord stuff really useful so far but have just noticed that in my bibliography, wherever I've put &quot;et al&quot; in the citation source, it shows up as &quot;ea&quot; in the reference list. Is there any way of\r\n changing it so that it remains as &quot;et al&quot;?</span></p>\r\n<p><span style=\"font-size:9.0pt; font-family:\">As an example, I havea source by Poirier P, Marois L et al that shows up in the Bibliography like this:</span></p>\r\n<p><span lang=\"EN-US\" style=\"font-size:10.0pt; font-family:\">Poirier P, Marois Lea. Diastolic Dysfunction in Normotensive Men with Well-Controlled Type 2 Diabetes. Diabetes Care. 2001 January; 24(1): p. 5-10</span><span style=\"font-size:9.0pt; font-family:\"></span></p>\r\n<p><span lang=\"EN-US\" style=\"font-size:10.0pt; font-family:\">Is there any way at all to make it Poirer P, Marois L et al?</span><span style=\"font-size:9.0pt; font-family:\"></span></p>\r\n<p><span style=\"font-size:9.0pt; font-family:\">Forgive me, I imagine this may be quite a simple task but it's completely stumped me. I'd greatly appreciate any help anybody could give.</span></p>\r\n<p><span style=\"font-size:9.0pt; font-family:\"></span></p>\r\n<p><span style=\"font-size:9.0pt; font-family:\">Andy</span></p>\r\n</div>\r\n</div>\r\n",
    "PostedDate": "2013-01-08T23:19:09.763-08:00",
    "UserRole": null,
    "MarkedAsAnswerDate": null
  }
]