[
  {
    "Id": "583230",
    "ThreadId": "250403",
    "Html": "\r\n<p>Hi</p>\r\n<p>How I can create ciation for more than one author in the text</p>\r\n<p>e.g.</p>\r\n<p>(Collins, 1998; Brown, 2001; Davies, 2008)</p>\r\n<p>&nbsp;</p>\r\n<p>Thanks</p>\r\n",
    "PostedDate": "2011-03-20T02:26:49.27-07:00",
    "UserRole": null,
    "MarkedAsAnswerDate": null
  },
  {
    "Id": "583259",
    "ThreadId": "250403",
    "Html": "<p>That would be up to the style you are using, but normally yes.</p>\r\n<p>See <a href=\"http://bibword.codeplex.com/wikipage?title=FAQ&amp;referringTitle=Styles_FAQ#Q1\">http://bibword.codeplex.com/wikipage?title=FAQ&amp;referringTitle=Styles_FAQ#Q1</a></p>\r\n<p>Also check <a href=\"http://bibword.codeplex.com/wikipage?title=FAQ&amp;referringTitle=Styles_FAQ#Q2\">http://bibword.codeplex.com/wikipage?title=FAQ&amp;referringTitle=Styles_FAQ#Q2</a></p>\r\n<p>&nbsp;</p>",
    "PostedDate": "2011-03-20T04:36:31.393-07:00",
    "UserRole": null,
    "MarkedAsAnswerDate": null
  },
  {
    "Id": "586292",
    "ThreadId": "250403",
    "Html": "<p>Sorted. Thanks and much appreciate your help yves.</p>\r\n<p>&nbsp;</p>",
    "PostedDate": "2011-03-25T03:16:31.073-07:00",
    "UserRole": null,
    "MarkedAsAnswerDate": null
  }
]