[
  {
    "Id": "937339",
    "ThreadId": "402110",
    "Html": "\r\n<p>Good Morning,</p>\r\n<p>I need to use the Harvard Anglia citation style in MS-Word 2007, and wonder if this available download:<br>\r\n<br>\r\n<a href=\"http://bibword.codeplex.com/releases/view/19783\">http://bibword.codeplex.com/releases/view/19783</a></p>\r\n<p>&nbsp;</p>\r\n<p>is based on the latest edition?:<br>\r\n<br>\r\n<a href=\"http://libweb.anglia.ac.uk/referencing/harvard.htm\">http://libweb.anglia.ac.uk/referencing/harvard.htm</a></p>\r\n<p>&nbsp;</p>\r\n<p>Thank you.</p>\r\n<p>ANMB</p>\r\n<p>&nbsp;</p>\r\n<p>&nbsp;</p>\r\n<p>&nbsp;</p>\r\n",
    "PostedDate": "2012-11-06T08:28:17.917-08:00",
    "UserRole": null,
    "MarkedAsAnswerDate": null
  },
  {
    "Id": "947709",
    "ThreadId": "402110",
    "Html": "\r\n<p>Probably not. It was up-to-date with Harvard Anglia when it was released but I would be really surprised if they haven't updated their style by now (bug fixing, new electronic standards, ...)</p>\r\n<p>If you update the style you are more than welcome to provide me with a copy I can put here.</p>\r\n",
    "PostedDate": "2012-11-27T07:07:41.173-08:00",
    "UserRole": null,
    "MarkedAsAnswerDate": null
  }
]