[
  {
    "Id": "1043628",
    "ThreadId": "443665",
    "Html": "Hi,\r<br />\n<br />\nI used BibWord in Office 2010 and thought it was great, but I haven't used it for a while, will it work in Office 365 before I go out and buy it?\r<br />\n<br />\nRegards,\r<br />\n<br />\nAndrew<br />\n",
    "PostedDate": "2013-05-14T19:52:58.203-07:00",
    "UserRole": null,
    "MarkedAsAnswerDate": null
  },
  {
    "Id": "1052319",
    "ThreadId": "443665",
    "Html": "Microsoft offers a 1 month free trial of Office 365. I suggest you try it and see if it works.<br />\n",
    "PostedDate": "2013-06-03T12:31:17.977-07:00",
    "UserRole": null,
    "MarkedAsAnswerDate": null
  }
]