[
  {
    "Id": "1288301",
    "ThreadId": "560680",
    "Html": "I want to congratulate you, Yves. For the great job on Bibword. Thank you very much! It's a wonderfull job!<br />\n<br />\nAnd my question is that I was creating a new source and I needed three date fields (one new in addition to the default fields). I got to create the code as requested (with the words year, month and day in front), however one of the fields simply does not appear. What should I change to make it work?<br />\n<br />\nThanks for the help in advance!<br />\n",
    "PostedDate": "2014-08-08T21:51:19.62-07:00",
    "UserRole": null,
    "MarkedAsAnswerDate": null
  }
]