[
  {
    "Id": "262825",
    "ThreadId": "76871",
    "Html": "<p>Hi Yves,</p>\r\n<p>I am having some trouble with generating a reference that is based on a subtype. In this case specifically, I am trying to make a Thesis reference using IEEE Reference Order.</p>\r\n<p>From what I understand, if I wish to make a Thesis subtype reference, I&nbsp; start by choosing &quot;Report&quot; from the &quot;Type of Source&quot; drop down box in the &quot;Edit Source&quot; dialog box. After this I must put &quot;Thesis&quot; in the &quot;Type&quot; bibliography field underneath the aforementioned drop down. The problem is that I do not see the &quot;Type&quot; field; I see &quot;Report Type&quot;, but entering &quot;Thesis&quot; (or any variation in that field) does not change the reference formatting as it should.</p>\r\n<p>Further reading led me to believe that I perhaps needed to use Bibtype.exe to generate a new Bibform.xml. I did so using the &quot;Types.xml&quot; file from the <a id=\"ctl00_ctl00_MasterContent_Content_ReleasePanelOrderingContainer_ReleaseFilesCtrl_FileList_ctl00_FileNameHyperLink\" tabindex=9 href=\"../Release/ProjectReleases.aspx?ReleaseId=15976#DownloadId=40528\">Schema for type definitions</a> link. But this has not changed the lack of &quot;Type&quot; field when entering a source</p>\r\n<p>Do you know what exactly I am missing here?</p>\r\n<p>&nbsp;</p>\r\n<p>P.S. That said, I very much appreciate the work you have put into creating these styles and continuing to help us users out.</p>\r\n<p>&nbsp;</p>",
    "PostedDate": "2009-12-02T09:42:54.2-08:00",
    "UserRole": null,
    "MarkedAsAnswerDate": null
  },
  {
    "Id": "262831",
    "ThreadId": "76871",
    "Html": "<p><strong>The lazy solution: switch between source types</strong></p>\r\n<p>In the source manager, when you change the type of a source, different fields will become available. You can switch to a type of sources which has the fields you want, and fill them in. Then, when you switch back to the type you want, the data will be kept although it looks like the fields are gone.</p>\r\n<p>So you can switch&nbsp;your source type to &quot;Patent&quot;, then you can enter&nbsp;&quot;Thesis&quot; in the &quot;Type&quot; field. Afterwards, just switch back to &quot;Report&quot; and fill in the rest of your fields.</p>\r\n<p><strong>The good solution: edit bibform.xml</strong></p>\r\n<p>The above works if you only have one or two entries. If you have dozens of entries, it becomes a stupid thing to do.</p>\r\n<p>The order and availability of the elements for a given source type in the source manager&nbsp;is defined in a file called <em>bibform.xml</em>. Normally, this file can be found in</p>\r\n<p style=\"padding-left:30px\">C:\\Program Files\\Microsoft Office\\Office12\\<em>1033</em>\\Bibliography</p>\r\n<p>where the <em>1033</em> could be a different number for you. It represents the localization of your copy of Word (1033 = US English).</p>\r\n<p>If you open the file you will notice a huge bunch of xml code. Its format is pretty simple and straightforward. For each type,&nbsp;there is an&nbsp;entry in the form:</p>\r\n<div style=\"background-color:white;color:black\">\r\n<pre><span style=\"color:blue\">&lt;</span><span style=\"color:#a31515\">Source</span> <span style=\"color:red\">type</span><span style=\"color:blue\">=</span><span style=\"color:black\">&quot;</span><span style=\"color:blue\">Report</span><span style=\"color:black\">&quot;</span> <span style=\"color:red\">display</span><span style=\"color:blue\">=</span><span style=\"color:black\">&quot;</span><span style=\"color:blue\">Report</span><span style=\"color:black\">&quot;</span><span style=\"color:blue\">&gt;</span>\r\n  <span style=\"color:green\">&lt;!-- all definitions --&gt;</span>\r\n<span style=\"color:blue\">&lt;/</span><span style=\"color:#a31515\">Source</span><span style=\"color:blue\">&gt;</span>\r\n</pre>\r\n</div>\r\n<p>The children of a source element are the different fields that will be available in the source manager for that type. For example:</p>\r\n<div style=\"background-color:white;color:black\">\r\n<pre><span style=\"color:blue\">&lt;</span><span style=\"color:#a31515\">Tag</span><span style=\"color:blue\">&gt;</span>\r\n    <span style=\"color:blue\">&lt;</span><span style=\"color:#a31515\">Label</span><span style=\"color:blue\">&gt;</span>Journal Name<span style=\"color:blue\">&lt;/</span><span style=\"color:#a31515\">Label</span><span style=\"color:blue\">&gt;</span>\r\n    <span style=\"color:blue\">&lt;</span><span style=\"color:#a31515\">DataTag</span><span style=\"color:blue\">&gt;</span>b:JournalName<span style=\"color:blue\">&lt;/</span><span style=\"color:#a31515\">DataTag</span><span style=\"color:blue\">&gt;</span>\r\n    <span style=\"color:blue\">&lt;</span><span style=\"color:#a31515\">Sample</span><span style=\"color:blue\">&gt;</span>Example: Adventure Works Monthly<span style=\"color:blue\">&lt;/</span><span style=\"color:#a31515\">Sample</span><span style=\"color:blue\">&gt;</span>\r\n<span style=\"color:blue\">&lt;/</span><span style=\"color:#a31515\">Tag</span><span style=\"color:blue\">&gt;</span>\r\n</pre>\r\n</div>\r\n<p>What you can do is copy paste the type&nbsp;field from another source type&nbsp;inside the Source element for Report. You would want to add the following code inside the Source element:</p>\r\n<div style=\"background-color:white;color:black\">\r\n<pre><span style=\"color:blue\">&lt;</span><span style=\"color:#a31515\">Tag</span><span style=\"color:blue\">&gt;</span>\r\n  <span style=\"color:blue\">&lt;</span><span style=\"color:#a31515\">Label</span><span style=\"color:blue\">&gt;</span>Type<span style=\"color:blue\">&lt;/</span><span style=\"color:#a31515\">Label</span><span style=\"color:blue\">&gt;</span>\r\n  <span style=\"color:blue\">&lt;</span><span style=\"color:#a31515\">DataTag</span><span style=\"color:blue\">&gt;</span>b:Type<span style=\"color:blue\">&lt;/</span><span style=\"color:#a31515\">DataTag</span><span style=\"color:blue\">&gt;</span>\r\n  <span style=\"color:blue\">&lt;</span><span style=\"color:#a31515\">Sample</span><span style=\"color:blue\">&gt;</span>Example: Thesis<span style=\"color:blue\">&lt;/</span><span style=\"color:#a31515\">Sample</span><span style=\"color:blue\">&gt;</span>\r\n<span style=\"color:blue\">&lt;/</span><span style=\"color:#a31515\">Tag</span><span style=\"color:blue\">&gt;</span></pre>\r\n</div>\r\n<p>If you save the file and try to edit a&nbsp;Report source, the type field should now&nbsp;be available. Note that you might need to select &quot;Show all fields&quot; depending on how you defined your important fields.</p>\r\n<p>BibType is a way of automating the above process to&nbsp;work on all&nbsp;languages. For small changes like yours,&nbsp;it's easier to do just do it by hand.&nbsp;</p>",
    "PostedDate": "2009-12-02T10:01:12.85-08:00",
    "UserRole": null,
    "MarkedAsAnswerDate": null
  },
  {
    "Id": "262849",
    "ThreadId": "76871",
    "Html": "<p>Thank you! Your manual solution worked perfectly. I understand now what I was missing.</p>\r\n<p>In order to automate it using BibType, the Types.xml file needed to be modified to generate the new bibform.xml. In this case, the existing Report type:</p>\r\n<div style=\"color:Black;background-color:White\">\r\n<pre><span style=\"color:Blue\">&lt;</span><span style=\"color:#A31515\">Type</span> <span style=\"color:Red\">Name</span><span style=\"color:Blue\">=</span><span style=\"color:Black\">&quot;</span><span style=\"color:Blue\">Report</span><span style=\"color:Black\">&quot;</span><span style=\"color:Blue\">&gt;</span>\r\n     <span style=\"color:Green\">&lt;!-- existing Datatags --&gt;</span>\r\n<span style=\"color:Blue\">&lt;/</span><span style=\"color:#A31515\">Type</span><span style=\"color:Blue\">&gt;</span>\r\n</pre>\r\n</div>\r\n<p>needed to have the following added to it so it knows that Type field is part of its scope:</p>\r\n<div style=\"color:Black;background-color:White\">\r\n<pre><span style=\"color:Blue\">&lt;</span><span style=\"color:#A31515\">DataTag</span><span style=\"color:Blue\">&gt;</span>b:Type<span style=\"color:Blue\">&lt;/</span><span style=\"color:#A31515\">DataTag</span><span style=\"color:Blue\">&gt;</span> \r\n</pre>\r\n</div>\r\n<p>Knowing this helps with automating some of the other changes other users have asked about that may come in handy. Thanks for the help!</p>",
    "PostedDate": "2009-12-02T10:45:03.377-08:00",
    "UserRole": null,
    "MarkedAsAnswerDate": null
  }
]