[
  {
    "Id": "702505",
    "ThreadId": "280618",
    "Html": "\r\n<p>Hi,</p>\r\n<p>&nbsp;</p>\r\n<p>I am using Word For Mac 2011 and imported your Harvard Styles. However when I create a Bibliography the Year appears without Brackets. Any idea what the problem could be?</p>\r\n<p>&nbsp;</p>\r\n<p>Thank you</p>\r\n",
    "PostedDate": "2011-11-23T10:53:38.427-08:00",
    "UserRole": null,
    "MarkedAsAnswerDate": null
  },
  {
    "Id": "702624",
    "ThreadId": "280618",
    "Html": "<p>Are you sure there is a problem. Could you have a style where such brackets are not provided?</p>\r\n<p>What style are you using exactly? And are you talking about in-text citations or the bibliography?</p>",
    "PostedDate": "2011-11-23T13:52:31.353-08:00",
    "UserRole": null,
    "MarkedAsAnswerDate": null
  },
  {
    "Id": "702629",
    "ThreadId": "280618",
    "Html": "<p>Not sure if I am doing something wrong. I am talking about the Bibliography and I tried all the 4 harvard styles.</p>",
    "PostedDate": "2011-11-23T14:02:12.103-08:00",
    "UserRole": null,
    "MarkedAsAnswerDate": null
  },
  {
    "Id": "702636",
    "ThreadId": "280618",
    "Html": "<p>You are not doing anything wrong. There are no brackets around the year in the bibliography. See the examples at&nbsp;<a href=\"http://bibword.codeplex.com/releases/view/19776\">http://bibword.codeplex.com/releases/view/19776</a>&nbsp;and <a href=\"http://bibword.codeplex.com/releases/view/19783\">http://bibword.codeplex.com/releases/view/19783</a>&nbsp;.&nbsp;If you want brackets, you will have to adapt the style. For more information on adapting styles, see <a href=\"http://bibword.codeplex.com/documentation\">http://bibword.codeplex.com/documentation</a></p>\r\n<p>Keep in mind, there is no such thing as a Harvard style. It's a name to denote a family of author-date styles. Your institution could require a different dialect then what is commonly used.</p>",
    "PostedDate": "2011-11-23T14:18:52.917-08:00",
    "UserRole": null,
    "MarkedAsAnswerDate": null
  }
]