[
  {
    "Id": "104645",
    "ThreadId": "31497",
    "Html": "<p style=\"margin:0cm 0cm 10pt\"><span><span style=\"font-family:Calibri\">I am using the template in the subject of this message. I would like to introduce some small changes in the template which I enumerate below.<br>\r\n<br>\r\n1) When I insert the reference list, one blank line appears before the list and 2 blank lines appear after the list. How could I delete these lines?<br>\r\n2) I would like to put the reference numbers in superscript, is it possible?<br>\r\n3) I would like also to put the citation numbers in superscript, is it possible?<br>\r\n4) When I insert the reference list, I would like to associate them to a pre-defined Word style, to say, something like &quot;references&quot;, different from the &quot;Normal&quot;. There is a way to do it?<br>\r\n<br>\r\nThank you very much for your attention<br>\r\n<br>\r\nRoger Pizzato Nunes</span></span></p>\r\n",
    "PostedDate": "2008-07-14T14:52:53.797-07:00",
    "UserRole": null,
    "MarkedAsAnswerDate": null
  },
  {
    "Id": "105714",
    "ThreadId": "31497",
    "Html": "1)You can not (but there is a solution).<br>\r\nThe lines are&nbsp;added by the built-in galleries of Word 2007 and can not be changed. However, there is no real need for using those galleries. Instead of clicking on the&nbsp;'Bibliography' or 'Works Cited' galleries, just use the menu item under it: &quot;Insert Bibliography&quot;. It will print the bibliography without anything else. You can then provide your own title for it.<br>\r\n<br>\r\n2)Yes (if you are talking about the complete bibliography)<br>\r\nThe output of the stylesheet is actually a subset of HTML. Luckily for you,&nbsp;the &lt;sup&gt; tag is supported. To display the reference numbers in superscript in the bibliography, you have to change lines 4085 from <span style=\"font-size:13px;color:#0000ff\">&lt;p&gt;</span> to <span style=\"font-size:13px;color:#0000ff\">&lt;sup class=&quot;MsoBibliography&quot;&gt;</span> and line 4109 from <span style=\"font-size:13px;color:#0000ff\">&lt;/p&gt;</span> to <span style=\"font-size:13px;color:#0000ff\">&lt;/sup&gt;</span>. The class definition&nbsp;is added to fix an oversight by me in the&nbsp;stylesheet (see the answer to your fourth question).<br>\r\n<br>\r\n3)No (if you are talking about in-text)<br>\r\nFor the in-text citations this is not possible as far as I can tell. At first sight, one would expect the same trick to work as&nbsp;with the previous case.&nbsp;But the bibliography has its own style (see the answer to your fourth question) while&nbsp;in-text citations do not. They inherit the style of the paragraph in which they are used (most likely this will be Normal if it is in the middle of the the text). As far as I can tell, there is no direct way around it. When everything is written, you can of course manually select each in-text citation and set it to superscript.<br>\r\n<br>\r\n4)Yes<br>\r\nA stylesheet uses 'MsoBibliography' as style for the bibliography. Once you inserted a bibliography into your text, you will then&nbsp;find&nbsp;a style call 'Bibliography' in the list of styles. That is the one used by the bibliography. By default it is indeed based on Normal, but you can finetune it however you want.<br>\r\n<br>\r\nHTH<br>\r\n<br>\r\nYves<br>\r\n<span style=\"font-size:13px;color:#0000ff\"><span style=\"font-size:13px;color:#0000ff\">&nbsp;</span></span></span></span>\r\n",
    "PostedDate": "2008-07-18T15:46:57.79-07:00",
    "UserRole": null,
    "MarkedAsAnswerDate": null
  },
  {
    "Id": "105775",
    "ThreadId": "31497",
    "Html": "The superscript issue for in-text citations (question 3) really bugged me, so I spend some time today trying to find a solution or workaround.&nbsp;By now I am totally convinced that it is not possible to&nbsp;solve this problem from within the stylesheet.<br>\r\n<br>\r\nI did discover something else though. In word you can create&nbsp;new character styles and imply them to an in-text citation. Then when you execute the stylesheet again to&nbsp;'reformat' all in-text citations and bibliographies, the character style you applied to the in-text citation remains. So the first time when you enter the in-text&nbsp;citation, you have to manually set its style to your prefered character style, and as of then, it will always be formatted correctly.<br>\r\n<br>\r\nTo create your own character style for citations, open up the style pane (alt+ctrl+shift+s). Then at the bottom click&nbsp;the &quot;New style&quot; button. In the window you get, set the following:<br>\r\n<br>\r\nName: Citation<br>\r\nStyle type: Character<br>\r\nStyle based on:&nbsp;Default Paragraph Font<br>\r\n<br>\r\nClick the&nbsp;&quot;Format ...&quot; button and select &quot;Font ...&quot;.&nbsp;Select &quot;Superscript&quot; and press &quot;Ok&quot;.<br>\r\n<br>\r\nThen whenever you have added an in-text citation, just select it, and set its style to&nbsp;the 'Citation' style you created.&nbsp;<br>\r\n<br>\r\nI agree it is not the ideal solution, but it is a workable one.<br>\r\n<br>\r\nHTH\r\n",
    "PostedDate": "2008-07-19T08:25:40.55-07:00",
    "UserRole": null,
    "MarkedAsAnswerDate": null
  },
  {
    "Id": "105853",
    "ThreadId": "31497",
    "Html": "Hello,<br>\r\nI tried to do this but I can't create the new style for the citation only. When I try to select the first citation and create a new style it does it to that whole paragraph. How do you do this? <br>\r\nSomehow my IEEE refs became all bold and I want them back in normal ... (I already re-dowloaded the IEEE style file and run it again but it does the samething; if I chose another style, APA or other, it goes back tonormal but when I go back to IEEE it makes them all bold again). Thanks again!\r\n",
    "PostedDate": "2008-07-20T10:27:33.493-07:00",
    "UserRole": null,
    "MarkedAsAnswerDate": null
  },
  {
    "Id": "105859",
    "ThreadId": "31497",
    "Html": "<p style=\"margin:0cm 0cm 10pt\"><span><span style=\"font-family:Calibri\">Hi Yves,</span></span></p>\r\n<p style=\"margin:0cm 0cm 10pt\"><span><span style=\"font-family:Calibri\">Firstly, I would like to thank you about your answers.</span></span></p>\r\n<p style=\"margin:0cm 0cm 10pt\"><span><span style=\"font-family:Calibri\">Your answers 1, and 2 worked perfectly.</span></span></p>\r\n<p style=\"margin:0cm 0cm 10pt\"><span><span style=\"font-family:Calibri\">Your suggestion of defining a word style (question 3) for the in-text citations also shows to be successful. After every update I make, the style of the in-text citations remains the same </span></span><span style=\"font-family:Wingdings\">J</span><span><span style=\"font-family:Calibri\">. Thus, it is really just necessary to set the at the first&nbsp;time.</span></span></p>\r\n<p style=\"margin:0cm 0cm 10pt\"><span><span style=\"font-family:Calibri\">However, I am still having problems with the default style for the bibliography list. When I insert a new bibliography list, the style associated by MS Word to this list is the &quot;Normal&quot;. Could be this related with the fact of my MS Word version to be in Portuguese? I ask you about that because if I use one of the default styles which comes originally with MS Word&nbsp;(APA, ISO, and so on) the style assigned to the list is &quot;Bibliografia&quot;, which means &quot;Bibliography&quot; in English. But if I change to the ISO 690 Numerical Extension and check in MS Word, the style associated to the&nbsp;list returns to “Normal”.</span></span></p>\r\n<p style=\"margin:0cm 0cm 10pt\"><span><span style=\"font-family:Calibri\">Regards,</span></span></p>\r\n<p style=\"margin:0cm 0cm 10pt\"><span><span style=\"font-family:Calibri\"></span></span></p>\r\n<p style=\"margin:0cm 0cm 10pt\"><span><span style=\"font-family:Calibri\">Roger Pizzato Nunes</span></span></p>\r\n",
    "PostedDate": "2008-07-20T11:04:22.487-07:00",
    "UserRole": null,
    "MarkedAsAnswerDate": null
  },
  {
    "Id": "105861",
    "ThreadId": "31497",
    "Html": "<p>Hi Hsilva,</p>\r\n<p>The Yves' solution has worked for me. You have to select the box where in-text citations are and then set the style. In this way, just the text inside the box will be affected by selected style.<br>\r\n<br>\r\nRoger Pizzato Nunes</p>\r\n",
    "PostedDate": "2008-07-20T11:17:29.293-07:00",
    "UserRole": null,
    "MarkedAsAnswerDate": null
  },
  {
    "Id": "105882",
    "ThreadId": "31497",
    "Html": "Hi Roger,<br>\r\n<br>\r\nRegarding question 4, that was a bug on my part. I wrote the bibliography entries directly into a &lt;td&gt; element rather than into a &lt;p&gt; element inside the &lt;td&gt; element. So the class='MsoBibliography' attribute was actually assigned to the wrong element. I fixed the problem and uploaded a new version to <a href=\"http://www.codeplex.com/bibliography/Release/ProjectReleases.aspx?ReleaseId=15028\">http://www.codeplex.com/bibliography/Release/ProjectReleases.aspx?ReleaseId=15028</a>.<br>\r\n<br>\r\nIf you have any other problems with it, just drop me a note.\r\n",
    "PostedDate": "2008-07-20T14:51:08.057-07:00",
    "UserRole": null,
    "MarkedAsAnswerDate": null
  },
  {
    "Id": "105886",
    "ThreadId": "31497",
    "Html": "<p>Hi Roger,</p>\r\n<p>Thank you for your reply. Somehow I can't do it. When I select the box and create the style it changes the whole paragraph. Is it because I already have others refs after? Would this just work if we're starting from the beginning of inserting refs? I have already many refs so didn't want to re-do so I was just trying to create a 'first' one in the first paragraph of the file... </p>\r\n<p>Thanks again,</p>\r\n<p>Helena</p>\r\n<div style=\"border-right:medium none;padding-right:0.2em;border-top:#aaa 0.1em dotted;padding-left:0.2em;padding-bottom:0.2em;margin:1em 0em 2.5em 3em;border-left:medium none;padding-top:0.2em;border-bottom:#aaa 0.1em dotted;font-style:italic\"><br>\r\nrogerpn wrote:<br>\r\n<p>Hi Hsilva,</p>\r\n<p>The Yves' solution has worked for me. You have to select the box where in-text citations are and then set the style. In this way, just the text inside the box will be affected by selected style.<br>\r\n<br>\r\nRoger Pizzato Nunes</p>\r\n<br>\r\n<br>\r\n</div>\r\n<br>\r\n",
    "PostedDate": "2008-07-20T16:58:18-07:00",
    "UserRole": null,
    "MarkedAsAnswerDate": null
  },
  {
    "Id": "105953",
    "ThreadId": "31497",
    "Html": "<em></em><br>\r\n<div style=\"border-right:medium none;padding-right:0.2em;border-top:#aaa 0.1em dotted;padding-left:0.2em;padding-bottom:0.2em;margin:1em 0em 2.5em 3em;border-left:medium none;padding-top:0.2em;border-bottom:#aaa 0.1em dotted;font-style:italic\"><br>\r\nWhen I try to select the first citation and create a new style it does it to that whole paragraph.</div>\r\n<p>If you apply a style to a part of a paragraph and the entire paragraph changes style, then the style you are applying is most likely a 'paragraph style' rather than a 'character style'. Make sure that you set the style type to 'Character' when formatting in-text citations.</p>\r\n<div style=\"border-right:medium none;padding-right:0.2em;border-top:#aaa 0.1em dotted;padding-left:0.2em;padding-bottom:0.2em;margin:1em 0em 2.5em 3em;border-left:medium none;padding-top:0.2em;border-bottom:#aaa 0.1em dotted;font-style:italic\"><br>\r\nSomehow my IEEE refs became all bold and I want them back in normal ... (I already re-dowloaded the IEEE style file and run it again but it does the samething; if I chose another style, APA or other, it goes back tonormal but when I go back to IEEE it makes them all bold again). Thanks again! <br>\r\n<br>\r\n</div>\r\n<br>\r\nIt might have something to do with the style you applied. But that is hard to tell without having access to the document.&nbsp;\r\n",
    "PostedDate": "2008-07-21T03:34:11.84-07:00",
    "UserRole": null,
    "MarkedAsAnswerDate": null
  },
  {
    "Id": "105982",
    "ThreadId": "31497",
    "Html": "<p style=\"margin:0cm 0cm 10pt\"><span><span style=\"font-family:Calibri\">Hi Yves,</span></span></p>\r\n<p style=\"margin:0cm 0cm 10pt\"><span><span style=\"font-family:Calibri\">It is working now. But I would like to return to the question 1 again…</span></span></p>\r\n<p style=\"margin:0cm 0cm 10pt\"><span><span style=\"font-family:Calibri\">If I click in references, after in Bibliography, and then in the “Bibliography” gallery of MS Word and set the Style to the default “ISO690 – Numerical Reference”, if I check the inserted references list, I will observe that there is no blank lines between the title Bibliography and the first Reference of the list. Also, I can change the style of the title Bibliography, being this one unchanged after every update I execute over the reference list.</span></span></p>\r\n<p style=\"margin:0cm 0cm 10pt\"><span><span style=\"font-family:Calibri\">However, if now I change the style to the “ISO690 – Numerical Reference – Extension”, the blank line between the title and first reference of the list appears. After your new modification in this style, I am able to delete the blank line (in the earlier version I can not). Nevertheless, If I change the style of the title Bibliography to one different of Normal, after each update in the list, its style returns to Normal again.<br>\r\n</span></span></p>\r\n<p style=\"margin:0cm 0cm 10pt\"><span><span style=\"font-family:Calibri\"><br>\r\nWould&nbsp;you know what could be happening?<br>\r\n<br>\r\nThanks again,</span></span></p>\r\n<p style=\"margin:0cm 0cm 10pt\"><span><span style=\"font-family:Calibri\">Roger Pizzato Nunes</span></span></p>\r\n",
    "PostedDate": "2008-07-21T06:33:34.773-07:00",
    "UserRole": null,
    "MarkedAsAnswerDate": null
  },
  {
    "Id": "106024",
    "ThreadId": "31497",
    "Html": "Hi Roger,<br>\r\n<br>\r\nI kinda hoped you wouldn't return to your first question, because I know what the problem is. I also know the solution, it is just that the solution is a rather dirty one. :-(<br>\r\n<br>\r\nWhen the created bibliography is returned from the stylesheet to Word, Word checks if it starts and ends with a non-empty paragraph element. If it&nbsp;does not, they are added.<br>\r\n<br>\r\nTo ensure the alignment of&nbsp;reference numbers and source data, I use a table with two columns. So the problem is,&nbsp;I return an HTML document with the following body:<br>\r\n<br>\r\n<span style=\"font-size:13px;color:#0000ff\"><span style=\"font-size:13px;color:#0000ff\">&lt;</span></span><span style=\"font-size:13px;color:#a31515\"><span style=\"font-size:13px;color:#a31515\">body</span></span><span style=\"font-size:13px;color:#0000ff\"><span style=\"font-size:13px;color:#0000ff\">&gt;<br>\r\n&nbsp; &lt;</span></span><span style=\"font-size:13px;color:#a31515\"><span style=\"font-size:13px;color:#a31515\">table</span></span><span style=\"font-size:13px;color:#0000ff\"><span style=\"font-size:13px;color:#0000ff\"> </span></span><span style=\"font-size:13px;color:#ff0000\"><span style=\"font-size:13px;color:#ff0000\">width</span></span><span style=\"font-size:13px;color:#0000ff\"><span style=\"font-size:13px;color:#0000ff\">=</span></span><span style=\"font-size:13px\">&quot;</span><span style=\"font-size:13px;color:#0000ff\"><span style=\"font-size:13px;color:#0000ff\">100%</span></span><span style=\"font-size:13px\">&quot;</span><span style=\"font-size:13px;color:#0000ff\"><span style=\"font-size:13px;color:#0000ff\">&gt;<br>\r\n</span></span><span style=\"font-size:13px\">&nbsp;&nbsp;&nbsp; ...<br>\r\n</span><span style=\"font-size:13px;color:#0000ff\"><span style=\"font-size:13px;color:#0000ff\">&nbsp; &lt;/</span></span><span style=\"font-size:13px;color:#a31515\"><span style=\"font-size:13px;color:#a31515\">table</span></span><span style=\"font-size:13px;color:#0000ff\"><span style=\"font-size:13px;color:#0000ff\">&gt;<br>\r\n&lt;/</span></span><span style=\"font-size:13px;color:#a31515\"><span style=\"font-size:13px;color:#a31515\">body</span></span><span style=\"font-size:13px;color:#0000ff\"><span style=\"font-size:13px;color:#0000ff\">&gt;</span></span>\r\n<p>And Word transforms it into an&nbsp;HTML document with the following body:<br>\r\n<br>\r\n<span style=\"font-size:13px;color:#0000ff\"><span style=\"font-size:13px;color:#0000ff\">&lt;</span></span><span style=\"font-size:13px;color:#a31515\"><span style=\"font-size:13px;color:#a31515\">body</span></span><span style=\"font-size:13px;color:#0000ff\"><span style=\"font-size:13px;color:#0000ff\">&gt;<br>\r\n&nbsp; &lt;</span></span><span style=\"font-size:13px;color:#a31515\"><span style=\"font-size:13px;color:#a31515\">p</span></span><span style=\"font-size:13px;color:#0000ff\"><span style=\"font-size:13px;color:#0000ff\">&gt;&lt;/</span></span><span style=\"font-size:13px;color:#a31515\"><span style=\"font-size:13px;color:#a31515\">p</span></span><span style=\"font-size:13px;color:#0000ff\"><span style=\"font-size:13px;color:#0000ff\">&gt;<br>\r\n&nbsp; &lt;</span></span><span style=\"font-size:13px;color:#a31515\"><span style=\"font-size:13px;color:#a31515\">table</span></span><span style=\"font-size:13px;color:#0000ff\"><span style=\"font-size:13px;color:#0000ff\"> </span></span><span style=\"font-size:13px;color:#ff0000\"><span style=\"font-size:13px;color:#ff0000\">width</span></span><span style=\"font-size:13px;color:#0000ff\"><span style=\"font-size:13px;color:#0000ff\">=</span></span><span style=\"font-size:13px\">&quot;</span><span style=\"font-size:13px;color:#0000ff\"><span style=\"font-size:13px;color:#0000ff\">100%</span></span><span style=\"font-size:13px\">&quot;</span><span style=\"font-size:13px;color:#0000ff\"><span style=\"font-size:13px;color:#0000ff\">&gt;<br>\r\n&nbsp;&nbsp;&nbsp; </span></span><span style=\"font-size:13px\">...<br>\r\n</span><span style=\"font-size:13px;color:#0000ff\"><span style=\"font-size:13px;color:#0000ff\">&nbsp; &lt;/</span></span><span style=\"font-size:13px;color:#a31515\"><span style=\"font-size:13px;color:#a31515\">table</span></span><span style=\"font-size:13px;color:#0000ff\"><span style=\"font-size:13px;color:#0000ff\">&gt;<br>\r\n&nbsp; &lt;</span></span><span style=\"font-size:13px;color:#a31515\"><span style=\"font-size:13px;color:#a31515\">p</span></span><span style=\"font-size:13px;color:#0000ff\"><span style=\"font-size:13px;color:#0000ff\">&gt;&lt;/</span></span><span style=\"font-size:13px;color:#a31515\"><span style=\"font-size:13px;color:#a31515\">p</span></span><span style=\"font-size:13px;color:#0000ff\"><span style=\"font-size:13px;color:#0000ff\">&gt;<br>\r\n&lt;/</span></span><span style=\"font-size:13px;color:#a31515\"><span style=\"font-size:13px;color:#a31515\">body</span></span><span style=\"font-size:13px;color:#0000ff\"><span style=\"font-size:13px;color:#0000ff\">&gt; </span></span>\r\n<p>The solution exists in Word not giving the chance to add those two paragraphs by adding them ourselves. But we do not want to see any paragraphs there, so we have to hide them. The solution consists of adding the following line before &lt;table&gt; and after &lt;/table&gt;:<br>\r\n<br>\r\n<span style=\"font-size:13px;color:#0000ff\"><span style=\"font-size:13px;color:#0000ff\">&lt;</span></span><span style=\"font-size:13px;color:#a31515\"><span style=\"font-size:13px;color:#a31515\">p</span></span><span style=\"font-size:13px;color:#0000ff\"><span style=\"font-size:13px;color:#0000ff\"> </span></span><span style=\"font-size:13px;color:#ff0000\"><span style=\"font-size:13px;color:#ff0000\">class</span></span><span style=\"font-size:13px;color:#0000ff\"><span style=\"font-size:13px;color:#0000ff\">=</span></span><span style=\"font-size:13px\">&quot;</span><span style=\"font-size:13px;color:#0000ff\"><span style=\"font-size:13px;color:#0000ff\">MsoBibliography</span></span><span style=\"font-size:13px\">&quot;</span><span style=\"font-size:13px;color:#0000ff\"><span style=\"font-size:13px;color:#0000ff\"> </span></span><span style=\"font-size:13px;color:#ff0000\"><span style=\"font-size:13px;color:#ff0000\">style</span></span><span style=\"font-size:13px;color:#0000ff\"><span style=\"font-size:13px;color:#0000ff\">=</span></span><span style=\"font-size:13px\">&quot;</span><span style=\"font-size:13px;color:#0000ff\"><span style=\"font-size:13px;color:#0000ff\">line-height:0;</span></span><span style=\"font-size:13px\">&quot;</span><span style=\"font-size:13px;color:#0000ff\"><span style=\"font-size:13px;color:#0000ff\">&gt;</span></span><span style=\"font-size:13px\">x</span><span style=\"font-size:13px;color:#0000ff\"><span style=\"font-size:13px;color:#0000ff\">&lt;/</span></span><span style=\"font-size:13px;color:#a31515\"><span style=\"font-size:13px;color:#a31515\">p</span></span><span style=\"font-size:13px;color:#0000ff\"><span style=\"font-size:13px;color:#0000ff\">&gt; </span></span>\r\n<p>So the body becomes:<br>\r\n<br>\r\n<span style=\"font-size:13px;color:#0000ff\"><span style=\"font-size:13px;color:#0000ff\">&lt;</span></span><span style=\"font-size:13px;color:#a31515\"><span style=\"font-size:13px;color:#a31515\">body</span></span><span style=\"font-size:13px;color:#0000ff\"><span style=\"font-size:13px;color:#0000ff\">&gt;<br>\r\n&nbsp; &lt;</span></span><span style=\"font-size:13px;color:#a31515\"><span style=\"font-size:13px;color:#a31515\">p</span></span><span style=\"font-size:13px;color:#0000ff\"><span style=\"font-size:13px;color:#0000ff\"> </span></span><span style=\"font-size:13px;color:#ff0000\"><span style=\"font-size:13px;color:#ff0000\">class</span></span><span style=\"font-size:13px;color:#0000ff\"><span style=\"font-size:13px;color:#0000ff\">=</span></span><span style=\"font-size:13px\">&quot;</span><span style=\"font-size:13px;color:#0000ff\"><span style=\"font-size:13px;color:#0000ff\">MsoBibliography</span></span><span style=\"font-size:13px\">&quot;</span><span style=\"font-size:13px;color:#0000ff\"><span style=\"font-size:13px;color:#0000ff\"> </span></span><span style=\"font-size:13px;color:#ff0000\"><span style=\"font-size:13px;color:#ff0000\">style</span></span><span style=\"font-size:13px;color:#0000ff\"><span style=\"font-size:13px;color:#0000ff\">=</span></span><span style=\"font-size:13px\">&quot;</span><span style=\"font-size:13px;color:#0000ff\"><span style=\"font-size:13px;color:#0000ff\">line-height:0;</span></span><span style=\"font-size:13px\">&quot;</span><span style=\"font-size:13px;color:#0000ff\"><span style=\"font-size:13px;color:#0000ff\">&gt;</span></span><span style=\"font-size:13px\">x</span><span style=\"font-size:13px;color:#0000ff\"><span style=\"font-size:13px;color:#0000ff\">&lt;/</span></span><span style=\"font-size:13px;color:#a31515\"><span style=\"font-size:13px;color:#a31515\">p</span></span><span style=\"font-size:13px;color:#0000ff\"><span style=\"font-size:13px;color:#0000ff\">&gt;<br>\r\n&nbsp; &lt;</span></span><span style=\"font-size:13px;color:#a31515\"><span style=\"font-size:13px;color:#a31515\">table</span></span><span style=\"font-size:13px;color:#0000ff\"><span style=\"font-size:13px;color:#0000ff\"> </span></span><span style=\"font-size:13px;color:#ff0000\"><span style=\"font-size:13px;color:#ff0000\">width</span></span><span style=\"font-size:13px;color:#0000ff\"><span style=\"font-size:13px;color:#0000ff\">=</span></span><span style=\"font-size:13px\">&quot;</span><span style=\"font-size:13px;color:#0000ff\"><span style=\"font-size:13px;color:#0000ff\">100%</span></span><span style=\"font-size:13px\">&quot;</span><span style=\"font-size:13px;color:#0000ff\"><span style=\"font-size:13px;color:#0000ff\">&gt;<br>\r\n&nbsp;&nbsp;&nbsp; </span></span><span style=\"font-size:13px\">...<br>\r\n</span><span style=\"font-size:13px;color:#0000ff\"><span style=\"font-size:13px;color:#0000ff\">&nbsp; &lt;/</span></span><span style=\"font-size:13px;color:#a31515\"><span style=\"font-size:13px;color:#a31515\">table</span></span><span style=\"font-size:13px;color:#0000ff\"><span style=\"font-size:13px;color:#0000ff\">&gt;<br>\r\n&nbsp; &lt;</span></span><span style=\"font-size:13px;color:#a31515\"><span style=\"font-size:13px;color:#a31515\">p</span></span><span style=\"font-size:13px;color:#0000ff\"><span style=\"font-size:13px;color:#0000ff\"> </span></span><span style=\"font-size:13px;color:#ff0000\"><span style=\"font-size:13px;color:#ff0000\">class</span></span><span style=\"font-size:13px;color:#0000ff\"><span style=\"font-size:13px;color:#0000ff\">=</span></span><span style=\"font-size:13px\">&quot;</span><span style=\"font-size:13px;color:#0000ff\"><span style=\"font-size:13px;color:#0000ff\">MsoBibliography</span></span><span style=\"font-size:13px\">&quot;</span><span style=\"font-size:13px;color:#0000ff\"><span style=\"font-size:13px;color:#0000ff\"> </span></span><span style=\"font-size:13px;color:#ff0000\"><span style=\"font-size:13px;color:#ff0000\">style</span></span><span style=\"font-size:13px;color:#0000ff\"><span style=\"font-size:13px;color:#0000ff\">=</span></span><span style=\"font-size:13px\">&quot;</span><span style=\"font-size:13px;color:#0000ff\"><span style=\"font-size:13px;color:#0000ff\">line-height:0;</span></span><span style=\"font-size:13px\">&quot;</span><span style=\"font-size:13px;color:#0000ff\"><span style=\"font-size:13px;color:#0000ff\">&gt;</span></span><span style=\"font-size:13px\">x</span><span style=\"font-size:13px;color:#0000ff\"><span style=\"font-size:13px;color:#0000ff\">&lt;/</span></span><span style=\"font-size:13px;color:#a31515\"><span style=\"font-size:13px;color:#a31515\">p</span></span><span style=\"font-size:13px;color:#0000ff\"><span style=\"font-size:13px;color:#0000ff\">&gt;<br>\r\n&lt;/</span></span><span style=\"font-size:13px;color:#a31515\"><span style=\"font-size:13px;color:#a31515\">body</span></span><span style=\"font-size:13px;color:#0000ff\"><span style=\"font-size:13px;color:#0000ff\">&gt;<br>\r\n</span></span><br>\r\nNow you will no longer see the 'empty'&nbsp;lines but they will still be there and even contain data (the x's). Therefore I consider this solution to be a rather dirty hack.<br>\r\n<br>\r\nYves </p>\r\n",
    "PostedDate": "2008-07-21T09:29:19.473-07:00",
    "UserRole": null,
    "MarkedAsAnswerDate": null
  },
  {
    "Id": "106062",
    "ThreadId": "31497",
    "Html": "<p style=\"margin:0cm 0cm 10pt\"><span style=\"font-family:Calibri\">Hi Yves,</span></p>\r\n<p style=\"margin:0cm 0cm 10pt\"><span><span style=\"font-family:Calibri\">I understood now. Many thanks again by your always clear responses. I agree with you that this one is not a elegant solution.</span></span></p>\r\n<p style=\"margin:0cm 0cm 10pt\"><span><span style=\"font-family:Calibri\">But do you know if there is a way in assigning a specific style (different of the Normal) for these two extra lines that MS Word automatically inserts?</span></span></p>\r\n<p style=\"margin:0cm 0cm 10pt\"><span><span style=\"font-family:Calibri\">Or, instead of using the MS Word Galleries, using the method you have previously mentioned (References-&gt;Bibliography-&gt;Insert Bibliography), do you know if it is possible to introduce modifications inside the “ISO 690 – Numerical Reference – Extension” in such a way that once one has assigned a custom style for the first line inserted by MS Word (between reference title and the first reference of the list), this style, after every update in the references list, remains the same? </span></span></p>\r\n<p style=\"margin:0cm 0cm 10pt\"><span><span style=\"font-family:Calibri\">The first blank line, after each update in the lists, obstinately returns to the Normal style.</span></span></p>\r\n<p style=\"margin:0cm 0cm 10pt\"><span><span style=\"font-family:Calibri\">Roger Pizzato Nunes</span></span></p>\r\n",
    "PostedDate": "2008-07-21T12:00:16.947-07:00",
    "UserRole": null,
    "MarkedAsAnswerDate": null
  },
  {
    "Id": "106074",
    "ThreadId": "31497",
    "Html": "Hi Roger,<br>\r\n<br>\r\nYou can define any style you want for them, but as far as I am aware, the style has to be defined from within the stylesheet. So you can not set it from within the Word document if you hope to keep the style after an update. In the line&nbsp;<span style=\"font-size:13px;color:#0000ff\">&lt;</span><span style=\"font-size:13px;color:#a31515\"><span style=\"font-size:13px;color:#a31515\">p</span></span><span style=\"font-size:13px;color:#0000ff\"><span style=\"font-size:13px;color:#0000ff\"> </span></span><span style=\"font-size:13px;color:#ff0000\"><span style=\"font-size:13px;color:#ff0000\">class</span></span><span style=\"font-size:13px;color:#0000ff\"><span style=\"font-size:13px;color:#0000ff\">=</span></span><span style=\"font-size:13px\">&quot;</span><span style=\"font-size:13px;color:#0000ff\"><span style=\"font-size:13px;color:#0000ff\">MsoBibliography</span></span><span style=\"font-size:13px\">&quot;</span><span style=\"font-size:13px;color:#0000ff\"><span style=\"font-size:13px;color:#0000ff\">&gt;</span></span><span style=\"font-size:13px\">x</span><span style=\"font-size:13px;color:#0000ff\"><span style=\"font-size:13px;color:#0000ff\">&lt;/</span></span><span style=\"font-size:13px;color:#a31515\"><span style=\"font-size:13px;color:#a31515\">p</span></span><span style=\"font-size:13px;color:#0000ff\"><span style=\"font-size:13px;color:#0000ff\">&gt; </span></span>you can substitute 'MsoBibliography' for any other predefined style as far as I am aware. For example MsoTitle or MsoSubTitle.\r\n",
    "PostedDate": "2008-07-21T13:01:48.93-07:00",
    "UserRole": null,
    "MarkedAsAnswerDate": null
  },
  {
    "Id": "106094",
    "ThreadId": "31497",
    "Html": "<p style=\"margin:0cm 0cm 10pt\"><span><span style=\"font-family:Calibri\">Hi Yves,</span></span></p>\r\n<p style=\"margin:0cm 0cm 10pt\"><span><span style=\"font-family:Calibri\">It has worked well. Although one has to impose a fixed MS Word style inside the template, this is still a good solution.</span></span></p>\r\n<p style=\"margin:0cm 0cm 10pt\"><span><span style=\"font-family:Calibri\">I would like to make you just one more question. This is related to the in-text citation.</span></span></p>\r\n<p style=\"margin:0cm 0cm 10pt\"><span><span style=\"font-family:Calibri\">If I insert a new citation inside the box of another one, the character separating each of them is “; “. However, I would like to change this character to “,”. Instead of appearing, as an example, [1;1], I would like [1,2]. I have looked for “;” inside the template or some function that call this separator but I have not found.</span></span></p>\r\n<p style=\"margin:0cm 0cm 10pt\"><span><span style=\"font-family:Calibri\">Do you have a suggestion?</span></span></p>\r\n<p style=\"margin:0cm 0cm 10pt\"><span><span style=\"font-family:Calibri\">Thanks again…</span></span></p>\r\n<p style=\"margin:0cm 0cm 10pt\"><span><span style=\"font-family:Calibri\">Roger Pizzato Nunes</span></span></p>\r\n",
    "PostedDate": "2008-07-21T14:27:25.457-07:00",
    "UserRole": null,
    "MarkedAsAnswerDate": null
  },
  {
    "Id": "106103",
    "ThreadId": "31497",
    "Html": "Hi Roger,<br>\r\n<br>\r\nAt line 4037-4039, you have the following code:<br>\r\n<br>\r\n<span style=\"font-size:13px;color:#0000ff\">&lt;</span><span style=\"font-size:13px;color:#2b91af\">xsl:if</span> <span style=\"font-size:13px;color:#ff0000\">test</span><span style=\"font-size:13px;color:#0000ff\">=</span></span><span style=\"font-size:13px\">&quot;</span><span style=\"font-size:13px;color:#0000ff\"><span style=\"font-size:13px;color:#0000ff\">not(/b:Citation/b:LastAuthor)</span></span><span style=\"font-size:13px\">&quot;</span><span style=\"font-size:13px;color:#0000ff\"><span style=\"font-size:13px;color:#0000ff\">&gt;<br>\r\n&nbsp; &lt;</span></span><span style=\"font-size:13px;color:#2b91af\"><span style=\"font-size:13px;color:#2b91af\">xsl:call-template</span></span><span style=\"font-size:13px;color:#0000ff\"><span style=\"font-size:13px;color:#0000ff\"> </span></span><span style=\"font-size:13px;color:#ff0000\"><span style=\"font-size:13px;color:#ff0000\">name</span></span><span style=\"font-size:13px;color:#0000ff\"><span style=\"font-size:13px;color:#0000ff\">=</span></span><span style=\"font-size:13px\">&quot;</span><span style=\"font-size:13px;color:#0000ff\"><span style=\"font-size:13px;color:#0000ff\">templ_prop_GroupSeparator</span></span><span style=\"font-size:13px\">&quot;</span><span style=\"font-size:13px;color:#0000ff\"><span style=\"font-size:13px;color:#0000ff\">/&gt;<br>\r\n&lt;/</span><span style=\"font-size:13px;color:#2b91af\"><span style=\"font-size:13px;color:#2b91af\">xsl:if</span></span><span style=\"font-size:13px;color:#0000ff\"><span style=\"font-size:13px;color:#0000ff\">&gt; <br>\r\n</span></span></span></span><br>\r\nThat code checks if the citation you try to display is not the last one in a group of citations. If it is not, it will display a separator. The group separator is culture dependant and stored in an XML tree that they grab somewhere from inside Word. It is passed along with the source to the stylesheet. So you can not change it at its source. You can ofcourse just replace the call-template with your separator, giving you something like:<br>\r\n<br>\r\n<span style=\"font-size:13px;color:#0000ff\">&lt;</span><span style=\"font-size:13px;color:#2b91af\">xsl:if</span> <span style=\"font-size:13px;color:#ff0000\">test</span><span style=\"font-size:13px;color:#0000ff\">=</span></span><span style=\"font-size:13px\">&quot;</span><span style=\"font-size:13px;color:#0000ff\"><span style=\"font-size:13px;color:#0000ff\">not(/b:Citation/b:LastAuthor)</span></span><span style=\"font-size:13px\">&quot;</span><span style=\"font-size:13px;color:#0000ff\"><span style=\"font-size:13px;color:#0000ff\">&gt;<br>\r\n&nbsp; &lt;</span></span><span style=\"font-size:13px;color:#2b91af\"><span style=\"font-size:13px;color:#2b91af\">xsl:text<span style=\"font-size:13px;color:#0000ff\">&gt;<span style=\"font-size:13px\">,</span></span></span></span><span style=\"font-size:13px\"><span style=\"font-size:13px;color:#0000ff\">&lt;</span></span><span style=\"font-size:13px;color:#0000ff\"><span style=\"font-size:13px;color:#0000ff\">/<span style=\"font-size:13px;color:#2b91af\">xsl:text</span>&gt;<br>\r\n&lt;/</span><span style=\"font-size:13px;color:#2b91af\"><span style=\"font-size:13px;color:#2b91af\">xsl:if</span></span><span style=\"font-size:13px;color:#0000ff\"><span style=\"font-size:13px;color:#0000ff\">&gt; <br>\r\n</span></span></span><br>\r\nIt is better not to touch the template 'templ_prop_GroupSeparator' since that separator is still used by other formatting functions.<br>\r\n<br>\r\nYves\r\n",
    "PostedDate": "2008-07-21T15:12:17.817-07:00",
    "UserRole": null,
    "MarkedAsAnswerDate": null
  },
  {
    "Id": "106110",
    "ThreadId": "31497",
    "Html": "<p style=\"margin:0cm 0cm 10pt\"><span><span style=\"font-family:Calibri\">Yves,</span></span></p>\r\n<p style=\"margin:0cm 0cm 10pt\"><span><span style=\"font-family:Calibri\">Perfect!</span></span></p>\r\n<p style=\"margin:0cm 0cm 10pt\"><span><span style=\"font-family:Calibri\">I am very grateful for your help and, principally, by your promptness into quickly answer the questions.</span></span></p>\r\n<p style=\"margin:0cm 0cm 10pt\"><span><span style=\"font-family:Calibri\">I have collected all these changes inside a template. The agency which normalize technical documents here in Brazil, called ABNT, did not reach an agreement with Microsoft, because its philosophy resides on ODF. For this reason, an ABNT template has not been included inside MS Word.</span></span></p>\r\n<p style=\"margin:0cm 0cm 10pt\"><span><span style=\"font-family:Calibri\">With your help, I became able to build my own template.</span></span></p>\r\n<p style=\"margin:0cm 0cm 10pt\"><span><span style=\"font-family:Calibri\">Roger Pizzato Nunes</span></span></p>\r\n",
    "PostedDate": "2008-07-21T15:38:57.91-07:00",
    "UserRole": null,
    "MarkedAsAnswerDate": null
  },
  {
    "Id": "191834",
    "ThreadId": "31497",
    "Html": "<p>Hello all!</p>\r\n<p>I've just read all the post. I've been also looking for an answer for my problem but I didn't find it.</p>\r\n<p>I'm using ISO 690 Numerical Extension in my work, and I'm trying to get no [] or ( ) in the in-text citation. I have reached in the xsl file, but I didn't find the solution. Can you help me?</p>\r\n<p>Thank you</p>\r\n<p>James</p>",
    "PostedDate": "2009-05-19T04:08:51.747-07:00",
    "UserRole": null,
    "MarkedAsAnswerDate": null
  },
  {
    "Id": "191840",
    "ThreadId": "31497",
    "Html": "<p>For replacing brackets in non-BibWord styles, see the general information at <a href=\"http://bibword.codeplex.com/Wiki/View.aspx?title=FAQ#Q6\">http://bibword.codeplex.com/Wiki/View.aspx?title=FAQ#Q6</a></p>\r\n<p>For ISO 690, you can look at the version at <a href=\"http://bibword.codeplex.com/Release/ProjectReleases.aspx?ReleaseId=14646\">http://bibword.codeplex.com/Release/ProjectReleases.aspx?ReleaseId=14646</a>&nbsp;which has square brackets. The brackets are displayed using &quot;&lt;xsl:text&gt;[&lt;/xsl:text&gt;&quot; and &quot;&lt;xsl:text&gt;]&lt;/xsl:text&gt;&quot;. Removing those should get you what you want.</p>",
    "PostedDate": "2009-05-19T04:17:25.52-07:00",
    "UserRole": null,
    "MarkedAsAnswerDate": null
  },
  {
    "Id": "191849",
    "ThreadId": "31497",
    "Html": "<p>Thank you, Yves!!! It works!</p>\r\n<p>James</p>",
    "PostedDate": "2009-05-19T04:33:57.047-07:00",
    "UserRole": null,
    "MarkedAsAnswerDate": null
  }
]