[
  {
    "Id": "693381",
    "ThreadId": "278226",
    "Html": "\r\n<p>Hey all,</p>\r\n<p>Just wanted to drop a line saying both &quot;Thanks!&quot; for the awesome styles, and that I have adapted the Vancouver format for use in the journal\r\n<em>Biomaterials</em>. &nbsp;I'm sure there are still flaws in it, but this fixes the main problems related to in-text citation style, bibliography numbering style, and the page style (gets rid of the &quot;p.&quot; before the numbers). &nbsp;It also adds a period in\r\n a couple of places where they were previously missing. &nbsp;It can be downloaded from my\r\n<a title=\"Modified Vancouver citation format\" href=\"http://pkbowen.blogspot.com/2011/11/modified-vancouver-citation-format-for.html\">\r\nblog post</a> for those who are interested.</p>\r\n<p>All the best,<br>\r\nPatrick Bowen<br>\r\nGraduate Student<br>\r\nMichigan Technological University</p>\r\n",
    "PostedDate": "2011-11-03T08:32:26.697-07:00",
    "UserRole": null,
    "MarkedAsAnswerDate": null
  }
]