[
  {
    "Id": "181025",
    "ThreadId": "53774",
    "Html": "Hi....<br>\r\n<br>\r\n1. is it possible to have in the text only citations containing the tag?<br>\r\n<br>\r\nExample: Bla bla text it s it [Tag99] bla balb.<br>\r\n<br>\r\n2. i want the [Tag99] to be also displayed in the Bibliography and this one should be sorted ascending after tag<br>\r\n3. i want after [Tag99] a tab such that every entry is nicely aligned<br>\r\n<br>\r\nP.S.: Is there any XML that I can use to have this result like here http://www.tutorialsforopenoffice.org/tutorial/Bibliographies_html_7a4447e1.gif ? Thanks\r\n",
    "PostedDate": "2009-04-19T10:51:42.47-07:00",
    "UserRole": null,
    "MarkedAsAnswerDate": null
  },
  {
    "Id": "181056",
    "ThreadId": "53774",
    "Html": "<ol>\r\n    <li>Yes. BibWord allows you to format your style to anything you want.</li>\r\n    <li>No problem. Just use %Tag% as sortkey.</li>\r\n    <li>No problem. But you might want to consider a two column solution here. The use of tabs to achieve alignment gets messy when you have tags which are longer than one tab.\r\n    <p>An example with tabs going messy:</p>\r\n    <p>[Tag99] Short tag followed by a tab.<br>\r\n    [Tag2009] Longer tag followed by a tab.</p>\r\n    <p>An example with tables:</p>\r\n    <table>\r\n        <tbody>\r\n            <tr>\r\n                <td>[Tag99]</td>\r\n                <td></td>\r\n                <td>Short tag.</td>\r\n            </tr>\r\n            <tr>\r\n                <td>[Tag2009]</td>\r\n                <td></td>\r\n                <td>Longer tag.</td>\r\n            </tr>\r\n        </tbody>\r\n    </table>\r\n    <p>In Word you can drag the column divider in tables or you can set the cell margin to simulate your tab so tables are a better way to go.</p>\r\n    </li>\r\n</ol>\r\n<p>There currently is no stylesheet for what you want, but you can easily create one yourself using BibWord. You can find the latest version (including a help manual) <a href=\"http://bibliography.codeplex.com/Release/ProjectReleases.aspx?ReleaseId=23850\">here</a>. Based on your example, a very basic BibWord data element could look as follows:</p>\r\n<p><span style=\"font-family:'courier new';color:#0000ff;font-size:10pt\">  &lt;</span><span style=\"font-family:'courier new';color:#2b91af;font-size:10pt\">xsl:variable</span> <span style=\"font-family:'courier new';color:#ff0000;font-size:10pt\">name</span><span style=\"font-family:'courier new';color:#0000ff;font-size:10pt\">=</span><span style=\"font-family:'courier new';font-size:10pt\">&quot;<span style=\"color:#0000ff\">data</span>&quot;<span style=\"color:#0000ff\">&gt;<br>\r\n    &lt;</span><span style=\"color:#a31515\">general</span><span style=\"color:#0000ff\">&gt;<br>\r\n      &lt;</span><span style=\"color:#a31515\">stylename</span><span style=\"color:#0000ff\">&gt;</span>Tag Style<span style=\"color:#0000ff\">&lt;/</span><span style=\"color:#a31515\">stylename</span><span style=\"color:#0000ff\">&gt;<br>\r\n      &lt;</span><span style=\"color:#a31515\">version</span><span style=\"color:#0000ff\">&gt;</span>2009.04.20<span style=\"color:#0000ff\">&lt;/</span><span style=\"color:#a31515\">version</span><span style=\"color:#0000ff\">&gt;<br>\r\n      &lt;</span><span style=\"color:#a31515\">author</span><span style=\"color:#0000ff\">&gt;</span>Yves Dhondt<span style=\"color:#0000ff\">&lt;/</span><span style=\"color:#a31515\">author</span><span style=\"color:#0000ff\">&gt;<br>\r\n      &lt;</span><span style=\"color:#a31515\">description</span><span style=\"color:#0000ff\">&gt;</span>An example style with tags.<span style=\"color:#0000ff\">&lt;/</span><span style=\"color:#a31515\">description</span><span style=\"color:#0000ff\">&gt;<br>\r\n      &lt;</span><span style=\"color:#a31515\">comments</span><span style=\"color:#0000ff\">&gt;</span>An example style with tags.<span style=\"color:#0000ff\">&lt;/</span><span style=\"color:#a31515\">comments</span><span style=\"color:#0000ff\">&gt;<br>\r\n      &lt;</span><span style=\"color:#a31515\">display_errors</span><span style=\"color:#0000ff\">&gt;</span>yes<span style=\"color:#0000ff\">&lt;/</span><span style=\"color:#a31515\">display_errors</span><span style=\"color:#0000ff\">&gt;<br>\r\n      &lt;</span><span style=\"color:#a31515\">citation_as_link</span><span style=\"color:#0000ff\">&gt;</span>no<span style=\"color:#0000ff\">&lt;/</span><span style=\"color:#a31515\">citation_as_link</span><span style=\"color:#0000ff\">&gt;<br>\r\n    &lt;/</span><span style=\"color:#a31515\">general</span><span style=\"color:#0000ff\">&gt;<br>\r\n    &lt;</span><span style=\"color:#a31515\">importantfields</span><span style=\"color:#0000ff\">&gt;<br>\r\n      &lt;</span><span style=\"color:#a31515\">source</span> <span style=\"color:#ff0000\">type</span><span style=\"color:#0000ff\">=</span>&quot;<span style=\"color:#0000ff\">Book</span>&quot;<span style=\"color:#0000ff\">&gt;<br>\r\n        &lt;</span><span style=\"color:#a31515\">b:ImportantField</span><span style=\"color:#0000ff\">&gt;</span>b:Author/b:Author/b:NameList<span style=\"color:#0000ff\">&lt;/</span><span style=\"color:#a31515\">b:ImportantField</span><span style=\"color:#0000ff\">&gt;<br>\r\n        &lt;</span><span style=\"color:#a31515\">b:ImportantField</span><span style=\"color:#0000ff\">&gt;</span>b:Title<span style=\"color:#0000ff\">&lt;/</span><span style=\"color:#a31515\">b:ImportantField</span><span style=\"color:#0000ff\">&gt;<br>\r\n        &lt;</span><span style=\"color:#a31515\">b:ImportantField</span><span style=\"color:#0000ff\">&gt;</span>b:Publisher<span style=\"color:#0000ff\">&lt;/</span><span style=\"color:#a31515\">b:ImportantField</span><span style=\"color:#0000ff\">&gt;<br>\r\n        &lt;</span><span style=\"color:#a31515\">b:ImportantField</span><span style=\"color:#0000ff\">&gt;</span>b:Year<span style=\"color:#0000ff\">&lt;/</span><span style=\"color:#a31515\">b:ImportantField</span><span style=\"color:#0000ff\">&gt;<br>\r\n        &lt;</span><span style=\"color:#a31515\">b:ImportantField</span><span style=\"color:#0000ff\">&gt;</span>b:StandardNumber<span style=\"color:#0000ff\">&lt;/</span><span style=\"color:#a31515\">b:ImportantField</span><span style=\"color:#0000ff\">&gt;<br>\r\n      &lt;/</span><span style=\"color:#a31515\">source</span><span style=\"color:#0000ff\">&gt;<br>\r\n    &lt;/</span><span style=\"color:#a31515\">importantfields</span><span style=\"color:#0000ff\">&gt;<br>\r\n    &lt;</span><span style=\"color:#a31515\">citation</span><span style=\"color:#0000ff\">&gt;<br>\r\n      &lt;</span><span style=\"color:#a31515\">openbracket</span><span style=\"color:#0000ff\">&gt;</span>[<span style=\"color:#0000ff\">&lt;/</span><span style=\"color:#a31515\">openbracket</span><span style=\"color:#0000ff\">&gt;<br>\r\n      &lt;</span><span style=\"color:#a31515\">closebracket</span><span style=\"color:#0000ff\">&gt;</span>]<span style=\"color:#0000ff\">&lt;/</span><span style=\"color:#a31515\">closebracket</span><span style=\"color:#0000ff\">&gt;<br>\r\n      &lt;</span><span style=\"color:#a31515\">separator</span><span style=\"color:#0000ff\">&gt;</span>,<span style=\"color:#0000ff\">&lt;/</span><span style=\"color:#a31515\">separator</span><span style=\"color:#0000ff\">&gt;<br>\r\n      &lt;</span><span style=\"color:#a31515\">source</span> <span style=\"color:#ff0000\">type</span><span style=\"color:#0000ff\">=</span>&quot;<span style=\"color:#0000ff\">Book</span>&quot;<span style=\"color:#0000ff\">&gt;<br>\r\n        </span><span style=\"font-family:'courier new';color:#0000ff;font-size:10pt\">&lt;</span><span style=\"font-family:'courier new';color:#a31515;font-size:10pt\">format</span><span style=\"font-family:'courier new';color:#0000ff;font-size:10pt\">&gt;</span><span style=\"font-family:'courier new';font-size:10pt\">%Tag%<span style=\"color:#0000ff\">&lt;/</span><span style=\"color:#a31515\">format</span><span style=\"color:#0000ff\">&gt;<br>\r\n      &lt;/</span><span style=\"color:#a31515\">source</span><span style=\"color:#0000ff\">&gt;<br>\r\n    &lt;/</span><span style=\"color:#a31515\">citation</span><span style=\"color:#0000ff\">&gt;<br>\r\n    </span><span style=\"font-family:'courier new';color:#0000ff;font-size:10pt\">&lt;</span><span style=\"font-family:'courier new';color:#a31515;font-size:10pt\">bibliography</span><span style=\"font-family:'courier new';color:#0000ff;font-size:10pt\">&gt;<br>\r\n      &lt;</span><span style=\"font-family:'courier new';color:#a31515;font-size:10pt\">columns</span><span style=\"font-family:'courier new';color:#0000ff;font-size:10pt\">&gt;</span><span style=\"font-family:'courier new';font-size:10pt\">2<span style=\"color:#0000ff\">&lt;/</span><span style=\"color:#a31515\">columns</span><span style=\"color:#0000ff\">&gt;<br>\r\n      &lt;</span><span style=\"color:#a31515\">source</span> <span style=\"color:#ff0000\">type</span><span style=\"color:#0000ff\">=</span>&quot;<span style=\"color:#0000ff\">Book</span>&quot;<span style=\"color:#0000ff\">&gt;<br>\r\n        &lt;</span><span style=\"color:#a31515\">column</span> <span style=\"color:#ff0000\">id</span><span style=\"color:#0000ff\">=</span>&quot;<span style=\"color:#0000ff\">1</span>&quot;<span style=\"color:#0000ff\">&gt;<br>\r\n          &lt;</span><span style=\"color:#a31515\">halign</span><span style=\"color:#0000ff\">&gt;</span>left<span style=\"color:#0000ff\">&lt;/</span><span style=\"color:#a31515\">halign</span><span style=\"color:#0000ff\">&gt;<br>\r\n          &lt;</span><span style=\"color:#a31515\">valign</span><span style=\"color:#0000ff\">&gt;</span>top<span style=\"color:#0000ff\">&lt;/</span><span style=\"color:#a31515\">valign</span><span style=\"color:#0000ff\">&gt;<br>\r\n          &lt;</span><span style=\"color:#a31515\">format</span><span style=\"color:#0000ff\">&gt;</span>%Tag%<span style=\"color:#0000ff\">&lt;/</span><span style=\"color:#a31515\">format</span><span style=\"color:#0000ff\">&gt;<br>\r\n        &lt;/</span><span style=\"color:#a31515\">column</span><span style=\"color:#0000ff\">&gt;<br>\r\n        &lt;</span><span style=\"color:#a31515\">column</span> <span style=\"color:#ff0000\">id</span><span style=\"color:#0000ff\">=</span>&quot;<span style=\"color:#0000ff\">2</span>&quot;<span style=\"color:#0000ff\">&gt;<br>\r\n          &lt;</span><span style=\"color:#a31515\">halign</span><span style=\"color:#0000ff\">&gt;</span>left<span style=\"color:#0000ff\">&lt;/</span><span style=\"color:#a31515\">halign</span><span style=\"color:#0000ff\">&gt;<br>\r\n          &lt;</span><span style=\"color:#a31515\">valign</span><span style=\"color:#0000ff\">&gt;</span>top<span style=\"color:#0000ff\">&lt;/</span><span style=\"color:#a31515\">valign</span><span style=\"color:#0000ff\">&gt;<br>\r\n          &lt;</span><span style=\"color:#a31515\">format</span><span style=\"color:#0000ff\">&gt;</span>{%Author:0%.}{ &quot;%Title|ShortTitle%&quot;.}{ %Publisher%.}{ %Year%}{ %StandardNumber%}<span style=\"color:#0000ff\">&lt;/</span><span style=\"color:#a31515\">format</span><span style=\"color:#0000ff\">&gt;<br>\r\n        &lt;/</span><span style=\"color:#a31515\">column</span><span style=\"color:#0000ff\">&gt;<br>\r\n        &lt;</span><span style=\"color:#a31515\">sortkey</span><span style=\"color:#0000ff\">&gt;</span>%Tag%<span style=\"color:#0000ff\">&lt;/</span><span style=\"color:#a31515\">sortkey</span><span style=\"color:#0000ff\">&gt;<br>\r\n      &lt;/</span><span style=\"color:#a31515\">source</span><span style=\"color:#0000ff\">&gt;<br>\r\n    &lt;/</span><span style=\"color:#a31515\">bibliography</span><span style=\"color:#0000ff\">&gt;<br>\r\n    &lt;</span><span style=\"color:#a31515\">namelists</span><span style=\"color:#0000ff\">&gt;<br>\r\n      &lt;</span><span style=\"color:#a31515\">list</span> <span style=\"color:#ff0000\">name</span><span style=\"color:#0000ff\">=</span>&quot;<span style=\"color:#0000ff\">author</span>&quot; <span style=\"color:#ff0000\">id</span><span style=\"color:#0000ff\">=</span>&quot;<span style=\"color:#0000ff\">0</span>&quot;<span style=\"color:#0000ff\">&gt;<br>\r\n        &lt;</span><span style=\"color:#a31515\">single_prefix</span><span style=\"color:#0000ff\">&gt;&lt;/</span><span style=\"color:#a31515\">single_prefix</span><span style=\"color:#0000ff\">&gt;<br>\r\n        &lt;</span><span style=\"color:#a31515\">multi_prefix</span><span style=\"color:#0000ff\">&gt;&lt;/</span><span style=\"color:#a31515\">multi_prefix</span><span style=\"color:#0000ff\">&gt;<br>\r\n        &lt;</span><span style=\"color:#a31515\">corporate</span><span style=\"color:#0000ff\">&gt;</span>{%Corporate%}<span style=\"color:#0000ff\">&lt;/</span><span style=\"color:#a31515\">corporate</span><span style=\"color:#0000ff\">&gt;<br>\r\n        &lt;</span><span style=\"color:#a31515\">first_person</span><span style=\"color:#0000ff\">&gt;</span>{{%First|Middle% {%Middle% }}%Last|First|Middle%}<span style=\"color:#0000ff\">&lt;/</span><span style=\"color:#a31515\">first_person</span><span style=\"color:#0000ff\">&gt;<br>\r\n        &lt;</span><span style=\"color:#a31515\">other_persons</span><span style=\"color:#0000ff\">&gt;</span>{{%First|Middle% {%Middle% }}%Last|First|Middle%}<span style=\"color:#0000ff\">&lt;/</span><span style=\"color:#a31515\">other_persons</span><span style=\"color:#0000ff\">&gt;<br>\r\n        &lt;</span><span style=\"color:#a31515\">separator_between_if_two</span><span style=\"color:#0000ff\">&gt; </span>and <span style=\"color:#0000ff\">&lt;/</span><span style=\"color:#a31515\">separator_between_if_two</span><span style=\"color:#0000ff\">&gt;<br>\r\n        &lt;</span><span style=\"color:#a31515\">separator_between_if_more_than_two</span><span style=\"color:#0000ff\">&gt;</span>, <span style=\"color:#0000ff\">&lt;/</span><span style=\"color:#a31515\">separator_between_if_more_than_two</span><span style=\"color:#0000ff\">&gt;<br>\r\n        &lt;</span><span style=\"color:#a31515\">separator_before_last</span><span style=\"color:#0000ff\">&gt;</span>, and <span style=\"color:#0000ff\">&lt;/</span><span style=\"color:#a31515\">separator_before_last</span><span style=\"color:#0000ff\">&gt;<br>\r\n        &lt;</span><span style=\"color:#a31515\">max_number_of_persons_to_display</span><span style=\"color:#0000ff\">&gt;</span>12<span style=\"color:#0000ff\">&lt;/</span><span style=\"color:#a31515\">max_number_of_persons_to_display</span><span style=\"color:#0000ff\">&gt;<br>\r\n        &lt;</span><span style=\"color:#a31515\">number_of_persons_to_display_if_more_than_max</span><span style=\"color:#0000ff\">&gt;</span>10<span style=\"color:#0000ff\">&lt;/</span><span style=\"color:#a31515\">number_of_persons_to_display_if_more_than_max</span><span style=\"color:#0000ff\">&gt;<br>\r\n        &lt;</span><span style=\"color:#a31515\">overflow</span><span style=\"color:#0000ff\">&gt;</span>, et al.<span style=\"color:#0000ff\">&lt;/</span><span style=\"color:#a31515\">overflow</span><span style=\"color:#0000ff\">&gt;<br>\r\n        &lt;</span><span style=\"color:#a31515\">single_suffix</span><span style=\"color:#0000ff\">&gt;&lt;/</span><span style=\"color:#a31515\">single_suffix</span><span style=\"color:#0000ff\">&gt;<br>\r\n        </span><span style=\"font-family:'courier new';color:#0000ff;font-size:10pt\">&lt;</span><span style=\"font-family:'courier new';color:#a31515;font-size:10pt\">multi_suffix</span><span style=\"font-family:'courier new';color:#0000ff;font-size:10pt\">&gt;&lt;/</span><span style=\"font-family:'courier new';color:#a31515;font-size:10pt\">multi_suffix</span><span style=\"font-family:'courier new';color:#0000ff;font-size:10pt\">&gt;<br>\r\n      &lt;/</span><span style=\"font-family:'courier new';color:#a31515;font-size:10pt\">list</span><span style=\"font-family:'courier new';color:#0000ff;font-size:10pt\">&gt;<br>\r\n    </span><span style=\"font-family:'courier new';color:#0000ff;font-size:10pt\">&lt;/</span><span style=\"font-family:'courier new';color:#a31515;font-size:10pt\">namelists</span><span style=\"font-family:'courier new';color:#0000ff;font-size:10pt\">&gt;<br>\r\n  &lt;/</span><span style=\"font-family:'courier new';color:#2b91af;font-size:10pt\">xsl:variable</span><span style=\"font-family:'courier new';color:#0000ff;font-size:10pt\">&gt;</span></span></span></span></p>\r\n<p>Your example would then be entered in Word as follows:</p>\r\n<ul>\r\n    <li style=\"font-size:13px\">Source type: Book</li>\r\n    <li style=\"font-size:13px\">Author: Clifford, Ashley W.;</li>\r\n    <li style=\"font-size:13px\">Title: The Ashley Book of Knots</li>\r\n    <li style=\"font-size:13px\">Year: 1944</li>\r\n    <li style=\"font-size:13px\">Publisher: Doubleday and Company</li>\r\n    <li style=\"font-size:13px\">Standard Number: 0-385-04025-3</li>\r\n</ul>\r\n<p>And the final result would look like:</p>\r\n<p>Citation: [Cli44]</p>\r\n<p>Bibliography:</p>\r\n<table style=\"width:100%\" border=0 cellpadding=0 width=\"100%\">\r\n    <tbody>\r\n        <tr>\r\n            <td valign=top>\r\n            <p style=\"margin:0cm 0cm 10pt\"><span style=\"font-family:calibri\">Cli44 </span></p>\r\n            </td>\r\n            <td valign=top>\r\n            <p style=\"margin:0cm 0cm 10pt\"><span style=\"font-family:calibri\">Ashley W. Clifford. &quot;The Ashley Book of Knots&quot;. Doubleday and Company. 1944 0-385-04025-3</span> </p>\r\n            </td>\r\n        </tr>\r\n    </tbody>\r\n</table>\r\n",
    "PostedDate": "2009-04-19T15:21:35.583-07:00",
    "UserRole": null,
    "MarkedAsAnswerDate": null
  },
  {
    "Id": "181384",
    "ThreadId": "53774",
    "Html": "Thanks for your help! It realy works great!<br><br>This community is top!<br><br><div>On Mon, Apr 20, 2009 at 12:21 AM, Yves <span dir=ltr>&lt;<a href=\"mailto:notifications@codeplex.com\">notifications@codeplex.com</a>&gt;</span> wrote:<br>\r\n\r\n<blockquote style=\"margin:0pt 0pt 0pt 0.8ex;padding-left:1ex\">   <div> <p>From: Yves</p> <div><ol>\r\n    <li>Yes. BibWord allows you to format your style to anything you want.</li>\r\n    <li>No problem. Just use %Tag% as sortkey.</li>\r\n    <li>No problem. But you might want to consider a two column solution here. The use of tabs to achieve alignment gets messy when you have tags which are longer than one tab.\r\n    <p>An example with tabs going messy:</p>\r\n    <p>[Tag99] Short tag followed by a tab.<br>\r\n    [Tag2009] Longer tag followed by a tab.</p>\r\n    <p>An example with tables:</p>\r\n    <table>\r\n        <tbody>\r\n            <tr>\r\n                <td>[Tag99]</td>\r\n                <td></td>\r\n                <td>Short tag.</td>\r\n            </tr>\r\n            <tr>\r\n                <td>[Tag2009]</td>\r\n                <td></td>\r\n                <td>Longer tag.</td>\r\n            </tr>\r\n        </tbody>\r\n    </table>\r\n    <p>In Word you can drag the column divider in tables or you can set the cell margin to simulate your tab so tables are a better way to go.</p>\r\n    </li>\r\n</ol>\r\n<p>There currently is no stylesheet for what you want, but you can easily create one yourself using BibWord. You can find the latest version (including a help manual) <a href=\"http://bibliography.codeplex.com/Release/ProjectReleases.aspx?ReleaseId=23850\">here</a>. Based on your example, a very basic BibWord data element could look as follows:</p>\r\n\r\n\r\n<p><span style=\"font-family:'courier new';color:rgb(0, 0, 255);font-size:10pt\">  &lt;</span><span style=\"font-family:'courier new';color:rgb(43, 145, 175);font-size:10pt\">xsl:variable</span> <span style=\"font-family:'courier new';color:rgb(255, 0, 0);font-size:10pt\">name</span><span style=\"font-family:'courier new';color:rgb(0, 0, 255);font-size:10pt\">=</span><span style=\"font-family:'courier new';font-size:10pt\">&quot;<span style=\"color:rgb(0, 0, 255)\">data</span>&quot;<span style=\"color:rgb(0, 0, 255)\">&gt;<br>\r\n\r\n\r\n    &lt;</span><span style=\"color:rgb(163, 21, 21)\">general</span><span style=\"color:rgb(0, 0, 255)\">&gt;<br>\r\n      &lt;</span><span style=\"color:rgb(163, 21, 21)\">stylename</span><span style=\"color:rgb(0, 0, 255)\">&gt;</span>Tag Style<span style=\"color:rgb(0, 0, 255)\">&lt;/</span><span style=\"color:rgb(163, 21, 21)\">stylename</span><span style=\"color:rgb(0, 0, 255)\">&gt;<br>\r\n\r\n\r\n      &lt;</span><span style=\"color:rgb(163, 21, 21)\">version</span><span style=\"color:rgb(0, 0, 255)\">&gt;</span>2009.04.20<span style=\"color:rgb(0, 0, 255)\">&lt;/</span><span style=\"color:rgb(163, 21, 21)\">version</span><span style=\"color:rgb(0, 0, 255)\">&gt;<br>\r\n\r\n\r\n      &lt;</span><span style=\"color:rgb(163, 21, 21)\">author</span><span style=\"color:rgb(0, 0, 255)\">&gt;</span>Yves Dhondt<span style=\"color:rgb(0, 0, 255)\">&lt;/</span><span style=\"color:rgb(163, 21, 21)\">author</span><span style=\"color:rgb(0, 0, 255)\">&gt;<br>\r\n\r\n\r\n      &lt;</span><span style=\"color:rgb(163, 21, 21)\">description</span><span style=\"color:rgb(0, 0, 255)\">&gt;</span>An example style with tags.<span style=\"color:rgb(0, 0, 255)\">&lt;/</span><span style=\"color:rgb(163, 21, 21)\">description</span><span style=\"color:rgb(0, 0, 255)\">&gt;<br>\r\n\r\n\r\n      &lt;</span><span style=\"color:rgb(163, 21, 21)\">comments</span><span style=\"color:rgb(0, 0, 255)\">&gt;</span>An example style with tags.<span style=\"color:rgb(0, 0, 255)\">&lt;/</span><span style=\"color:rgb(163, 21, 21)\">comments</span><span style=\"color:rgb(0, 0, 255)\">&gt;<br>\r\n\r\n\r\n      &lt;</span><span style=\"color:rgb(163, 21, 21)\">display_errors</span><span style=\"color:rgb(0, 0, 255)\">&gt;</span>yes<span style=\"color:rgb(0, 0, 255)\">&lt;/</span><span style=\"color:rgb(163, 21, 21)\">display_errors</span><span style=\"color:rgb(0, 0, 255)\">&gt;<br>\r\n\r\n\r\n      &lt;</span><span style=\"color:rgb(163, 21, 21)\">citation_as_link</span><span style=\"color:rgb(0, 0, 255)\">&gt;</span>no<span style=\"color:rgb(0, 0, 255)\">&lt;/</span><span style=\"color:rgb(163, 21, 21)\">citation_as_link</span><span style=\"color:rgb(0, 0, 255)\">&gt;<br>\r\n\r\n\r\n    &lt;/</span><span style=\"color:rgb(163, 21, 21)\">general</span><span style=\"color:rgb(0, 0, 255)\">&gt;<br>\r\n    &lt;</span><span style=\"color:rgb(163, 21, 21)\">importantfields</span><span style=\"color:rgb(0, 0, 255)\">&gt;<br>\r\n      &lt;</span><span style=\"color:rgb(163, 21, 21)\">source</span> <span style=\"color:rgb(255, 0, 0)\">type</span><span style=\"color:rgb(0, 0, 255)\">=</span>&quot;<span style=\"color:rgb(0, 0, 255)\">Book</span>&quot;<span style=\"color:rgb(0, 0, 255)\">&gt;<br>\r\n\r\n\r\n        &lt;</span><span style=\"color:rgb(163, 21, 21)\">b:ImportantField</span><span style=\"color:rgb(0, 0, 255)\">&gt;</span>b:Author/b:Author/b:NameList<span style=\"color:rgb(0, 0, 255)\">&lt;/</span><span style=\"color:rgb(163, 21, 21)\">b:ImportantField</span><span style=\"color:rgb(0, 0, 255)\">&gt;<br>\r\n\r\n\r\n        &lt;</span><span style=\"color:rgb(163, 21, 21)\">b:ImportantField</span><span style=\"color:rgb(0, 0, 255)\">&gt;</span>b:Title<span style=\"color:rgb(0, 0, 255)\">&lt;/</span><span style=\"color:rgb(163, 21, 21)\">b:ImportantField</span><span style=\"color:rgb(0, 0, 255)\">&gt;<br>\r\n\r\n\r\n        &lt;</span><span style=\"color:rgb(163, 21, 21)\">b:ImportantField</span><span style=\"color:rgb(0, 0, 255)\">&gt;</span>b:Publisher<span style=\"color:rgb(0, 0, 255)\">&lt;/</span><span style=\"color:rgb(163, 21, 21)\">b:ImportantField</span><span style=\"color:rgb(0, 0, 255)\">&gt;<br>\r\n\r\n\r\n        &lt;</span><span style=\"color:rgb(163, 21, 21)\">b:ImportantField</span><span style=\"color:rgb(0, 0, 255)\">&gt;</span>b:Year<span style=\"color:rgb(0, 0, 255)\">&lt;/</span><span style=\"color:rgb(163, 21, 21)\">b:ImportantField</span><span style=\"color:rgb(0, 0, 255)\">&gt;<br>\r\n\r\n\r\n        &lt;</span><span style=\"color:rgb(163, 21, 21)\">b:ImportantField</span><span style=\"color:rgb(0, 0, 255)\">&gt;</span>b:StandardNumber<span style=\"color:rgb(0, 0, 255)\">&lt;/</span><span style=\"color:rgb(163, 21, 21)\">b:ImportantField</span><span style=\"color:rgb(0, 0, 255)\">&gt;<br>\r\n\r\n\r\n      &lt;/</span><span style=\"color:rgb(163, 21, 21)\">source</span><span style=\"color:rgb(0, 0, 255)\">&gt;<br>\r\n    &lt;/</span><span style=\"color:rgb(163, 21, 21)\">importantfields</span><span style=\"color:rgb(0, 0, 255)\">&gt;<br>\r\n    &lt;</span><span style=\"color:rgb(163, 21, 21)\">citation</span><span style=\"color:rgb(0, 0, 255)\">&gt;<br>\r\n      &lt;</span><span style=\"color:rgb(163, 21, 21)\">openbracket</span><span style=\"color:rgb(0, 0, 255)\">&gt;</span>[<span style=\"color:rgb(0, 0, 255)\">&lt;/</span><span style=\"color:rgb(163, 21, 21)\">openbracket</span><span style=\"color:rgb(0, 0, 255)\">&gt;<br>\r\n\r\n\r\n      &lt;</span><span style=\"color:rgb(163, 21, 21)\">closebracket</span><span style=\"color:rgb(0, 0, 255)\">&gt;</span>]<span style=\"color:rgb(0, 0, 255)\">&lt;/</span><span style=\"color:rgb(163, 21, 21)\">closebracket</span><span style=\"color:rgb(0, 0, 255)\">&gt;<br>\r\n\r\n\r\n      &lt;</span><span style=\"color:rgb(163, 21, 21)\">separator</span><span style=\"color:rgb(0, 0, 255)\">&gt;</span>,<span style=\"color:rgb(0, 0, 255)\">&lt;/</span><span style=\"color:rgb(163, 21, 21)\">separator</span><span style=\"color:rgb(0, 0, 255)\">&gt;<br>\r\n\r\n\r\n      &lt;</span><span style=\"color:rgb(163, 21, 21)\">source</span> <span style=\"color:rgb(255, 0, 0)\">type</span><span style=\"color:rgb(0, 0, 255)\">=</span>&quot;<span style=\"color:rgb(0, 0, 255)\">Book</span>&quot;<span style=\"color:rgb(0, 0, 255)\">&gt;<br>\r\n\r\n\r\n        </span><span style=\"font-family:'courier new';color:rgb(0, 0, 255);font-size:10pt\">&lt;</span><span style=\"font-family:'courier new';color:rgb(163, 21, 21);font-size:10pt\">format</span><span style=\"font-family:'courier new';color:rgb(0, 0, 255);font-size:10pt\">&gt;</span><span style=\"font-family:'courier new';font-size:10pt\">%Tag%<span style=\"color:rgb(0, 0, 255)\">&lt;/</span><span style=\"color:rgb(163, 21, 21)\">format</span><span style=\"color:rgb(0, 0, 255)\">&gt;<br>\r\n\r\n\r\n      &lt;/</span><span style=\"color:rgb(163, 21, 21)\">source</span><span style=\"color:rgb(0, 0, 255)\">&gt;<br>\r\n    &lt;/</span><span style=\"color:rgb(163, 21, 21)\">citation</span><span style=\"color:rgb(0, 0, 255)\">&gt;<br>\r\n    </span><span style=\"font-family:'courier new';color:rgb(0, 0, 255);font-size:10pt\">&lt;</span><span style=\"font-family:'courier new';color:rgb(163, 21, 21);font-size:10pt\">bibliography</span><span style=\"font-family:'courier new';color:rgb(0, 0, 255);font-size:10pt\">&gt;<br>\r\n\r\n\r\n      &lt;</span><span style=\"font-family:'courier new';color:rgb(163, 21, 21);font-size:10pt\">columns</span><span style=\"font-family:'courier new';color:rgb(0, 0, 255);font-size:10pt\">&gt;</span><span style=\"font-family:'courier new';font-size:10pt\">2<span style=\"color:rgb(0, 0, 255)\">&lt;/</span><span style=\"color:rgb(163, 21, 21)\">columns</span><span style=\"color:rgb(0, 0, 255)\">&gt;<br>\r\n\r\n\r\n      &lt;</span><span style=\"color:rgb(163, 21, 21)\">source</span> <span style=\"color:rgb(255, 0, 0)\">type</span><span style=\"color:rgb(0, 0, 255)\">=</span>&quot;<span style=\"color:rgb(0, 0, 255)\">Book</span>&quot;<span style=\"color:rgb(0, 0, 255)\">&gt;<br>\r\n\r\n\r\n        &lt;</span><span style=\"color:rgb(163, 21, 21)\">column</span> <span style=\"color:rgb(255, 0, 0)\">id</span><span style=\"color:rgb(0, 0, 255)\">=</span>&quot;<span style=\"color:rgb(0, 0, 255)\">1</span>&quot;<span style=\"color:rgb(0, 0, 255)\">&gt;<br>\r\n\r\n\r\n          &lt;</span><span style=\"color:rgb(163, 21, 21)\">halign</span><span style=\"color:rgb(0, 0, 255)\">&gt;</span>left<span style=\"color:rgb(0, 0, 255)\">&lt;/</span><span style=\"color:rgb(163, 21, 21)\">halign</span><span style=\"color:rgb(0, 0, 255)\">&gt;<br>\r\n\r\n\r\n          &lt;</span><span style=\"color:rgb(163, 21, 21)\">valign</span><span style=\"color:rgb(0, 0, 255)\">&gt;</span>top<span style=\"color:rgb(0, 0, 255)\">&lt;/</span><span style=\"color:rgb(163, 21, 21)\">valign</span><span style=\"color:rgb(0, 0, 255)\">&gt;<br>\r\n\r\n\r\n          &lt;</span><span style=\"color:rgb(163, 21, 21)\">format</span><span style=\"color:rgb(0, 0, 255)\">&gt;</span>%Tag%<span style=\"color:rgb(0, 0, 255)\">&lt;/</span><span style=\"color:rgb(163, 21, 21)\">format</span><span style=\"color:rgb(0, 0, 255)\">&gt;<br>\r\n\r\n\r\n        &lt;/</span><span style=\"color:rgb(163, 21, 21)\">column</span><span style=\"color:rgb(0, 0, 255)\">&gt;<br>\r\n        &lt;</span><span style=\"color:rgb(163, 21, 21)\">column</span> <span style=\"color:rgb(255, 0, 0)\">id</span><span style=\"color:rgb(0, 0, 255)\">=</span>&quot;<span style=\"color:rgb(0, 0, 255)\">2</span>&quot;<span style=\"color:rgb(0, 0, 255)\">&gt;<br>\r\n\r\n\r\n          &lt;</span><span style=\"color:rgb(163, 21, 21)\">halign</span><span style=\"color:rgb(0, 0, 255)\">&gt;</span>left<span style=\"color:rgb(0, 0, 255)\">&lt;/</span><span style=\"color:rgb(163, 21, 21)\">halign</span><span style=\"color:rgb(0, 0, 255)\">&gt;<br>\r\n\r\n\r\n          &lt;</span><span style=\"color:rgb(163, 21, 21)\">valign</span><span style=\"color:rgb(0, 0, 255)\">&gt;</span>top<span style=\"color:rgb(0, 0, 255)\">&lt;/</span><span style=\"color:rgb(163, 21, 21)\">valign</span><span style=\"color:rgb(0, 0, 255)\">&gt;<br>\r\n\r\n\r\n          &lt;</span><span style=\"color:rgb(163, 21, 21)\">format</span><span style=\"color:rgb(0, 0, 255)\">&gt;</span>{%Author:0%.}{ &quot;%Title|ShortTitle%&quot;.}{ %Publisher%.}{ %Year%}{ %StandardNumber%}<span style=\"color:rgb(0, 0, 255)\">&lt;/</span><span style=\"color:rgb(163, 21, 21)\">format</span><span style=\"color:rgb(0, 0, 255)\">&gt;<br>\r\n\r\n\r\n        &lt;/</span><span style=\"color:rgb(163, 21, 21)\">column</span><span style=\"color:rgb(0, 0, 255)\">&gt;<br>\r\n        &lt;</span><span style=\"color:rgb(163, 21, 21)\">sortkey</span><span style=\"color:rgb(0, 0, 255)\">&gt;</span>%Tag%<span style=\"color:rgb(0, 0, 255)\">&lt;/</span><span style=\"color:rgb(163, 21, 21)\">sortkey</span><span style=\"color:rgb(0, 0, 255)\">&gt;<br>\r\n\r\n\r\n      &lt;/</span><span style=\"color:rgb(163, 21, 21)\">source</span><span style=\"color:rgb(0, 0, 255)\">&gt;<br>\r\n    &lt;/</span><span style=\"color:rgb(163, 21, 21)\">bibliography</span><span style=\"color:rgb(0, 0, 255)\">&gt;<br>\r\n    &lt;</span><span style=\"color:rgb(163, 21, 21)\">namelists</span><span style=\"color:rgb(0, 0, 255)\">&gt;<br>\r\n      &lt;</span><span style=\"color:rgb(163, 21, 21)\">list</span> <span style=\"color:rgb(255, 0, 0)\">name</span><span style=\"color:rgb(0, 0, 255)\">=</span>&quot;<span style=\"color:rgb(0, 0, 255)\">author</span>&quot; <span style=\"color:rgb(255, 0, 0)\">id</span><span style=\"color:rgb(0, 0, 255)\">=</span>&quot;<span style=\"color:rgb(0, 0, 255)\">0</span>&quot;<span style=\"color:rgb(0, 0, 255)\">&gt;<br>\r\n\r\n\r\n        &lt;</span><span style=\"color:rgb(163, 21, 21)\">single_prefix</span><span style=\"color:rgb(0, 0, 255)\">&gt;&lt;/</span><span style=\"color:rgb(163, 21, 21)\">single_prefix</span><span style=\"color:rgb(0, 0, 255)\">&gt;<br>\r\n\r\n\r\n        &lt;</span><span style=\"color:rgb(163, 21, 21)\">multi_prefix</span><span style=\"color:rgb(0, 0, 255)\">&gt;&lt;/</span><span style=\"color:rgb(163, 21, 21)\">multi_prefix</span><span style=\"color:rgb(0, 0, 255)\">&gt;<br>\r\n\r\n\r\n        &lt;</span><span style=\"color:rgb(163, 21, 21)\">corporate</span><span style=\"color:rgb(0, 0, 255)\">&gt;</span>{%Corporate%}<span style=\"color:rgb(0, 0, 255)\">&lt;/</span><span style=\"color:rgb(163, 21, 21)\">corporate</span><span style=\"color:rgb(0, 0, 255)\">&gt;<br>\r\n\r\n\r\n        &lt;</span><span style=\"color:rgb(163, 21, 21)\">first_person</span><span style=\"color:rgb(0, 0, 255)\">&gt;</span>{{%First|Middle% {%Middle% }}%Last|First|Middle%}<span style=\"color:rgb(0, 0, 255)\">&lt;/</span><span style=\"color:rgb(163, 21, 21)\">first_person</span><span style=\"color:rgb(0, 0, 255)\">&gt;<br>\r\n\r\n\r\n        &lt;</span><span style=\"color:rgb(163, 21, 21)\">other_persons</span><span style=\"color:rgb(0, 0, 255)\">&gt;</span>{{%First|Middle% {%Middle% }}%Last|First|Middle%}<span style=\"color:rgb(0, 0, 255)\">&lt;/</span><span style=\"color:rgb(163, 21, 21)\">other_persons</span><span style=\"color:rgb(0, 0, 255)\">&gt;<br>\r\n\r\n\r\n        &lt;</span><span style=\"color:rgb(163, 21, 21)\">separator_between_if_two</span><span style=\"color:rgb(0, 0, 255)\">&gt; </span>and <span style=\"color:rgb(0, 0, 255)\">&lt;/</span><span style=\"color:rgb(163, 21, 21)\">separator_between_if_two</span><span style=\"color:rgb(0, 0, 255)\">&gt;<br>\r\n\r\n\r\n        &lt;</span><span style=\"color:rgb(163, 21, 21)\">separator_between_if_more_than_two</span><span style=\"color:rgb(0, 0, 255)\">&gt;</span>, <span style=\"color:rgb(0, 0, 255)\">&lt;/</span><span style=\"color:rgb(163, 21, 21)\">separator_between_if_more_than_two</span><span style=\"color:rgb(0, 0, 255)\">&gt;<br>\r\n\r\n\r\n        &lt;</span><span style=\"color:rgb(163, 21, 21)\">separator_before_last</span><span style=\"color:rgb(0, 0, 255)\">&gt;</span>, and <span style=\"color:rgb(0, 0, 255)\">&lt;/</span><span style=\"color:rgb(163, 21, 21)\">separator_before_last</span><span style=\"color:rgb(0, 0, 255)\">&gt;<br>\r\n\r\n\r\n        &lt;</span><span style=\"color:rgb(163, 21, 21)\">max_number_of_persons_to_display</span><span style=\"color:rgb(0, 0, 255)\">&gt;</span>12<span style=\"color:rgb(0, 0, 255)\">&lt;/</span><span style=\"color:rgb(163, 21, 21)\">max_number_of_persons_to_display</span><span style=\"color:rgb(0, 0, 255)\">&gt;<br>\r\n\r\n\r\n        &lt;</span><span style=\"color:rgb(163, 21, 21)\">number_of_persons_to_display_if_more_than_max</span><span style=\"color:rgb(0, 0, 255)\">&gt;</span>10<span style=\"color:rgb(0, 0, 255)\">&lt;/</span><span style=\"color:rgb(163, 21, 21)\">number_of_persons_to_display_if_more_than_max</span><span style=\"color:rgb(0, 0, 255)\">&gt;<br>\r\n\r\n\r\n        &lt;</span><span style=\"color:rgb(163, 21, 21)\">overflow</span><span style=\"color:rgb(0, 0, 255)\">&gt;</span>, et al.<span style=\"color:rgb(0, 0, 255)\">&lt;/</span><span style=\"color:rgb(163, 21, 21)\">overflow</span><span style=\"color:rgb(0, 0, 255)\">&gt;<br>\r\n\r\n\r\n        &lt;</span><span style=\"color:rgb(163, 21, 21)\">single_suffix</span><span style=\"color:rgb(0, 0, 255)\">&gt;&lt;/</span><span style=\"color:rgb(163, 21, 21)\">single_suffix</span><span style=\"color:rgb(0, 0, 255)\">&gt;<br>\r\n\r\n\r\n        </span><span style=\"font-family:'courier new';color:rgb(0, 0, 255);font-size:10pt\">&lt;</span><span style=\"font-family:'courier new';color:rgb(163, 21, 21);font-size:10pt\">multi_suffix</span><span style=\"font-family:'courier new';color:rgb(0, 0, 255);font-size:10pt\">&gt;&lt;/</span><span style=\"font-family:'courier new';color:rgb(163, 21, 21);font-size:10pt\">multi_suffix</span><span style=\"font-family:'courier new';color:rgb(0, 0, 255);font-size:10pt\">&gt;<br>\r\n\r\n\r\n      &lt;/</span><span style=\"font-family:'courier new';color:rgb(163, 21, 21);font-size:10pt\">list</span><span style=\"font-family:'courier new';color:rgb(0, 0, 255);font-size:10pt\">&gt;<br>\r\n    </span><span style=\"font-family:'courier new';color:rgb(0, 0, 255);font-size:10pt\">&lt;/</span><span style=\"font-family:'courier new';color:rgb(163, 21, 21);font-size:10pt\">namelists</span><span style=\"font-family:'courier new';color:rgb(0, 0, 255);font-size:10pt\">&gt;<br>\r\n\r\n\r\n  &lt;/</span><span style=\"font-family:'courier new';color:rgb(43, 145, 175);font-size:10pt\">xsl:variable</span><span style=\"font-family:'courier new';color:rgb(0, 0, 255);font-size:10pt\">&gt;</span></span></span></span></p>\r\n\r\n\r\n<p>Your example would then be entered in Word as follows:</p>\r\n<ul>\r\n    <li style=\"font-size:13px\">Source type: Book</li>\r\n    <li style=\"font-size:13px\">Author: Clifford, Ashley W.;</li>\r\n    <li style=\"font-size:13px\">Title: The Ashley Book of Knots</li>\r\n    <li style=\"font-size:13px\">Year: 1944</li>\r\n    <li style=\"font-size:13px\">Publisher: Doubleday and Company</li>\r\n    <li style=\"font-size:13px\">Standard Number: 0-385-04025-3</li>\r\n</ul>\r\n<p>And the final result would look like:</p>\r\n<p>Citation: [Cli44]</p>\r\n<p>Bibliography:</p>\r\n<table style=\"width:100%\" border=0 cellpadding=0 width=\"100%\">\r\n    <tbody>\r\n        <tr>\r\n            <td valign=top>\r\n            <p style=\"margin:0cm 0cm 10pt\"><span style=\"font-family:calibri\">Cli44 </span></p>\r\n            </td>\r\n            <td valign=top>\r\n            <p style=\"margin:0cm 0cm 10pt\"><span style=\"font-family:calibri\">Ashley W. Clifford. &quot;The Ashley Book of Knots&quot;. Doubleday and Company. 1944 0-385-04025-3</span> </p>\r\n            </td>\r\n        </tr>\r\n    </tbody>\r\n</table>\r\n</div><div> <div> <p>Read the <a href=\"http://bibliography.codeplex.com/Thread/View.aspx?ThreadId=53774&ANCHOR#Post181056\">full discussion online</a>.</p> <p>To add a post to this discussion, reply to this email (<a href=\"mailto:bibliography@discussions.codeplex.com?subject=[bibliography:53774]\">bibliography@discussions.codeplex.com</a>)</p>\r\n\r\n <p>To start a new discussion for this project, email <a href=\"mailto:bibliography@discussions.codeplex.com\">bibliography@discussions.codeplex.com</a></p> <p>You are receiving this email because you subscribed to this discussion on CodePlex. You can <a href=\"http://www.codeplex.com/site/discussions/thread/unsubscribe/53774\">unsubscribe</a> on codePlex.com.</p>\r\n\r\n <p>Please note: Images and attachments will be removed from emails. Any posts to this discussion will also be available online at <a href=\"http://codeplex.com\">codeplex.com</a></p> </div> </div></div> </blockquote>\r\n\r\n</div><br>",
    "PostedDate": "2009-04-20T09:47:03.847-07:00",
    "UserRole": null,
    "MarkedAsAnswerDate": null
  }
]