[
  {
    "Id": "616360",
    "ThreadId": "258529",
    "Html": "<p>I've disabled the autoformat options in Word to stop URLs automatically hyperlinking (becoming active) in my documents:</p>\n<p><a href=\"http://www.itechtalk.com/thread7327.html\">http://www.itechtalk.com/thread7327.html</a></p>\n<p>I've also tried edited the *.XSL file directly: <span style=\"color: blue;\">&nbsp;</span></p>\n<p><span style=\"color: blue;\">&lt;</span><span style=\"color: #a31515;\">citation_as_link</span><span style=\"color: blue;\">&gt;</span>yes<span style=\"color: blue;\">&lt;/</span><span style=\"color: #a31515;\">citation_as_link</span><span style=\"color: blue;\">&gt;</span></p>\n<p>to</p>\n<p><span style=\"color: blue;\">&lt;</span><span style=\"color: #a31515;\">citation_as_link</span><span style=\"color: blue;\">&gt;</span>no<span style=\"color: blue;\">&lt;/</span><span style=\"color: #a31515;\">citation_as_link</span><span style=\"color: blue;\">&gt;</span></p>\n<p><a title=\"http://bibword.codeplex.com/discussions/257707\" href=\"http://bibword.codeplex.com/discussions/257707\" target=\"_blank\">http://bibword.codeplex.com/discussions/257707</a></p>\n<p>Neither of these solutions have worked - even when combined. I've been editing the Harvard Anglia style. Citation_as_link is already set to no.</p>\n<p>There's three other instances of citation_as_link to be found in the *.XSL document that relate to \"when test\" and result in formatting the source to HTML.</p>\n<p>I've tried changing the value of the condition and removing these blocks of codes but again, nothing works.</p>\n<p>The hyperlinking of the the links in the Bibliography is a real problem for me. When I paste my document into a plain text file the links are pasted without the angular brackets.</p>",
    "PostedDate": "2011-05-22T02:08:21.857-07:00",
    "UserRole": null,
    "MarkedAsAnswerDate": null
  },
  {
    "Id": "616386",
    "ThreadId": "258529",
    "Html": "<p>The first link you provide does not work.</p>\r\n<p>What exactly are you trying to achieve? Your title makes me assume you are talking about URLs which are in your bibliography, yet the discussion you are pointing to is about linking in-text citations to bibliography entries. Could you clarify what you want to do?</p>\r\n<p>The citation_as_link feature is intended to link in-text citations to entries in the bibliography. It has nothing to do with formatting URLs present in your bibliography. The decision on wheter an URL is formatted as a hyperlink or not in your bibliography depends on the flags which are used after the URL variable in format strings. If there is an 'l' (so %URL:l%) then hyperlinks will be made, otherwise not. In the Harvard Anglia style that flag is set.</p>",
    "PostedDate": "2011-05-22T07:06:29.593-07:00",
    "UserRole": null,
    "MarkedAsAnswerDate": null
  },
  {
    "Id": "616399",
    "ThreadId": "258529",
    "Html": "<p>@yves:</p>\n<p><strong>First link:</strong></p>\n<p>You're correct about the first link not working though the link is valid. For some reason that entire website (http://www.itechtalk.com/) isn't loading. It was fine a few hours ago.</p>\n<p>To summarise, the link explained how to disable Word's automatic activation of URL's (i.e. converting a path to a hyperlink, underline and blue rather than plain text).</p>\n<p><strong>Regarding bibliography links:</strong></p>\n<p>Again, you're correct. I was talking about URLs in the bibliography and had overlooked the fact that the article of the second link was in relation to in-text citation.</p>\n<p>I've gone ahead and located five instances of</p>\n<pre>%URL:l</pre>\n<p>and replaced it with</p>\n<pre>%URL:</pre>\n<p><span style=\"color: #ff0000;\"><span style=\"color: #000000;\">Q1: Is the \":\" redundant? i.e. should I have deleting it with \"l\"?</span></span></p>\n<p>Yes, this removes the link but...</p>\n<p><span style=\"color: #ff0000;\"><strong>Q2: How do I remove the underline?</strong></span></p>\n<p><span style=\"color: #ff0000;\"><strong>Q3: How do apply the angular brackets to the URL?</strong></span> (I've tried manually adding them Word's source manager but the link doesn't show as a result).</p>\n<p>In case you're wondering why I'm being so particular, I'm simply trying to match the PLAIN TEXT Anglia format <em>exactly</em> :</p>\n<p><span><span style=\"font-size: 11.0pt; line-height: 115%; font-family: Calibri,sans-serif;\">BibWord, 2011. <em>&nbsp;</em></span></span><em>BibWord : Microsoft Word Citation and Bibliography styles - View Discussion</em><span><span style=\"font-size: 11.0pt; line-height: 115%; font-family: Calibri,sans-serif;\">. [online] Available at: &lt;</span></span>http://bibword.codeplex.com/<span><span style=\"font-size: 11.0pt; line-height: 115%; font-family: Calibri,sans-serif;\">&gt; <span>&nbsp;</span>[Accessed 22 May 2011].</span></span></p>\n<p><span><span style=\"font-size: 11.0pt; line-height: 115%; font-family: Calibri,sans-serif;\">Note the angular brackets without an underline or link.<br /></span></span></p>\n<p><strong>What I'm trying to achieve:</strong></p>\n<p>I have the one Word document that I want to be able to output two copies of by tweaking the anglia.xsl file.</p>\n<ol>\n<li>First copy is for an <em>electronic format</em> e.g. PDF: In-text citations and bibliography are linked. </li>\n<li>﻿Second copy is for <em>print</em>: In-text citations and bibliography are <span style=\"text-decoration: underline;\"> <strong>NOT</strong></span> linked. </li>\n</ol>\n<p>I can achieve this with your answers to questions 2 and 3.</p>\n<p><span style=\"color: #000000;\">Questions 1, 4 and 5 are not essential.</span></p>\n<ol> </ol>\n<p><strong>Regarding in-text citation:</strong></p>\n<p>I have changed the value of &lt;citation_as_link&gt; to yes but...</p>\n<p><span style=\"color: #000000;\">Q4: Can you make any recommendations on how make this look like a conventional URL? (i.e. underlined and blue)</span></p>\n<p><span style=\"color: #000000;\">Q5: In your experience, is it considered better practice or convention to leave the in-text link looking like plain text?</span></p>",
    "PostedDate": "2011-05-22T08:29:11.073-07:00",
    "UserRole": null,
    "MarkedAsAnswerDate": null
  }
]