[
  {
    "Id": "514222",
    "ThreadId": "232709",
    "Html": "\r\n<p>I want to have the citation tagsfor my master thesis like</p>\r\n<p>Lastname: Musterman</p>\r\n<p>Year: 2010</p>\r\n<p>Tag: [MUS2010]</p>\r\n<p>I allready build up a own citation style (greate solution besides, looking for something like that since while), but it seems something like display only the first 3 characters of the lastname is not possible.&nbsp; With abbreviation I can just display the\r\n first char.</p>\r\n<p>I helped me out in just using the %Tag% field from word and edit it for my needs, but I think this is not the best solution.</p>\r\n<p>An other think: Am I correct, to get automaticaly something like this:</p>\r\n<p>[MUS2010a]</p>\r\n<p>[MUS2010b]</p>\r\n<p>I have to use the external BibTool?</p>\r\n<p>Regards</p>\r\n<p>DerGraue</p>\r\n",
    "PostedDate": "2010-10-28T13:54:23.247-07:00",
    "UserRole": null,
    "MarkedAsAnswerDate": null
  },
  {
    "Id": "514388",
    "ThreadId": "232709",
    "Html": "\r\n<p>There is currently no way to generate an abbreviation which takes only the first 3 letters of a name. If you want such functionality, you would have to extend</p>\r\n<div style=\"color:black; background-color:white\">\r\n<pre><span style=\"color:blue\">&lt;</span><span style=\"color:#a31515\">xsl</span><span style=\"color:blue\">:</span><span style=\"color:#a31515\">template</span> <span style=\"color:red\">name</span><span style=\"color:blue\">=</span><span style=\"color:black\">&quot;</span><span style=\"color:blue\">format-person-part-3</span><span style=\"color:black\">&quot;</span><span style=\"color:blue\">&gt;</span>\r\n</pre>\r\n</div>\r\n<p>There you could for example override the casing:</p>\r\n<div style=\"color:black; background-color:white\">\r\n<pre><span style=\"color:blue\">&lt;</span><span style=\"color:#a31515\">xsl</span><span style=\"color:blue\">:</span><span style=\"color:#a31515\">variable</span> <span style=\"color:red\">name</span><span style=\"color:blue\">=</span><span style=\"color:black\">&quot;</span><span style=\"color:blue\">case</span><span style=\"color:black\">&quot;</span><span style=\"color:blue\">&gt;</span>\r\n  <span style=\"color:blue\">&lt;</span><span style=\"color:#a31515\">xsl</span><span style=\"color:blue\">:</span><span style=\"color:#a31515\">choose</span><span style=\"color:blue\">&gt;</span>\r\n    <span style=\"color:blue\">&lt;</span><span style=\"color:#a31515\">xsl</span><span style=\"color:blue\">:</span><span style=\"color:#a31515\">when</span> <span style=\"color:red\">test</span><span style=\"color:blue\">=</span><span style=\"color:black\">&quot;</span><span style=\"color:blue\">contains($options, 'u')</span><span style=\"color:black\">&quot;</span><span style=\"color:blue\">&gt;</span>\r\n      <span style=\"color:blue\">&lt;</span><span style=\"color:#a31515\">xsl</span><span style=\"color:blue\">:</span><span style=\"color:#a31515\">call-template</span> <span style=\"color:red\">name</span><span style=\"color:blue\">=</span><span style=\"color:black\">&quot;</span><span style=\"color:blue\">upper-case</span><span style=\"color:black\">&quot;</span><span style=\"color:blue\">&gt;</span>\r\n        <span style=\"color:blue\">&lt;</span><span style=\"color:#a31515\">xsl</span><span style=\"color:blue\">:</span><span style=\"color:#a31515\">with-param</span> <span style=\"color:red\">name</span><span style=\"color:blue\">=</span><span style=\"color:black\">&quot;</span><span style=\"color:blue\">string</span><span style=\"color:black\">&quot;</span> <span style=\"color:red\">select</span><span style=\"color:blue\">=</span><span style=\"color:black\">&quot;</span><span style=\"color:blue\">$person/*[local-name() = $name]</span><span style=\"color:black\">&quot;</span><span style=\"color:blue\">/&gt;</span>\r\n\t  <span style=\"color:blue\">&lt;/</span><span style=\"color:#a31515\">xsl</span><span style=\"color:blue\">:</span><span style=\"color:#a31515\">call-template</span><span style=\"color:blue\">&gt;</span>\r\n    <span style=\"color:blue\">&lt;/</span><span style=\"color:#a31515\">xsl</span><span style=\"color:blue\">:</span><span style=\"color:#a31515\">when</span><span style=\"color:blue\">&gt;</span>\r\n    <span style=\"color:blue\">&lt;</span><span style=\"color:#a31515\">xsl</span><span style=\"color:blue\">:</span><span style=\"color:#a31515\">when</span> <span style=\"color:red\">test</span><span style=\"color:blue\">=</span><span style=\"color:black\">&quot;</span><span style=\"color:blue\">contains($options, 'l')</span><span style=\"color:black\">&quot;</span><span style=\"color:blue\">&gt;</span>\r\n      <span style=\"color:blue\">&lt;</span><span style=\"color:#a31515\">xsl</span><span style=\"color:blue\">:</span><span style=\"color:#a31515\">call-template</span> <span style=\"color:red\">name</span><span style=\"color:blue\">=</span><span style=\"color:black\">&quot;</span><span style=\"color:blue\">lower-case</span><span style=\"color:black\">&quot;</span><span style=\"color:blue\">&gt;</span>\r\n        <span style=\"color:blue\">&lt;</span><span style=\"color:#a31515\">xsl</span><span style=\"color:blue\">:</span><span style=\"color:#a31515\">with-param</span> <span style=\"color:red\">name</span><span style=\"color:blue\">=</span><span style=\"color:black\">&quot;</span><span style=\"color:blue\">string</span><span style=\"color:black\">&quot;</span> <span style=\"color:red\">select</span><span style=\"color:blue\">=</span><span style=\"color:black\">&quot;</span><span style=\"color:blue\">$person/*[local-name() = $name]</span><span style=\"color:black\">&quot;</span><span style=\"color:blue\">/&gt;</span>\r\n      <span style=\"color:blue\">&lt;/</span><span style=\"color:#a31515\">xsl</span><span style=\"color:blue\">:</span><span style=\"color:#a31515\">call-template</span><span style=\"color:blue\">&gt;</span>\r\n    <span style=\"color:blue\">&lt;/</span><span style=\"color:#a31515\">xsl</span><span style=\"color:blue\">:</span><span style=\"color:#a31515\">when</span><span style=\"color:blue\">&gt;</span>\r\n    <span style=\"color:blue\">&lt;</span><span style=\"color:#a31515\">xsl</span><span style=\"color:blue\">:</span><span style=\"color:#a31515\">otherwise</span><span style=\"color:blue\">&gt;</span>\r\n      <span style=\"color:blue\">&lt;</span><span style=\"color:#a31515\">xsl</span><span style=\"color:blue\">:</span><span style=\"color:#a31515\">value-of</span> <span style=\"color:red\">select</span><span style=\"color:blue\">=</span><span style=\"color:black\">&quot;</span><span style=\"color:blue\">$person/*[local-name() = $name]</span><span style=\"color:black\">&quot;</span><span style=\"color:blue\">/&gt;</span>\r\n    <span style=\"color:blue\">&lt;/</span><span style=\"color:#a31515\">xsl</span><span style=\"color:blue\">:</span><span style=\"color:#a31515\">otherwise</span><span style=\"color:blue\">&gt;</span>\r\n  <span style=\"color:blue\">&lt;/</span><span style=\"color:#a31515\">xsl</span><span style=\"color:blue\">:</span><span style=\"color:#a31515\">choose</span><span style=\"color:blue\">&gt;</span>\r\n<span style=\"color:blue\">&lt;/</span><span style=\"color:#a31515\">xsl</span><span style=\"color:blue\">:</span><span style=\"color:#a31515\">variable</span><span style=\"color:blue\">&gt;</span>\r\n</pre>\r\n</div>\r\n<p>And add an extra check. You could implement the option &quot;z&quot; for example which gets a 3 character substring.</p>\r\n<div style=\"color:black; background-color:white\">\r\n<pre><span style=\"color:blue\">&lt;</span><span style=\"color:#a31515\">xsl</span><span style=\"color:blue\">:</span><span style=\"color:#a31515\">when</span> <span style=\"color:red\">test</span><span style=\"color:blue\">=</span><span style=\"color:black\">&quot;</span><span style=\"color:blue\">contains($options, 'z')</span><span style=\"color:black\">&quot;</span><span style=\"color:blue\">&gt;</span>\r\n  <span style=\"color:blue\">&lt;</span><span style=\"color:#a31515\">xsl</span><span style=\"color:blue\">:</span><span style=\"color:#a31515\">value-of</span> <span style=\"color:red\">select</span><span style=\"color:blue\">=</span><span style=\"color:black\">&quot;</span><span style=\"color:blue\">substring($person/*[local-name() = $name],1,3)</span><span style=\"color:black\">&quot;</span><span style=\"color:blue\">/&gt;</span>\r\n<span style=\"color:blue\">&lt;/</span><span style=\"color:#a31515\">xsl</span><span style=\"color:blue\">:</span><span style=\"color:#a31515\">when</span><span style=\"color:blue\">&gt;</span>\r\n</pre>\r\n</div>\r\n<p>You could wrap the middle line in a capitalization call to ensure the letters are uppercase if that is what you wanted.</p>\r\n<p>To get&nbsp;suffixes after the year you would indeed need the BibWord Extender and add the necessary format strings to your style.</p>\r\n",
    "PostedDate": "2010-10-28T23:53:42.783-07:00",
    "UserRole": null,
    "MarkedAsAnswerDate": null
  },
  {
    "Id": "515194",
    "ThreadId": "232709",
    "Html": "\r\n<p>Thanks for the reply. This works great. Minor problem with corporate, I also only use the first chars here, but for example, if I use several articles from wikipedia I get this:</p>\r\n<p>[WIK2010]</p>\r\n<p>[WIK2010]</p>\r\n<p>So my idea was to use only 2 chars from corp and the first char from the title (which works great with names), but this is not possible in the &lt;corporate&gt; tag.</p>\r\n<p>Another thing, The extender is not working. I set up the citations fileds like:</p>\r\n<p>&nbsp;</p>\r\n<div style=\"color:black; background-color:white\">\r\n<pre><span style=\"color:blue\">&lt;</span><span style=\"color:#a31515\">source</span> <span style=\"color:red\">type</span><span style=\"color:blue\">=</span><span style=\"color:blue\">&quot;Book&quot;</span><span style=\"color:blue\">&gt;</span>\r\n<span style=\"color:blue\">&lt;</span><span style=\"color:#a31515\">format</span><span style=\"color:blue\">&gt;</span>{%CitationPrefix%}{%Author:1|Editor:1|&quot;Anon.&quot;%}{%Year|&quot;n.d.&quot;%}{%YearSuffix%}{, %CitationPages:p.:pp.:a2%}{%CitationSuffix%}<span style=\"color:blue\">&lt;/</span><span style=\"color:#a31515\">format</span><span style=\"color:blue\">&gt;</span>\r\n<span style=\"color:blue\">&lt;/</span><span style=\"color:#a31515\">source</span><span style=\"color:blue\">&gt;</span>\r\n<br>under extensions it is like:<br><div style=\"color:black; background-color:white\"><pre> <span style=\"color:blue\">&lt;</span><span style=\"color:#a31515\">source</span> <span style=\"color:red\">type</span><span style=\"color:blue\">=</span><span style=\"color:blue\">&quot;Book&quot;</span><span style=\"color:blue\">&gt;</span>\r\n        <span style=\"color:blue\">&lt;</span><span style=\"color:#a31515\">yearsuffix</span><span style=\"color:blue\">&gt;</span>{%Author:0%}{%Year%}<span style=\"color:blue\">&lt;/</span><span style=\"color:#a31515\">yearsuffix</span><span style=\"color:blue\">&gt;</span>\r\n <span style=\"color:blue\">&lt;/</span><span style=\"color:#a31515\">source</span><span style=\"color:blue\">&gt;</span>\r\n</pre>\r\n</div>\r\nBut the extender didn't add something to the citation tags (a, b, c).<br><br></pre>\r\n</div>\r\n<p>&nbsp;</p>\r\n<p>&nbsp;</p>\r\n",
    "PostedDate": "2010-10-31T13:14:17.43-07:00",
    "UserRole": null,
    "MarkedAsAnswerDate": null
  },
  {
    "Id": "515331",
    "ThreadId": "232709",
    "Html": "\r\n<p>You could overwrite</p>\r\n<div style=\"color:black; background-color:white\">\r\n<pre><span style=\"color:blue\">&lt;</span><span style=\"color:#a31515\">xsl</span><span style=\"color:blue\">:</span><span style=\"color:#a31515\">template</span> <span style=\"color:red\">name</span><span style=\"color:blue\">=</span><span style=\"color:black\">&quot;</span><span style=\"color:blue\">format-corporate</span><span style=\"color:black\">&quot;</span><span style=\"color:blue\">&gt;</span>\r\n</pre>\r\n</div>\r\n<p>to do something similar for corporations as you did for normal authors. The thing is, you wouldn't have access to the title here by default. You could solve this by adding the title as an extra parameter to the template signature. So instead of</p>\r\n<div style=\"color:black; background-color:white\">\r\n<pre>  <span style=\"color:green\">&lt;!-- Formats a b:Corporate element. --&gt;</span>\r\n  <span style=\"color:blue\">&lt;</span><span style=\"color:#a31515\">xsl</span><span style=\"color:blue\">:</span><span style=\"color:#a31515\">template</span> <span style=\"color:red\">name</span><span style=\"color:blue\">=</span><span style=\"color:black\">&quot;</span><span style=\"color:blue\">format-corporate</span><span style=\"color:black\">&quot;</span><span style=\"color:blue\">&gt;</span>\r\n    <span style=\"color:green\">&lt;!-- The b:Corporate element to format. --&gt;</span>\r\n    <span style=\"color:blue\">&lt;</span><span style=\"color:#a31515\">xsl</span><span style=\"color:blue\">:</span><span style=\"color:#a31515\">param</span> <span style=\"color:red\">name</span><span style=\"color:blue\">=</span><span style=\"color:black\">&quot;</span><span style=\"color:blue\">corporate</span><span style=\"color:black\">&quot;</span><span style=\"color:blue\">/&gt;</span>\r\n    <span style=\"color:green\">&lt;!-- The format in which to display the b:Corporate element. --&gt;</span>\r\n    <span style=\"color:blue\">&lt;</span><span style=\"color:#a31515\">xsl</span><span style=\"color:blue\">:</span><span style=\"color:#a31515\">param</span> <span style=\"color:red\">name</span><span style=\"color:blue\">=</span><span style=\"color:black\">&quot;</span><span style=\"color:blue\">format</span><span style=\"color:black\">&quot;</span><span style=\"color:blue\">/&gt;</span>\r\n</pre>\r\n</div>\r\n<p>you would get</p>\r\n<div style=\"color:black; background-color:white\">\r\n<pre>  <span style=\"color:green\">&lt;!-- Formats a b:Corporate element. --&gt;</span>\r\n  <span style=\"color:blue\">&lt;</span><span style=\"color:#a31515\">xsl</span><span style=\"color:blue\">:</span><span style=\"color:#a31515\">template</span> <span style=\"color:red\">name</span><span style=\"color:blue\">=</span><span style=\"color:black\">&quot;</span><span style=\"color:blue\">format-corporate</span><span style=\"color:black\">&quot;</span><span style=\"color:blue\">&gt;</span>\r\n    <span style=\"color:green\">&lt;!-- The b:Corporate element to format. --&gt;</span>\r\n    <span style=\"color:blue\">&lt;</span><span style=\"color:#a31515\">xsl</span><span style=\"color:blue\">:</span><span style=\"color:#a31515\">param</span> <span style=\"color:red\">name</span><span style=\"color:blue\">=</span><span style=\"color:black\">&quot;</span><span style=\"color:blue\">corporate</span><span style=\"color:black\">&quot;</span><span style=\"color:blue\">/&gt;</span>\r\n    <span style=\"color:green\">&lt;!-- The b:Title element. --&gt;</span>\r\n    <span style=\"color:blue\">&lt;</span><span style=\"color:#a31515\">xsl</span><span style=\"color:blue\">:</span><span style=\"color:#a31515\">param</span> <span style=\"color:red\">name</span><span style=\"color:blue\">=</span><span style=\"color:black\">&quot;</span><span style=\"color:blue\">title</span><span style=\"color:black\">&quot;</span><span style=\"color:blue\">/&gt;</span>\r\n    <span style=\"color:green\">&lt;!-- The format in which to display the b:Corporate element. --&gt;</span>\r\n    <span style=\"color:blue\">&lt;</span><span style=\"color:#a31515\">xsl</span><span style=\"color:blue\">:</span><span style=\"color:#a31515\">param</span> <span style=\"color:red\">name</span><span style=\"color:blue\">=</span><span style=\"color:black\">&quot;</span><span style=\"color:blue\">format</span><span style=\"color:black\">&quot;</span><span style=\"color:blue\">/&gt;</span>\r\n</pre>\r\n</div>\r\n<p>And then&nbsp;the call to format-corporate should include the extra value. Note that you might have to do this at multiple levels to ensure the title trickles down to the format-corporate template.</p>\r\n<p>Have you refreshed all the fields in your document after running the Extender? The simplest way is by reopening your document in Word and then switching the style to a different style and back to the orginal one.</p>\r\n",
    "PostedDate": "2010-11-01T02:50:52.697-07:00",
    "UserRole": null,
    "MarkedAsAnswerDate": null
  }
]