[
  {
    "Id": "1468000",
    "ThreadId": "652923",
    "Html": "Hi,<br />\n<br />\nI just go Word 2016 and the MHRA style does not show up in the various folders I have tried to put it in.<br />\n<br />\nCan anyone please tell me where the bibliography files for Word 2016 should go?<br />\n<br />\nThanks.<br />\n<br />\nI have (just now) seen this post <a href=\"http://bibword.codeplex.com/discussions/640595\" rel=\"nofollow\">http://bibword.codeplex.com/discussions/640595</a> related to MHRA and Word 2016, but it all seems like another language to me and I have no idea what to even do with the code in the post.  Still, I'm, open to any help I can get.<br />\n",
    "PostedDate": "2016-03-25T11:08:36.57-07:00",
    "UserRole": null,
    "MarkedAsAnswerDate": null
  }
]