[
  {
    "Id": "1075488",
    "ThreadId": "452078",
    "Html": "Hello,\r<br />\nI downloaded the Harvard AGPS style and so far am impressed.\r<br />\nHowever I have noticed that there is no newspaper source:\r<br />\nIs this possible to be added?\r<br />\nThank you\r<br />\nboorgal\r<br />\n<br />\n<a href=\"http://public01.library.uow.edu.au/refcite/style-guides/html/\" rel=\"nofollow\">http://public01.library.uow.edu.au/refcite/style-guides/html/</a><br />\n",
    "PostedDate": "2013-08-01T02:55:09.27-07:00",
    "UserRole": null,
    "MarkedAsAnswerDate": null
  }
]