[
  {
    "Id": "767304",
    "ThreadId": "316261",
    "Html": "\r\n<p>Hi</p>\r\n<p>&nbsp;</p>\r\n<p>Has anyone edited any of the Harvard Referencing styles found through this website to suit the needs of Staffordshire University? There are 4 that I have loaded but none of them conform exactly to this uni and I am unaware of how to edit them to suit me\r\n needs.</p>\r\n<p>&nbsp;</p>\r\n<p>Thanks</p>\r\n<p>&nbsp;</p>\r\n<p>Steve</p>\r\n",
    "PostedDate": "2012-02-15T03:27:20.213-08:00",
    "UserRole": null,
    "MarkedAsAnswerDate": null
  }
]