[
  {
    "Id": "164478",
    "ThreadId": "49212",
    "Html": "I wish to use the style IEEE with tags, but would like to be able to add a page numbers to the in-text citations, e.g.: <br>\r\n<br>\r\n[TAG, p. 12] <br>\r\n<br>\r\nFor some reason I'm unable to &quot;edit citation&quot; upon clicking in Word. Also I would like to change the bold font. I have tried to edit the source myself, but havn't been able to get it to work. <br>\r\n",
    "PostedDate": "2009-03-04T11:55:27.573-08:00",
    "UserRole": null,
    "MarkedAsAnswerDate": null
  },
  {
    "Id": "164503",
    "ThreadId": "49212",
    "Html": "<p>Word shows different contextmenus depending on the underlying field. IEEE with tags uses hyperlinks to make the tags clickable (if you CTRL+click a tag, you will end up in the bibliography). To get the correct contextmenu to show, put your cursor between the last character of your tag and the closing square bracket. If you right click there, the &quot;Edit citation&quot; option will be available in the menu. If you don't want the links to be clickable, you can always deactivate it by changing:</p>\r\n<p><span style=\"font-size:10pt;color:#0000ff;font-family:'courier new'\">&lt;</span><span style=\"font-size:10pt;color:#2b91af;font-family:'courier new'\">xsl:variable</span> <span style=\"font-size:10pt;color:#ff0000;font-family:'courier new'\">name</span><span style=\"font-size:10pt;color:#0000ff;font-family:'courier new'\">=</span><span style=\"font-size:10pt;font-family:'courier new'\">&quot;<span style=\"color:#0000ff\">InTextCitationAsLink</span>&quot; <span style=\"color:#ff0000\">select</span><span style=\"color:#0000ff\">=</span>&quot;<span style=\"color:#0000ff\">'true'</span>&quot;<span style=\"color:#0000ff\"> /&gt;</span></span></p>\r\n<p>into</p>\r\n<p><span style=\"font-size:10pt;color:#0000ff;font-family:'courier new'\">&lt;</span><span style=\"font-size:10pt;color:#2b91af;font-family:'courier new'\">xsl:variable</span> <span style=\"font-size:10pt;color:#ff0000;font-family:'courier new'\">name</span><span style=\"font-size:10pt;color:#0000ff;font-family:'courier new'\">=</span><span style=\"font-size:10pt;font-family:'courier new'\">&quot;<span style=\"color:#0000ff\">InTextCitationAsLink</span>&quot; <span style=\"color:#ff0000\">select</span><span style=\"color:#0000ff\">=</span>&quot;<span style=\"color:#0000ff\">'false'</span>&quot;<span style=\"color:#0000ff\"> /&gt;</span></span></p>\r\n<p>Note that this is an extension of IEEE, so the &quot;pages&quot; option for citations is not implemented. If you want to add that option, you will have to change:</p>\r\n<p><span style=\"font-size:10pt;color:#0000ff;font-family:'courier new'\">&lt;!--</span><span style=\"font-size:10pt;color:#008000;font-family:'courier new'\"> Display in-text citation as link. </span><span style=\"font-size:10pt;color:#0000ff;font-family:'courier new'\">--&gt;<br>\r\n&lt;</span><span style=\"font-size:10pt;color:#2b91af;font-family:'courier new'\">xsl:when</span> <span style=\"font-size:10pt;color:#ff0000;font-family:'courier new'\">test</span><span style=\"font-size:10pt;color:#0000ff;font-family:'courier new'\">=</span><span style=\"font-size:10pt;font-family:'courier new'\">&quot;<span style=\"color:#0000ff\">$InTextCitationAsLink = 'true'</span>&quot;<span style=\"color:#0000ff\">&gt;<br>\r\n  &lt;</span><span style=\"color:#a31515\">a</span> <span style=\"color:#ff0000\">href</span><span style=\"color:#0000ff\">=</span>&quot;<span style=\"color:#0000ff\">#{/b:Citation/b:Source/b:Tag}</span>&quot;<span style=\"color:#0000ff\">&gt;<br>\r\n    &lt;</span><span style=\"color:#2b91af\">xsl:value-of</span> <span style=\"color:#ff0000\">select</span><span style=\"color:#0000ff\">=</span>&quot;<span style=\"color:#0000ff\">/b:Citation/b:Source/b:Tag</span>&quot;<span style=\"color:#0000ff\">/&gt;<br>\r\n  &lt;/</span><span style=\"color:#a31515\">a</span><span style=\"color:#0000ff\">&gt;<br>\r\n&lt;/</span><span style=\"color:#2b91af\">xsl:when</span><span style=\"color:#0000ff\">&gt;<br>\r\n&lt;!--</span><span style=\"color:#008000\"> Display in-text citation without link. </span><span style=\"color:#0000ff\">--&gt;<br>\r\n&lt;</span><span style=\"color:#2b91af\">xsl:otherwise</span><span style=\"color:#0000ff\">&gt;<br>\r\n  &lt;</span><span style=\"color:#2b91af\">xsl:value-of</span> <span style=\"color:#ff0000\">select</span><span style=\"color:#0000ff\">=</span>&quot;<span style=\"color:#0000ff\">/b:Citation/b:Source/b:Tag</span>&quot;<span style=\"color:#0000ff\">/&gt;<br>\r\n&lt;/</span><span style=\"color:#2b91af\">xsl:otherwise</span><span style=\"color:#0000ff\">&gt;</span></span></p>\r\n<p>into:</p>\r\n<p><span style=\"font-size:10pt;color:#0000ff;font-family:'courier new'\">&lt;!--</span><span style=\"font-size:10pt;color:#008000;font-family:'courier new'\"> Display in-text citation as link. </span><span style=\"font-size:10pt;color:#0000ff;font-family:'courier new'\">--&gt;<br>\r\n&lt;</span><span style=\"font-size:10pt;color:#2b91af;font-family:'courier new'\">xsl:when</span> <span style=\"font-size:10pt;color:#ff0000;font-family:'courier new'\">test</span><span style=\"font-size:10pt;color:#0000ff;font-family:'courier new'\">=</span><span style=\"font-size:10pt;font-family:'courier new'\">&quot;<span style=\"color:#0000ff\">$InTextCitationAsLink = 'true'</span>&quot;<span style=\"color:#0000ff\">&gt;<br>\r\n  &lt;</span><span style=\"color:#a31515\">a</span> <span style=\"color:#ff0000\">href</span><span style=\"color:#0000ff\">=</span>&quot;<span style=\"color:#0000ff\">#{/b:Citation/b:Source/b:Tag}</span>&quot;<span style=\"color:#0000ff\">&gt;<br>\r\n    &lt;</span><span style=\"color:#2b91af\">xsl:value-of</span> <span style=\"color:#ff0000\">select</span><span style=\"color:#0000ff\">=</span>&quot;<span style=\"color:#0000ff\">/b:Citation/b:Source/b:Tag</span>&quot;<span style=\"color:#0000ff\">/&gt;</span><br>\r\n    <span style=\"color:#0000ff\">&lt;</span><span style=\"color:#2b91af\">xsl:if</span> <span style=\"color:#ff0000\">test</span><span style=\"color:#0000ff\">=</span>&quot;<span style=\"color:#0000ff\">/b:Citation/b:Pages</span>&quot;<span style=\"color:#0000ff\">&gt;<br>\r\n      &lt;</span><span style=\"color:#2b91af\">xsl:text</span><span style=\"color:#0000ff\">&gt;</span>, p. <span style=\"color:#0000ff\">&lt;/</span><span style=\"color:#2b91af\">xsl:text</span><span style=\"color:#0000ff\">&gt;<br>\r\n      &lt;</span><span style=\"color:#2b91af\">xsl:value-of</span> <span style=\"color:#ff0000\">select</span><span style=\"color:#0000ff\">=</span>&quot;<span style=\"color:#0000ff\">/b:Citation/b:Pages</span>&quot;<span style=\"color:#0000ff\">/&gt;<br>\r\n    &lt;/</span><span style=\"color:#2b91af\">xsl:if</span><span style=\"color:#0000ff\">&gt;<br>\r\n  &lt;/</span><span style=\"color:#a31515\">a</span><span style=\"color:#0000ff\">&gt;<br>\r\n&lt;/</span><span style=\"color:#2b91af\">xsl:when</span><span style=\"color:#0000ff\">&gt;<br>\r\n&lt;!--</span><span style=\"color:#008000\"> Display in-text citation without link. </span><span style=\"color:#0000ff\">--&gt;<br>\r\n&lt;</span><span style=\"color:#2b91af\">xsl:otherwise</span><span style=\"color:#0000ff\">&gt;<br>\r\n  &lt;</span><span style=\"color:#2b91af\">xsl:value-of</span> <span style=\"color:#ff0000\">select</span><span style=\"color:#0000ff\">=</span>&quot;<span style=\"color:#0000ff\">/b:Citation/b:Source/b:Tag</span>&quot;<span style=\"color:#0000ff\">/&gt;<br>\r\n</span>  <span style=\"color:#0000ff\">&lt;</span><span style=\"color:#2b91af\">xsl:if</span> <span style=\"color:#ff0000\">test</span><span style=\"color:#0000ff\">=</span>&quot;<span style=\"color:#0000ff\">/b:Citation/b:Pages</span>&quot;<span style=\"color:#0000ff\">&gt;<br>\r\n    &lt;</span><span style=\"color:#2b91af\">xsl:text</span><span style=\"color:#0000ff\">&gt;</span>, p. <span style=\"color:#0000ff\">&lt;/</span><span style=\"color:#2b91af\">xsl:text</span><span style=\"color:#0000ff\">&gt;<br>\r\n    &lt;</span><span style=\"color:#2b91af\">xsl:value-of</span> <span style=\"color:#ff0000\">select</span><span style=\"color:#0000ff\">=</span>&quot;<span style=\"color:#0000ff\">/b:Citation/b:Pages</span>&quot;<span style=\"color:#0000ff\">/&gt;<br>\r\n  &lt;/</span><span style=\"color:#2b91af\">xsl:if</span><span style=\"color:#0000ff\">&gt;<br>\r\n&lt;/</span><span style=\"color:#2b91af\">xsl:otherwise</span><span style=\"color:#0000ff\">&gt;</span></span></p>\r\n<p>Does this solve your problems?</p>\r\n",
    "PostedDate": "2009-03-04T12:35:20.223-08:00",
    "UserRole": null,
    "MarkedAsAnswerDate": null
  },
  {
    "Id": "164663",
    "ThreadId": "49212",
    "Html": "It seems to work very well, thank you. The font however is still bold. Can I change this? <br>\r\n<br>\r\nThe next thing I would like to do is change the bibliography to look something like: <br>\r\n<br>\r\n[TAG] (tabulator) APA style<br>\r\n<br>\r\nI was thinking of copy/pasting what I need from the APA style into the IEEEwithtags. I see that the bibliography is currently using tables, but I would like to change it to tabs.<br>\r\n<br>\r\nThanks for your help.<br>\r\n",
    "PostedDate": "2009-03-04T23:27:49.477-08:00",
    "UserRole": null,
    "MarkedAsAnswerDate": null
  },
  {
    "Id": "164683",
    "ThreadId": "49212",
    "Html": "It seems the forum is rather unstable lately so messages tend to get lost when posting them.<br>\r\n<br>\r\nThe bold issue must be something with the style settings in Word. The IEEEwithTags style does not add any bold tags to its output. Do you have the issue with a blank document?<br>\r\n<br>\r\nIt might be easier to put parts from IEEEwithTags into APA than doing it the other way around.<br>\r\n<br>\r\n(The following will be a lot easier if you have an xml editor which allows you to find closing tags.)<br>\r\n<br>\r\n1)Create a copy of APA.xsl<br>\r\n2)Give your copy a new orginal name that will show up inside Word by replacing the OfficeStyleKey (see <a href=\"http://bibliography.codeplex.com/Wiki/View.aspx?title=FAQ#Q8\" title=\"http://bibliography.codeplex.com/Wiki/View.aspx?title=FAQ#Q8\">FAQ</a>).<br>\r\n3)Replace the way in-text citations are handled by looking for the following code: <br>\r\n<br>\r\n<span style=\"font-size:10pt;color:blue;font-family:'courier new'\">&lt;</span><span style=\"font-size:10pt;color:#2b91af;font-family:'courier new'\">xsl:when</span> <span style=\"font-size:10pt;color:red;font-family:'courier new'\">test</span><span style=\"font-size:10pt;color:blue;font-family:'courier new'\">=</span><span style=\"font-size:10pt;font-family:'courier new'\">&quot;<span style=\"color:blue\">b:Citation</span>&quot;<span style=\"color:blue\">&gt;<br>\r\n  </span>A whole bunch of code<span style=\"color:blue\"><br>\r\n&lt;/</span><span style=\"color:#2b91af\">xsl:when</span><span style=\"color:blue\">&gt;</span></span><br>\r\n<br>\r\nReplace it with the same section from IEEEwithTags. Now, under the line<br>\r\n<br>\r\n<span style=\"font-size:10pt;color:blue;font-family:'courier new'\">&lt;</span><span style=\"font-size:10pt;color:#2b91af;font-family:'courier new'\">xsl:when</span> <span style=\"font-size:10pt;color:red;font-family:'courier new'\">test</span><span style=\"font-size:10pt;color:blue;font-family:'courier new'\">=</span><span style=\"font-size:10pt;font-family:'courier new'\">&quot;<span style=\"color:blue\">b:Citation</span>&quot;<span style=\"color:blue\">&gt;</span></span><br>\r\n<br>\r\nAdd the following line underneath it:<br>\r\n<br>\r\n<span style=\"font-size:10pt;color:blue;font-family:'courier new'\">&lt;</span><span style=\"font-size:10pt;color:#2b91af;font-family:'courier new'\">xsl:variable</span> <span style=\"font-size:10pt;color:red;font-family:'courier new'\">name</span><span style=\"font-size:10pt;color:blue;font-family:'courier new'\">=</span><span style=\"font-size:10pt;font-family:'courier new'\">&quot;<span style=\"color:blue\">InTextCitationAsLink</span>&quot; <span style=\"color:red\">select</span><span style=\"color:blue\">=</span>&quot;<span style=\"color:blue\">'true'</span>&quot;<span style=\"color:blue\"> /&gt;</span></span><br>\r\n<br>\r\nNow is a good time to test if your in-text citations work as planned.<br>\r\n<br>\r\n4)Finally, add the tag and tab in front of every bibliography entry. Look for a piece of code looking like this:<br>\r\n<br>\r\n<span style=\"font-size:10pt;color:blue;font-family:'courier new'\">&lt;</span><span style=\"font-size:10pt;color:#2b91af;font-family:'courier new'\">xsl:attribute</span> <span style=\"font-size:10pt;color:red;font-family:'courier new'\">name</span><span style=\"font-size:10pt;color:blue;font-family:'courier new'\">=</span><span style=\"font-size:10pt;font-family:'courier new'\">&quot;<span style=\"color:blue\">class</span>&quot;<span style=\"color:blue\">&gt;<br>\r\n  &lt;</span><span style=\"color:#2b91af\">xsl:value-of</span> <span style=\"color:red\">select</span><span style=\"color:blue\">=</span>&quot;<span style=\"color:blue\">'MsoBibliography'</span>&quot;<span style=\"color:blue\">/&gt;<br>\r\n</span><span style=\"font-size:10pt;color:blue;font-family:'courier new'\">&lt;/</span><span style=\"font-size:10pt;color:#2b91af;font-family:'courier new'\">xsl:attribute</span><span style=\"font-size:10pt;color:blue;font-family:'courier new'\">&gt;</span></span><br>\r\n<br>\r\nAnd add the following code right underneath it:<br>\r\n<br>\r\n<span style=\"font-size:10pt;color:blue;font-family:'courier new'\">&lt;</span><span style=\"font-size:10pt;color:#2b91af;font-family:'courier new'\">xsl:text</span><span style=\"font-size:10pt;color:blue;font-family:'courier new'\">&gt;</span><span style=\"font-size:10pt;font-family:'courier new'\">[<span style=\"color:blue\">&lt;/</span><span style=\"color:#2b91af\">xsl:text</span><span style=\"color:blue\">&gt;<br>\r\n&lt;</span><span style=\"color:#a31515\">a</span> <span style=\"color:red\">name</span><span style=\"color:blue\">=</span>&quot;<span style=\"color:blue\">{./b:Tag}</span>&quot;<span style=\"color:blue\">&gt;<br>\r\n  &lt;</span><span style=\"color:#2b91af\">xsl:value-of</span> <span style=\"color:red\">select</span><span style=\"color:blue\">=</span>&quot;<span style=\"color:blue\">./b:Tag</span>&quot;<span style=\"color:blue\">/&gt;<br>\r\n&lt;/</span><span style=\"color:#a31515\">a</span><span style=\"color:blue\">&gt;<br>\r\n&lt;</span><span style=\"color:#2b91af\">xsl:text</span><span style=\"color:blue\">&gt;</span>]<span style=\"color:blue\">&lt;/</span><span style=\"color:#2b91af\">xsl:text</span><span style=\"color:blue\">&gt;</span><span style=\"font-size:11pt;font-family:'calibri','sans-serif'\"><br>\r\n</span><span style=\"font-size:10pt;color:blue;font-family:'courier new'\">&lt;</span><span style=\"font-size:10pt;color:#2b91af;font-family:'courier new'\">xsl:text</span> <span style=\"font-size:10pt;color:red;font-family:'courier new'\">disable-output-escaping</span><span style=\"font-size:10pt;color:blue;font-family:'courier new'\">=</span><span style=\"font-size:10pt;font-family:'courier new'\">&quot;<span style=\"color:blue\">yes</span>&quot;<span style=\"color:blue\">&gt;&lt;![CDATA[</span><span style=\"color:gray\">&amp;#x9;</span><span style=\"color:blue\">]]&gt;&lt;/</span><span style=\"color:#2b91af\">xsl:text</span><span style=\"color:blue\">&gt;</span></span></span><br>\r\n<br>\r\nNow your bibliography should display what you want.<br>\r\n<br>\r\nOn a closing note, using tabs with variable length tags makes it a lot harder to have alignment for the second line of a bibliography entry. And you can always fake tabs by dragging the the table column separator to the width of a tab (the border is invisible but the drag option will appear when you move over it).\r\n",
    "PostedDate": "2009-03-05T00:31:44.403-08:00",
    "UserRole": null,
    "MarkedAsAnswerDate": null
  },
  {
    "Id": "165742",
    "ThreadId": "49212",
    "Html": "Thank you for your help. I have been able to get most of it to work: <br>\r\n<br>\r\n1) Regarding the bold styles <br>\r\nThe problem seems to be with my template. When I disable the InTextCitationAsLink there is no problem. When it's enabled for some reason it links to a bold style that keeps reappearing when I update citations. The error doesn't appear in a blank document. <br>\r\n<br>\r\n2) <br>\r\nYou are absolutely right about the tab. I now have problems with alignment of the second a third line Do you have any suggestions on how to use tables? I have some problems with the wrapping of even small tags using the method from IEEEwithtags. <br>\r\n",
    "PostedDate": "2009-03-07T15:37:23.607-08:00",
    "UserRole": null,
    "MarkedAsAnswerDate": null
  },
  {
    "Id": "165778",
    "ThreadId": "49212",
    "Html": "Hi again, <br>\r\n<br>\r\nI solved the part about the tabs, so I don't get hanging lines. I simply modified the bibliography style to indent lines. <br>\r\n<br>\r\nIs it possible to sort the tags by alphabetical order instead of reforder? <br>\r\n",
    "PostedDate": "2009-03-08T01:03:33.087-08:00",
    "UserRole": null,
    "MarkedAsAnswerDate": null
  },
  {
    "Id": "165784",
    "ThreadId": "49212",
    "Html": "<p>To sort by tag rathere than reference order, look for the following line in IEEEwithTags:</p>\r\n<p><span style=\"font-size:10pt;color:#0000ff;font-family:'courier new'\">&lt;</span><span style=\"font-size:10pt;color:#2b91af;font-family:'courier new'\">xsl:sort</span> <span style=\"font-size:10pt;color:#ff0000;font-family:'courier new'\">select</span><span style=\"font-size:10pt;color:#0000ff;font-family:'courier new'\">=</span><span style=\"font-size:10pt;font-family:'courier new'\">&quot;<span style=\"color:#0000ff\">b:RefOrder</span>&quot; <span style=\"color:#ff0000\">data-type</span><span style=\"color:#0000ff\">=</span>&quot;<span style=\"color:#0000ff\">text</span>&quot;<span style=\"color:#0000ff\">/&gt;</span></span></p>\r\n<p>and change it into:</p>\r\n<span style=\"font-size:10pt;color:#0000ff;font-family:'courier new'\">&lt;</span><span style=\"font-size:10pt;color:#2b91af;font-family:'courier new'\">xsl:sort</span> <span style=\"font-size:10pt;color:#ff0000;font-family:'courier new'\">select</span><span style=\"font-size:10pt;color:#0000ff;font-family:'courier new'\">=</span><span style=\"font-size:10pt;font-family:'courier new'\">&quot;<span style=\"color:#0000ff\">b:Tag</span>&quot; <span style=\"color:#ff0000\">data-type</span><span style=\"color:#0000ff\">=</span>&quot;<span style=\"color:#0000ff\">text</span>&quot;<span style=\"color:#0000ff\">/&gt;</span></span><br>\r\n<p>If you worked with APA.xsl, you will have to look for the following line (appears twice):</p>\r\n<p><span style=\"font-size:10pt;color:#0000ff;font-family:'courier new'\">&lt;</span><span style=\"font-size:10pt;color:#2b91af;font-family:'courier new'\">xsl:sort</span> <span style=\"font-size:10pt;color:#ff0000;font-family:'courier new'\">select</span><span style=\"font-size:10pt;color:#0000ff;font-family:'courier new'\">=</span><span style=\"font-size:10pt;font-family:'courier new'\">&quot;<span style=\"color:#0000ff\">b:SortingString</span>&quot;<span style=\"color:#0000ff\"> /&gt;</span></span></p>\r\n<p>and change it into:</p>\r\n<p><span style=\"font-size:10pt;color:#0000ff;font-family:'courier new'\">&lt;</span><span style=\"font-size:10pt;color:#2b91af;font-family:'courier new'\">xsl:sort</span> <span style=\"font-size:10pt;color:#ff0000;font-family:'courier new'\">select</span><span style=\"font-size:10pt;color:#0000ff;font-family:'courier new'\">=</span><span style=\"font-size:10pt;font-family:'courier new'\">&quot;<span style=\"color:#0000ff\">b:Tag</span>&quot; <span style=\"color:#ff0000\">data-type</span><span style=\"color:#0000ff\">=</span>&quot;<span style=\"color:#0000ff\">text</span>&quot;<span style=\"color:#0000ff\">/&gt;</span></span></p>\r\n<p>I looked into the bold issue. It looks like the references are formatted using the balloon text format. No idea as to why it picks that format. You could change that style to never display bold, or you could just create a new character style and apply that to every citation you enter. Once a character style is applied to a citation, it will remain after an update. (For an example with superscript, see the third post at <a href=\"http://www.codeplex.com/bibliography/Thread/View.aspx?ThreadId=31497\">http://www.codeplex.com/bibliography/Thread/View.aspx?ThreadId=31497</a>)</p>\r\n",
    "PostedDate": "2009-03-08T03:33:40.69-07:00",
    "UserRole": null,
    "MarkedAsAnswerDate": null
  },
  {
    "Id": "165796",
    "ThreadId": "49212",
    "Html": "Thanks again, it worked great. <br>\r\n<br>\r\nIn my template the linked citations become formatted with the Heading 2 style, not the baloon - quite strange. For now I will solve it using no links. <br>\r\n",
    "PostedDate": "2009-03-08T05:04:40.117-07:00",
    "UserRole": null,
    "MarkedAsAnswerDate": null
  },
  {
    "Id": "218749",
    "ThreadId": "49212",
    "Html": "<p>I am using the IEEE - Refernence Ordered (my version)&nbsp;bibliography style&nbsp;too and&nbsp;I have the same problem with the bold numbers in the in-text citations. My citations are Heading&nbsp;1 not ballon&nbsp;for some reason which&nbsp;I cant change to unbold because it is used in the rest of my document. I have selected the whole citation and changed the style which it obeys untill&nbsp;I update the bibliography or save the document and re-open it then it reversts back to the wrong style. It also doesnt have this problem in a new document. Is there maybe a way to force a style from the .XSL file or to force Unbold?</p>",
    "PostedDate": "2009-08-03T05:20:31.067-07:00",
    "UserRole": null,
    "MarkedAsAnswerDate": null
  },
  {
    "Id": "219167",
    "ThreadId": "49212",
    "Html": "<p>I think&nbsp;I found a way to take the bold out. It is c<span style=\"font-size:10pt\">umbersome (and has it's flaws)&nbsp;but it is the only way&nbsp;I know how (thanks to <a href=\"http://www.gmayor.com/formatting_word_fields.htm\">http://www.gmayor.com/formatting_word_fields.htm</a>&nbsp;with their field codes switch list)</span><span style=\"font-size:10pt\">:</span></p>\r\n<p><span style=\"font-size:10pt\"><span style=\"font-size:10pt\">togle field code of in-text citation to get: { CITATION Bro01 \\l 1033}</span></span></p>\r\n<p><span style=\"font-size:10pt\"><span style=\"font-size:10pt\">Edit field codes and add \\*Charformat to get { CITATION Bro01 \\l 1033 \\*Charformat}</span></span></p>\r\n<p><span style=\"font-size:10pt\"><span style=\"font-size:10pt\">click OK</span></span></p>\r\n<p><span style=\"font-size:10pt\"><span style=\"font-size:10pt\">it formats it according to the first letter in the {} which you can set by right clicking and it staus if you update the fields</span></span></p>\r\n<p><span style=\"font-size:10pt\"><span style=\"font-size:10pt\">&nbsp;</span></span></p>\r\n<p><span style=\"font-size:10pt\">&nbsp;</span></p>",
    "PostedDate": "2009-08-04T03:03:09.437-07:00",
    "UserRole": null,
    "MarkedAsAnswerDate": null
  },
  {
    "Id": "219190",
    "ThreadId": "49212",
    "Html": "<p>Good that you found a solution.</p>\r\n<p>An alternative option might be to assign a character style to all in-text citations. This normally stays when they get reformatted as well. The easiest way to do so would be by using something similar to <a href=\"http://bibword.codeplex.com/Wiki/View.aspx?title=Styles_FAQ#Q9\">http://bibword.codeplex.com/Wiki/View.aspx?title=Styles_FAQ#Q9</a>&nbsp;.&nbsp;&nbsp;Of course, instead of setting</p>\r\n<div style=\"color:Black;background-color:White\">\r\n<pre>s.Font.Superscript = <span style=\"color:Blue\">True</span></pre>\r\n</div>\r\n<p>you would set things like bold to false:</p>\r\n<p>s.Font.Bold = <span style=\"color:Blue\">False</span></p>\r\n<p>As you can run the macro whenever you want (for example once after you finished adding all your in-text citation), this should be a bit less cumbersome.</p>",
    "PostedDate": "2009-08-04T04:08:20.433-07:00",
    "UserRole": null,
    "MarkedAsAnswerDate": null
  },
  {
    "Id": "219228",
    "ThreadId": "49212",
    "Html": "<p>thanks it worked. Brilliant.</p>",
    "PostedDate": "2009-08-04T06:17:56.793-07:00",
    "UserRole": null,
    "MarkedAsAnswerDate": null
  },
  {
    "Id": "249486",
    "ThreadId": "49212",
    "Html": "<p>Hey everybody,</p>\r\n<p>I would like to use the IEEE_with_Tags Style for my Master Thesis. It worked so far so good.</p>\r\n<p>They only thing i would like to know is how can I&nbsp; add the last&nbsp;access time of a webpage or document from a website to the bibliography?</p>\r\n<p>The last access time should be displayed after the link to the web ressource, for example <a href=\"http://bibword.codeplex.com/\">http://bibword.codeplex.com/</a>&nbsp;(Last visit: dd.mm.yyyy)</p>\r\n<p>Hope that you can help me.</p>\r\n<p>Thanks for your efforts in advance!</p>\r\n<p>Kind Regards,</p>\r\n<p>Wolfgang</p>\r\n<p>&nbsp;</p>",
    "PostedDate": "2009-10-25T09:49:38.373-07:00",
    "UserRole": null,
    "MarkedAsAnswerDate": null
  },
  {
    "Id": "250281",
    "ThreadId": "49212",
    "Html": "<p>It's a rather old style which doesn't use the templates most styles on this site are based upon. Therefore, manipulating it, is a bit more tedious than just replacing a single line of text.</p>\r\n<p>I'm going to explain the changes for webpages (InternetSite) but the changes for documents from websites (DocumentFromInternetSite)&nbsp;should be exactly the same. All you need to do is replace &quot;InternetSite&quot; with &quot;DocumentFromInternetSite&quot;.</p>\r\n<p>All information for formatting an InternetSite is located between the following two lines:</p>\r\n<div style=\"color:Black;background-color:White\">\r\n<pre><span style=\"color:Green\">&lt;!-- Begin of templates for InternetSite. --&gt;</span>\r\n\r\n<span style=\"color:Green\">&lt;!-- End of templates for InternetSite. --&gt;</span>\r\n</pre>\r\n</div>\r\n<p>Between those lines, there are two templates, the first one is to indicate the important fields. Those are the fields that show up by default when you enter a new source in Word. Each field has the following form:</p>\r\n<div style=\"color:Black;background-color:White\">\r\n<pre>  <span style=\"color:Blue\">&lt;</span><span style=\"color:#A31515\">b</span><span style=\"color:Blue\">:</span><span style=\"color:#A31515\">ImportantField</span><span style=\"color:Blue\">&gt;</span>\r\n    <span style=\"color:Blue\">&lt;</span><span style=\"color:#A31515\">xsl</span><span style=\"color:Blue\">:</span><span style=\"color:#A31515\">text</span><span style=\"color:Blue\">&gt;</span>b:Author/b:Author/b:NameList<span style=\"color:Blue\">&lt;/</span><span style=\"color:#A31515\">xsl</span><span style=\"color:Blue\">:</span><span style=\"color:#A31515\">text</span><span style=\"color:Blue\">&gt;</span>\r\n  <span style=\"color:Blue\">&lt;/</span><span style=\"color:#A31515\">b</span><span style=\"color:Blue\">:</span><span style=\"color:#A31515\">ImportantField</span><span style=\"color:Blue\">&gt;</span>\r\n</pre>\r\n</div>\r\n<p>If you want to add the fields with the access date as important fields, you have to paste in the following lines:</p>\r\n<div style=\"color:Black;background-color:White\">\r\n<pre>  <span style=\"color:Blue\">&lt;</span><span style=\"color:#A31515\">b</span><span style=\"color:Blue\">:</span><span style=\"color:#A31515\">ImportantField</span><span style=\"color:Blue\">&gt;</span>\r\n    <span style=\"color:Blue\">&lt;</span><span style=\"color:#A31515\">xsl</span><span style=\"color:Blue\">:</span><span style=\"color:#A31515\">text</span><span style=\"color:Blue\">&gt;</span>b:YearAccessed<span style=\"color:Blue\">&lt;/</span><span style=\"color:#A31515\">xsl</span><span style=\"color:Blue\">:</span><span style=\"color:#A31515\">text</span><span style=\"color:Blue\">&gt;</span>\r\n  <span style=\"color:Blue\">&lt;/</span><span style=\"color:#A31515\">b</span><span style=\"color:Blue\">:</span><span style=\"color:#A31515\">ImportantField</span><span style=\"color:Blue\">&gt;</span>\r\n  <span style=\"color:Blue\">&lt;</span><span style=\"color:#A31515\">b</span><span style=\"color:Blue\">:</span><span style=\"color:#A31515\">ImportantField</span><span style=\"color:Blue\">&gt;</span>\r\n    <span style=\"color:Blue\">&lt;</span><span style=\"color:#A31515\">xsl</span><span style=\"color:Blue\">:</span><span style=\"color:#A31515\">text</span><span style=\"color:Blue\">&gt;</span>b:MonthAccessed<span style=\"color:Blue\">&lt;/</span><span style=\"color:#A31515\">xsl</span><span style=\"color:Blue\">:</span><span style=\"color:#A31515\">text</span><span style=\"color:Blue\">&gt;</span>\r\n  <span style=\"color:Blue\">&lt;/</span><span style=\"color:#A31515\">b</span><span style=\"color:Blue\">:</span><span style=\"color:#A31515\">ImportantField</span><span style=\"color:Blue\">&gt;</span>\r\n  <span style=\"color:Blue\">&lt;</span><span style=\"color:#A31515\">b</span><span style=\"color:Blue\">:</span><span style=\"color:#A31515\">ImportantField</span><span style=\"color:Blue\">&gt;</span>\r\n    <span style=\"color:Blue\">&lt;</span><span style=\"color:#A31515\">xsl</span><span style=\"color:Blue\">:</span><span style=\"color:#A31515\">text</span><span style=\"color:Blue\">&gt;</span>b:DayAccessed<span style=\"color:Blue\">&lt;/</span><span style=\"color:#A31515\">xsl</span><span style=\"color:Blue\">:</span><span style=\"color:#A31515\">text</span><span style=\"color:Blue\">&gt;</span>\r\n  <span style=\"color:Blue\">&lt;/</span><span style=\"color:#A31515\">b</span><span style=\"color:Blue\">:</span><span style=\"color:#A31515\">ImportantField</span><span style=\"color:Blue\">&gt;</span>\r\n</pre>\r\n</div>\r\n<p>The second template is the one used to format the entry in the bibliography. It's defined as follows:</p>\r\n<div style=\"color:Black;background-color:White\">\r\n<pre>  <span style=\"color:Blue\">&lt;</span><span style=\"color:#A31515\">xsl</span><span style=\"color:Blue\">:</span><span style=\"color:#A31515\">template</span> <span style=\"color:Red\">name</span><span style=\"color:Blue\">=</span><span style=\"color:Black\">&quot;</span><span style=\"color:Blue\">FormatInternetSiteReference</span><span style=\"color:Black\">&quot;</span><span style=\"color:Blue\">&gt;</span>\r\n    <span style=\"color:Blue\">&lt;</span><span style=\"color:#A31515\">xsl</span><span style=\"color:Blue\">:</span><span style=\"color:#A31515\">param</span> <span style=\"color:Red\">name</span><span style=\"color:Blue\">=</span><span style=\"color:Black\">&quot;</span><span style=\"color:Blue\">reference</span><span style=\"color:Black\">&quot;</span> <span style=\"color:Blue\">/&gt;</span>\r\n\r\n    <span style=\"color:Green\">&lt;!-- A whole bunch of code --&gt;</span>\r\n\r\n  <span style=\"color:Blue\">&lt;/</span><span style=\"color:#A31515\">xsl</span><span style=\"color:Blue\">:</span><span style=\"color:#A31515\">template</span><span style=\"color:Blue\">&gt;</span>\r\n</pre>\r\n</div>\r\n<p>You want to add the formatting information regarding the date you accessed the source at the bottom of this routine. So that is after all the code, but just <strong>before</strong> the &quot;&lt;/xsl:template&gt;&quot;. For good looks, we are going to assume that you only display the date, if you have provided at least the year you accessed the source. Also, the day will only be displayed if you provided a month.</p>\r\n<div style=\"color:Black;background-color:White\">\r\n<pre>  <span style=\"color:Blue\">&lt;</span><span style=\"color:#A31515\">xsl</span><span style=\"color:Blue\">:</span><span style=\"color:#A31515\">if</span> <span style=\"color:Red\">test</span><span style=\"color:Blue\">=</span><span style=\"color:Black\">&quot;</span><span style=\"color:Blue\">string-length($reference/b:YearAccessed) &gt; 0</span><span style=\"color:Black\">&quot;</span><span style=\"color:Blue\">&gt;</span>\r\n    <span style=\"color:Green\">&lt;!-- Intro. --&gt;</span>\r\n    <span style=\"color:Blue\">&lt;</span><span style=\"color:#A31515\">xsl</span><span style=\"color:Blue\">:</span><span style=\"color:#A31515\">text</span><span style=\"color:Blue\">&gt;</span> (Last: <span style=\"color:Blue\">&lt;/</span><span style=\"color:#A31515\">xsl</span><span style=\"color:Blue\">:</span><span style=\"color:#A31515\">text</span><span style=\"color:Blue\">&gt;</span>\r\n    \r\n    <span style=\"color:Green\">&lt;!-- Only display the day if the month is available. --&gt;</span>\r\n    <span style=\"color:Blue\">&lt;</span><span style=\"color:#A31515\">xsl</span><span style=\"color:Blue\">:</span><span style=\"color:#A31515\">if</span> <span style=\"color:Red\">test</span><span style=\"color:Blue\">=</span><span style=\"color:Black\">&quot;</span><span style=\"color:Blue\">string-length($reference/b:DayAccessed) &gt; 0 and string-length($reference/b:MonthAccessed) &gt; 0</span><span style=\"color:Black\">&quot;</span><span style=\"color:Blue\">&gt;</span>\r\n      <span style=\"color:Blue\">&lt;</span><span style=\"color:#A31515\">xsl</span><span style=\"color:Blue\">:</span><span style=\"color:#A31515\">value-of</span> <span style=\"color:Red\">select</span><span style=\"color:Blue\">=</span><span style=\"color:Black\">&quot;</span><span style=\"color:Blue\">$reference/b:DayAccessed</span><span style=\"color:Black\">&quot;</span><span style=\"color:Blue\">/&gt;</span>\r\n      <span style=\"color:Blue\">&lt;</span><span style=\"color:#A31515\">xsl</span><span style=\"color:Blue\">:</span><span style=\"color:#A31515\">text</span><span style=\"color:Blue\">&gt;</span>.<span style=\"color:Blue\">&lt;/</span><span style=\"color:#A31515\">xsl</span><span style=\"color:Blue\">:</span><span style=\"color:#A31515\">text</span><span style=\"color:Blue\">&gt;</span>\r\n    <span style=\"color:Blue\">&lt;/</span><span style=\"color:#A31515\">xsl</span><span style=\"color:Blue\">:</span><span style=\"color:#A31515\">if</span><span style=\"color:Blue\">&gt;</span>\r\n    \r\n    <span style=\"color:Green\">&lt;!-- Display the month if available. --&gt;</span>\r\n    <span style=\"color:Blue\">&lt;</span><span style=\"color:#A31515\">xsl</span><span style=\"color:Blue\">:</span><span style=\"color:#A31515\">if</span> <span style=\"color:Red\">test</span><span style=\"color:Blue\">=</span><span style=\"color:Black\">&quot;</span><span style=\"color:Blue\">string-length($reference/b:MonthAccessed) &gt; 0</span><span style=\"color:Black\">&quot;</span><span style=\"color:Blue\">&gt;</span>\r\n      <span style=\"color:Blue\">&lt;</span><span style=\"color:#A31515\">xsl</span><span style=\"color:Blue\">:</span><span style=\"color:#A31515\">value-of</span> <span style=\"color:Red\">select</span><span style=\"color:Blue\">=</span><span style=\"color:Black\">&quot;</span><span style=\"color:Blue\">$reference/b:MonthAccessed</span><span style=\"color:Black\">&quot;</span><span style=\"color:Blue\">/&gt;</span>\r\n      <span style=\"color:Blue\">&lt;</span><span style=\"color:#A31515\">xsl</span><span style=\"color:Blue\">:</span><span style=\"color:#A31515\">text</span><span style=\"color:Blue\">&gt;</span>.<span style=\"color:Blue\">&lt;/</span><span style=\"color:#A31515\">xsl</span><span style=\"color:Blue\">:</span><span style=\"color:#A31515\">text</span><span style=\"color:Blue\">&gt;</span>\r\n    <span style=\"color:Blue\">&lt;/</span><span style=\"color:#A31515\">xsl</span><span style=\"color:Blue\">:</span><span style=\"color:#A31515\">if</span><span style=\"color:Blue\">&gt;</span>\r\n    \r\n    <span style=\"color:Green\">&lt;!-- Display year. --&gt;</span>\r\n    <span style=\"color:Blue\">&lt;</span><span style=\"color:#A31515\">xsl</span><span style=\"color:Blue\">:</span><span style=\"color:#A31515\">value-of</span> <span style=\"color:Red\">select</span><span style=\"color:Blue\">=</span><span style=\"color:Black\">&quot;</span><span style=\"color:Blue\">$reference/b:YearAccessed</span><span style=\"color:Black\">&quot;</span><span style=\"color:Blue\">/&gt;</span>\r\n    <span style=\"color:Green\">&lt;!-- Finish. --&gt;</span>\r\n    <span style=\"color:Blue\">&lt;</span><span style=\"color:#A31515\">xsl</span><span style=\"color:Blue\">:</span><span style=\"color:#A31515\">text</span><span style=\"color:Blue\">&gt;</span>)<span style=\"color:Blue\">&lt;/</span><span style=\"color:#A31515\">xsl</span><span style=\"color:Blue\">:</span><span style=\"color:#A31515\">text</span><span style=\"color:Blue\">&gt;</span>\r\n  <span style=\"color:Blue\">&lt;/</span><span style=\"color:#A31515\">xsl</span><span style=\"color:Blue\">:</span><span style=\"color:#A31515\">if</span><span style=\"color:Blue\">&gt;</span>\r\n</pre>\r\n</div>\r\n<p>Yves</p>\r\n<p>&nbsp;</p>",
    "PostedDate": "2009-10-27T11:22:43.893-07:00",
    "UserRole": null,
    "MarkedAsAnswerDate": null
  },
  {
    "Id": "252152",
    "ThreadId": "49212",
    "Html": "<p>Thanks a lot, it worked perfect!</p>\r\n<p>You wrote, that this style won't use the templates. Is there a version of this style available, which will use the templates?</p>\r\n<p>Wolfgang</p>",
    "PostedDate": "2009-11-01T09:41:58.373-08:00",
    "UserRole": null,
    "MarkedAsAnswerDate": null
  },
  {
    "Id": "252292",
    "ThreadId": "49212",
    "Html": "<p>No. There is no official IEEE style with tags, so I probably won't host one.</p>\r\n<p>What you could do is start from the IEEE reference order style which does use the template and replace &quot;%RefOrder%&quot; by &quot;%Tag%&quot;. If you want the tags to be sorted, then you would have to add a sortkey to each supported sources looking like &quot;&lt;sortkey&gt;%Tag%&lt;/sortkey&gt;&quot;. Check the manual, and the other IEEE alphabetical style to see where to place a sortkey element.</p>",
    "PostedDate": "2009-11-01T23:56:22.617-08:00",
    "UserRole": null,
    "MarkedAsAnswerDate": null
  },
  {
    "Id": "711054",
    "ThreadId": "49212",
    "Html": "<p>This was helpful to show page numbers for in text citations.&nbsp; It took some digging to apply this to the IEEE-Reforder bib style.&nbsp; The section where I successfully inserted the if statement (<a class=\"UserProfileLink\" href=\"http://www.codeplex.com/site/users/view/Yves\">Yves</a><span class=\"smartDate\">&nbsp;Mar 4 2009 at 3:35 PM)</span>&nbsp;was inside this \"a href\"</p>\r\n<p>&lt;xsl:when test=\"$params/general/citation_as_link = 'yes'\"&gt;<br />&nbsp;&nbsp;&nbsp;&nbsp;&nbsp;&nbsp;&nbsp;&nbsp;&nbsp;&nbsp;&nbsp;&nbsp;&nbsp; &lt;a href=\"#{/b:Citation/b:Source/b:Tag}\"&gt;<br />&nbsp;&nbsp;&nbsp;&nbsp;&nbsp;&nbsp;&nbsp;&nbsp;&nbsp;&nbsp;&nbsp;&nbsp;&nbsp;&nbsp;&nbsp; &lt;xsl:value-of select=\"$citation\" disable-output-escaping=\"yes\"/&gt;</p>\r\n<p>&lt;/a&gt;</p>\r\n<p>and the following xsl:otherwise statement.</p>",
    "PostedDate": "2011-12-12T11:43:36.88-08:00",
    "UserRole": null,
    "MarkedAsAnswerDate": null
  }
]