[
  {
    "Id": "1097467",
    "ThreadId": "458666",
    "Html": "I have started a Microsoft community discussion aimed at collecting the various gripes we all have with <strong>Word</strong> citations (<strong>NOT</strong> BibWord issues).\r<br />\n<br />\nWe considerable luck MS may take note.\r<br />\n<br />\nthe discussion is <a href=\"http://answers.microsoft.com/en-us/office/forum/office_365hp-word/word-citations-improvements-and-bugfixes-needed/b8dbd78c-8ec5-4a4b-b871-2339c5c02235?tm=1379792324423\" rel=\"nofollow\">here</a><br />\n",
    "PostedDate": "2013-09-21T13:02:14.273-07:00",
    "UserRole": null,
    "MarkedAsAnswerDate": null
  }
]