[
  {
    "Id": "104374",
    "ThreadId": "31388",
    "Html": "Thank you Yves for you answer on my last topic! Worked out perfect.<br>\r\nThis time, I would like to sort my references in the reference list under headlines, something&nbsp;like this:<br>\r\n<br>\r\nBooks:<br>\r\n<table cellspacing=5 cellpadding=0 border=0>\r\n    <tbody>\r\n        <tr>\r\n            <td style=\"border-right:#d4d0c8;padding-right:0.75pt;border-top:#d4d0c8;padding-left:0.75pt;padding-bottom:0.75pt;border-left:#d4d0c8;padding-top:0.75pt;border-bottom:#d4d0c8;background-color:transparent\" valign=top>\r\n            <p style=\"margin:0cm 0cm 0pt\"><span></span></p>\r\n            </td>\r\n            <td style=\"border-right:#d4d0c8;padding-right:0.75pt;border-top:#d4d0c8;padding-left:0.75pt;padding-bottom:0.75pt;border-left:#d4d0c8;padding-top:0.75pt;border-bottom:#d4d0c8;background-color:transparent\">\r\n            <p style=\"margin:0cm 0cm 0pt\"><span>Saunders, Malcolm, (1994) <i>Strategic Purchasing &amp; Supply Chain Management, </i>London, Pitman Publishing</span></p>\r\n            </td>\r\n        </tr>\r\n    </tbody>\r\n</table>\r\n<p style=\"margin:0cm 0cm 0pt\"><span style=\"display:none\">&nbsp;</span></p>\r\n<table cellspacing=5 cellpadding=0 border=0>\r\n    <tbody>\r\n        <tr>\r\n            <td style=\"border-right:#d4d0c8;padding-right:0.75pt;border-top:#d4d0c8;padding-left:0.75pt;padding-bottom:0.75pt;border-left:#d4d0c8;padding-top:0.75pt;border-bottom:#d4d0c8;background-color:transparent\" valign=top>\r\n            <p style=\"margin:0cm 0cm 0pt\">&nbsp;</p>\r\n            </td>\r\n            <td style=\"border-right:#d4d0c8;padding-right:0.75pt;border-top:#d4d0c8;padding-left:0.75pt;padding-bottom:0.75pt;border-left:#d4d0c8;padding-top:0.75pt;border-bottom:#d4d0c8;background-color:transparent\">\r\n            <p style=\"margin:0cm 0cm 0pt\"><span>Van Weele, Arjan, (2005) <i>Purchasing &amp; Supply Chain Management, </i>London, Thomson Learning</span></p>\r\n            </td>\r\n        </tr>\r\n    </tbody>\r\n</table>\r\n<p style=\"margin:0cm 0cm 0pt\"><span style=\"display:none\">&nbsp;<br>\r\n<br>\r\nArticles:<br>\r\n<span style=\"font-size:12pt;font-family:'Times New Roman','serif'\">Krajlic, Peter, (1983) <i>Purchasing must become Supply Chain Management, </i>Harvard Business Review, Issue:Sep/Okt<br>\r\n<br>\r\nAny Ideas? </span></span></p>\r\n",
    "PostedDate": "2008-07-13T03:31:41.77-07:00",
    "UserRole": null,
    "MarkedAsAnswerDate": null
  },
  {
    "Id": "104375",
    "ThreadId": "31388",
    "Html": "<p>Aricles:</p>\r\n<span style=\"font-size:12pt;font-family:'Times New Roman','serif'\">Krajlic, Peter., (1983) <i>Purchasing must become Supply Chain Management, </i>Harvard Business Review, Issue:Sep/Okt</span>\r\n<p><br>\r\nAny ideas?</p>\r\n",
    "PostedDate": "2008-07-13T03:32:48.173-07:00",
    "UserRole": null,
    "MarkedAsAnswerDate": null
  },
  {
    "Id": "104388",
    "ThreadId": "31388",
    "Html": "And second question =) How to call a co-author? I can select the whole string but I just wante the last names and sure add some space between them, Like:<br>\r\n<br>\r\nPeterson &amp; Anderson (2005)\r\n",
    "PostedDate": "2008-07-13T07:08:42.377-07:00",
    "UserRole": null,
    "MarkedAsAnswerDate": null
  },
  {
    "Id": "104609",
    "ThreadId": "31388",
    "Html": "Second question solved:<br>\r\n&lt;xsl:value-of select=&quot;b:Author/b:Author/b:NameList/b:Person[2]/b:Last&quot;/&gt;\r\n",
    "PostedDate": "2008-07-14T11:33:48.1-07:00",
    "UserRole": null,
    "MarkedAsAnswerDate": null
  },
  {
    "Id": "105721",
    "ThreadId": "31388",
    "Html": "<p>It is nice to see that you were already able to answer part of the questions yourself. Regarding your first question. Personally, I would write a small template to handle each type separately. For example my template function would look like this:<br>\r\n<br>\r\n<span style=\"font-size:13px;color:#0000ff\"><span style=\"font-size:13px;color:#0000ff\">&lt;</span></span><span style=\"font-size:13px;color:#2b91af\"><span style=\"font-size:13px;color:#2b91af\">xsl:template</span></span><span style=\"font-size:13px;color:#0000ff\"><span style=\"font-size:13px;color:#0000ff\"> </span></span><span style=\"font-size:13px;color:#ff0000\"><span style=\"font-size:13px;color:#ff0000\">name</span></span><span style=\"font-size:13px;color:#0000ff\"><span style=\"font-size:13px;color:#0000ff\">=</span></span><span style=\"font-size:13px\">&quot;</span><span style=\"font-size:13px;color:#0000ff\"><span style=\"font-size:13px;color:#0000ff\">grouped-bibliography</span></span><span style=\"font-size:13px\">&quot;</span><span style=\"font-size:13px;color:#0000ff\"><span style=\"font-size:13px;color:#0000ff\">&gt;<br>\r\n&nbsp; &lt;!--</span></span><span style=\"font-size:13px;color:#008000\"><span style=\"font-size:13px;color:#008000\"> Name of the group (e.g. 'Books', 'Book Sections', ...) </span></span><span style=\"font-size:13px;color:#0000ff\"><span style=\"font-size:13px;color:#0000ff\">--&gt;<br>\r\n&nbsp; &lt;</span></span><span style=\"font-size:13px;color:#2b91af\"><span style=\"font-size:13px;color:#2b91af\">xsl:param</span></span><span style=\"font-size:13px;color:#0000ff\"><span style=\"font-size:13px;color:#0000ff\"> </span></span><span style=\"font-size:13px;color:#ff0000\"><span style=\"font-size:13px;color:#ff0000\">name</span></span><span style=\"font-size:13px;color:#0000ff\"><span style=\"font-size:13px;color:#0000ff\">=</span></span><span style=\"font-size:13px\">&quot;</span><span style=\"font-size:13px;color:#0000ff\"><span style=\"font-size:13px;color:#0000ff\">name</span></span><span style=\"font-size:13px\">&quot;</span><span style=\"font-size:13px;color:#0000ff\"><span style=\"font-size:13px;color:#0000ff\">/&gt;<br>\r\n&nbsp; &lt;!--</span></span><span style=\"font-size:13px;color:#008000\"><span style=\"font-size:13px;color:#008000\"> Source type belonging to the name. </span></span><span style=\"font-size:13px;color:#0000ff\"><span style=\"font-size:13px;color:#0000ff\">--&gt;<br>\r\n&nbsp; &lt;</span></span><span style=\"font-size:13px;color:#2b91af\"><span style=\"font-size:13px;color:#2b91af\">xsl:param</span></span><span style=\"font-size:13px;color:#0000ff\"><span style=\"font-size:13px;color:#0000ff\"> </span></span><span style=\"font-size:13px;color:#ff0000\"><span style=\"font-size:13px;color:#ff0000\">name</span></span><span style=\"font-size:13px;color:#0000ff\"><span style=\"font-size:13px;color:#0000ff\">=</span></span><span style=\"font-size:13px\">&quot;</span><span style=\"font-size:13px;color:#0000ff\"><span style=\"font-size:13px;color:#0000ff\">type</span></span><span style=\"font-size:13px\">&quot;</span><span style=\"font-size:13px;color:#0000ff\"><span style=\"font-size:13px;color:#0000ff\">/&gt;<br>\r\n<br>\r\n&nbsp; &lt;</span></span><span style=\"font-size:13px;color:#a31515\"><span style=\"font-size:13px;color:#a31515\">p</span></span><span style=\"font-size:13px;color:#0000ff\"><span style=\"font-size:13px;color:#0000ff\"> </span></span><span style=\"font-size:13px;color:#ff0000\"><span style=\"font-size:13px;color:#ff0000\">class</span></span><span style=\"font-size:13px;color:#0000ff\"><span style=\"font-size:13px;color:#0000ff\">=</span></span><span style=\"font-size:13px\">&quot;</span><span style=\"font-size:13px;color:#0000ff\"><span style=\"font-size:13px;color:#0000ff\">MsoBibliography</span></span><span style=\"font-size:13px\">&quot;</span><span style=\"font-size:13px;color:#0000ff\"><span style=\"font-size:13px;color:#0000ff\">&gt;<br>\r\n&nbsp;&nbsp;&nbsp; &lt;</span></span><span style=\"font-size:13px;color:#a31515\"><span style=\"font-size:13px;color:#a31515\">b</span></span><span style=\"font-size:13px;color:#0000ff\"><span style=\"font-size:13px;color:#0000ff\">&gt;<br>\r\n&nbsp;&nbsp;&nbsp;&nbsp;&nbsp; &lt;</span></span><span style=\"font-size:13px;color:#2b91af\"><span style=\"font-size:13px;color:#2b91af\">xsl:value-of</span></span><span style=\"font-size:13px;color:#0000ff\"><span style=\"font-size:13px;color:#0000ff\"> </span></span><span style=\"font-size:13px;color:#ff0000\"><span style=\"font-size:13px;color:#ff0000\">select</span></span><span style=\"font-size:13px;color:#0000ff\"><span style=\"font-size:13px;color:#0000ff\">=</span></span><span style=\"font-size:13px\">&quot;</span><span style=\"font-size:13px;color:#0000ff\"><span style=\"font-size:13px;color:#0000ff\">$name</span></span><span style=\"font-size:13px\">&quot;</span><span style=\"font-size:13px;color:#0000ff\"><span style=\"font-size:13px;color:#0000ff\">/&gt;<br>\r\n&nbsp;&nbsp;&nbsp;&nbsp;&nbsp; &lt;</span></span><span style=\"font-size:13px;color:#2b91af\"><span style=\"font-size:13px;color:#2b91af\">xsl:text</span></span><span style=\"font-size:13px;color:#0000ff\"><span style=\"font-size:13px;color:#0000ff\">&gt;</span></span><span style=\"font-size:13px\">(</span><span style=\"font-size:13px;color:#0000ff\"><span style=\"font-size:13px;color:#0000ff\">&lt;/</span></span><span style=\"font-size:13px;color:#2b91af\"><span style=\"font-size:13px;color:#2b91af\">xsl:text</span></span><span style=\"font-size:13px;color:#0000ff\"><span style=\"font-size:13px;color:#0000ff\">&gt;<br>\r\n&nbsp;&nbsp;&nbsp;&nbsp;&nbsp; &lt;</span></span><span style=\"font-size:13px;color:#2b91af\"><span style=\"font-size:13px;color:#2b91af\">xsl:value-of</span></span><span style=\"font-size:13px;color:#0000ff\"><span style=\"font-size:13px;color:#0000ff\"> </span></span><span style=\"font-size:13px;color:#ff0000\"><span style=\"font-size:13px;color:#ff0000\">select</span></span><span style=\"font-size:13px;color:#0000ff\"><span style=\"font-size:13px;color:#0000ff\">=</span></span><span style=\"font-size:13px\">&quot;</span><span style=\"font-size:13px;color:#0000ff\"><span style=\"font-size:13px;color:#0000ff\">count(/b:Bibliography/b:Source[b:SourceType = $type])</span></span><span style=\"font-size:13px\">&quot;</span><span style=\"font-size:13px;color:#0000ff\"><span style=\"font-size:13px;color:#0000ff\">/&gt;<br>\r\n&nbsp;&nbsp;&nbsp;&nbsp;&nbsp; &lt;</span></span><span style=\"font-size:13px;color:#2b91af\"><span style=\"font-size:13px;color:#2b91af\">xsl:text</span></span><span style=\"font-size:13px;color:#0000ff\"><span style=\"font-size:13px;color:#0000ff\">&gt;</span></span><span style=\"font-size:13px\">)</span><span style=\"font-size:13px;color:#0000ff\"><span style=\"font-size:13px;color:#0000ff\">&lt;/</span></span><span style=\"font-size:13px;color:#2b91af\"><span style=\"font-size:13px;color:#2b91af\">xsl:text</span></span><span style=\"font-size:13px;color:#0000ff\"><span style=\"font-size:13px;color:#0000ff\">&gt;<br>\r\n&nbsp;&nbsp;&nbsp; &lt;/</span></span><span style=\"font-size:13px;color:#a31515\"><span style=\"font-size:13px;color:#a31515\">b</span></span><span style=\"font-size:13px;color:#0000ff\"><span style=\"font-size:13px;color:#0000ff\">&gt;<br>\r\n&nbsp; &lt;/</span></span><span style=\"font-size:13px;color:#a31515\"><span style=\"font-size:13px;color:#a31515\">p</span></span><span style=\"font-size:13px;color:#0000ff\"><span style=\"font-size:13px;color:#0000ff\">&gt;<br>\r\n<br>\r\n&nbsp; &lt;</span></span><span style=\"font-size:13px;color:#2b91af\"><span style=\"font-size:13px;color:#2b91af\">xsl:for-each</span></span><span style=\"font-size:13px;color:#0000ff\"><span style=\"font-size:13px;color:#0000ff\"> </span></span><span style=\"font-size:13px;color:#ff0000\"><span style=\"font-size:13px;color:#ff0000\">select</span></span><span style=\"font-size:13px;color:#0000ff\"><span style=\"font-size:13px;color:#0000ff\">=</span></span><span style=\"font-size:13px\">&quot;</span><span style=\"font-size:13px;color:#0000ff\"><span style=\"font-size:13px;color:#0000ff\">/b:Bibliography/b:Source[b:SourceType = $type]</span></span><span style=\"font-size:13px\">&quot;</span><span style=\"font-size:13px;color:#0000ff\"><span style=\"font-size:13px;color:#0000ff\">&gt;<br>\r\n&nbsp;&nbsp;&nbsp; &lt;</span></span><span style=\"font-size:13px;color:#2b91af\"><span style=\"font-size:13px;color:#2b91af\">xsl:sort</span></span><span style=\"font-size:13px;color:#0000ff\"><span style=\"font-size:13px;color:#0000ff\"> </span></span><span style=\"font-size:13px;color:#ff0000\"><span style=\"font-size:13px;color:#ff0000\">select</span></span><span style=\"font-size:13px;color:#0000ff\"><span style=\"font-size:13px;color:#0000ff\">=</span></span><span style=\"font-size:13px\">&quot;</span><span style=\"font-size:13px;color:#0000ff\"><span style=\"font-size:13px;color:#0000ff\">b:RefOrder</span></span><span style=\"font-size:13px\">&quot;</span><span style=\"font-size:13px;color:#0000ff\"><span style=\"font-size:13px;color:#0000ff\"> </span></span><span style=\"font-size:13px;color:#ff0000\"><span style=\"font-size:13px;color:#ff0000\">data-type</span></span><span style=\"font-size:13px;color:#0000ff\"><span style=\"font-size:13px;color:#0000ff\">=</span></span><span style=\"font-size:13px\">&quot;</span><span style=\"font-size:13px;color:#0000ff\"><span style=\"font-size:13px;color:#0000ff\">number</span></span><span style=\"font-size:13px\">&quot;</span><span style=\"font-size:13px;color:#0000ff\"><span style=\"font-size:13px;color:#0000ff\">/&gt;<br>\r\n&nbsp;&nbsp;&nbsp; <br>\r\n&nbsp;&nbsp;&nbsp; &lt;</span></span><span style=\"font-size:13px;color:#a31515\"><span style=\"font-size:13px;color:#a31515\">p</span></span><span style=\"font-size:13px;color:#0000ff\"><span style=\"font-size:13px;color:#0000ff\"> </span></span><span style=\"font-size:13px;color:#ff0000\"><span style=\"font-size:13px;color:#ff0000\">class</span></span><span style=\"font-size:13px;color:#0000ff\"><span style=\"font-size:13px;color:#0000ff\">=</span></span><span style=\"font-size:13px\">&quot;</span><span style=\"font-size:13px;color:#0000ff\"><span style=\"font-size:13px;color:#0000ff\">MsoBibliography</span></span><span style=\"font-size:13px\">&quot;</span><span style=\"font-size:13px;color:#0000ff\"><span style=\"font-size:13px;color:#0000ff\">&gt;<br>\r\n&nbsp;&nbsp;&nbsp;&nbsp;&nbsp; &lt;</span></span><span style=\"font-size:13px;color:#2b91af\"><span style=\"font-size:13px;color:#2b91af\">xsl:value-of</span></span><span style=\"font-size:13px;color:#0000ff\"><span style=\"font-size:13px;color:#0000ff\"> </span></span><span style=\"font-size:13px;color:#ff0000\"><span style=\"font-size:13px;color:#ff0000\">select</span></span><span style=\"font-size:13px;color:#0000ff\"><span style=\"font-size:13px;color:#0000ff\">=</span></span><span style=\"font-size:13px\">&quot;</span><span style=\"font-size:13px;color:#0000ff\"><span style=\"font-size:13px;color:#0000ff\">./b:RefOrder</span></span><span style=\"font-size:13px\">&quot;</span><span style=\"font-size:13px;color:#0000ff\"><span style=\"font-size:13px;color:#0000ff\">/&gt;<br>\r\n&nbsp;&nbsp;&nbsp;&nbsp;&nbsp; &lt;</span></span><span style=\"font-size:13px;color:#2b91af\"><span style=\"font-size:13px;color:#2b91af\">xsl:text</span></span><span style=\"font-size:13px;color:#0000ff\"><span style=\"font-size:13px;color:#0000ff\">&gt;</span></span><span style=\"font-size:13px\"> - </span><span style=\"font-size:13px;color:#0000ff\"><span style=\"font-size:13px;color:#0000ff\">&lt;/</span></span><span style=\"font-size:13px;color:#2b91af\"><span style=\"font-size:13px;color:#2b91af\">xsl:text</span></span><span style=\"font-size:13px;color:#0000ff\"><span style=\"font-size:13px;color:#0000ff\">&gt;<br>\r\n&nbsp;&nbsp;&nbsp;&nbsp;&nbsp; &lt;</span></span><span style=\"font-size:13px;color:#2b91af\"><span style=\"font-size:13px;color:#2b91af\">xsl:value-of</span></span><span style=\"font-size:13px;color:#0000ff\"><span style=\"font-size:13px;color:#0000ff\"> </span></span><span style=\"font-size:13px;color:#ff0000\"><span style=\"font-size:13px;color:#ff0000\">select</span></span><span style=\"font-size:13px;color:#0000ff\"><span style=\"font-size:13px;color:#0000ff\">=</span></span><span style=\"font-size:13px\">&quot;</span><span style=\"font-size:13px;color:#0000ff\"><span style=\"font-size:13px;color:#0000ff\">./b:Author/b:Author/b:NameList/b:Person[1]/b:Last</span></span><span style=\"font-size:13px\">&quot;</span><span style=\"font-size:13px;color:#0000ff\"><span style=\"font-size:13px;color:#0000ff\">/&gt;<br>\r\n&nbsp;&nbsp;&nbsp;&nbsp;&nbsp; &lt;</span></span><span style=\"font-size:13px;color:#2b91af\"><span style=\"font-size:13px;color:#2b91af\">xsl:text</span></span><span style=\"font-size:13px;color:#0000ff\"><span style=\"font-size:13px;color:#0000ff\">&gt;</span></span><span style=\"font-size:13px\"> - </span><span style=\"font-size:13px;color:#0000ff\"><span style=\"font-size:13px;color:#0000ff\">&lt;/</span></span><span style=\"font-size:13px;color:#2b91af\"><span style=\"font-size:13px;color:#2b91af\">xsl:text</span></span><span style=\"font-size:13px;color:#0000ff\"><span style=\"font-size:13px;color:#0000ff\">&gt;<br>\r\n&nbsp;&nbsp;&nbsp;&nbsp;&nbsp; &lt;</span></span><span style=\"font-size:13px;color:#2b91af\"><span style=\"font-size:13px;color:#2b91af\">xsl:value-of</span></span><span style=\"font-size:13px;color:#0000ff\"><span style=\"font-size:13px;color:#0000ff\"> </span></span><span style=\"font-size:13px;color:#ff0000\"><span style=\"font-size:13px;color:#ff0000\">select</span></span><span style=\"font-size:13px;color:#0000ff\"><span style=\"font-size:13px;color:#0000ff\">=</span></span><span style=\"font-size:13px\">&quot;</span><span style=\"font-size:13px;color:#0000ff\"><span style=\"font-size:13px;color:#0000ff\">./b:Title</span></span><span style=\"font-size:13px\">&quot;</span><span style=\"font-size:13px;color:#0000ff\"><span style=\"font-size:13px;color:#0000ff\">/&gt;<br>\r\n&nbsp;&nbsp;&nbsp; &lt;/</span></span><span style=\"font-size:13px;color:#a31515\"><span style=\"font-size:13px;color:#a31515\">p</span></span><span style=\"font-size:13px;color:#0000ff\"><span style=\"font-size:13px;color:#0000ff\">&gt;<br>\r\n&nbsp; &lt;/</span></span><span style=\"font-size:13px;color:#2b91af\"><span style=\"font-size:13px;color:#2b91af\">xsl:for-each</span></span><span style=\"font-size:13px;color:#0000ff\"><span style=\"font-size:13px;color:#0000ff\">&gt;<br>\r\n&lt;/</span></span><span style=\"font-size:13px;color:#2b91af\"><span style=\"font-size:13px;color:#2b91af\">xsl:template</span></span><span style=\"font-size:13px;color:#0000ff\"><span style=\"font-size:13px;color:#0000ff\">&gt;\r\n<p>&nbsp;</p>\r\n</span>\r\n<p>&nbsp;</p>\r\n</span>\r\n<p>And the formatting routine would then be something like this (part of&nbsp;&lt;xsl:template match=&quot;/&quot;&gt;<span style=\"font-size:13px;color:#0000ff\"><span style=\"font-size:13px;color:#0000ff\"></span></span>):<span style=\"font-size:13px;color:#0000ff\"><span style=\"font-size:13px;color:#0000ff\"> </span></span><span style=\"font-size:13px;color:#0000ff\"><span style=\"font-size:13px;color:#0000ff\"><br>\r\n<br>\r\n&lt;</span></span><span style=\"font-size:13px;color:#2b91af\"><span style=\"font-size:13px;color:#2b91af\">xsl:when</span></span><span style=\"font-size:13px;color:#0000ff\"><span style=\"font-size:13px;color:#0000ff\"> </span></span><span style=\"font-size:13px;color:#ff0000\"><span style=\"font-size:13px;color:#ff0000\">test</span></span><span style=\"font-size:13px;color:#0000ff\"><span style=\"font-size:13px;color:#0000ff\">=</span></span><span style=\"font-size:13px\">&quot;</span><span style=\"font-size:13px;color:#0000ff\"><span style=\"font-size:13px;color:#0000ff\">b:Bibliography</span></span><span style=\"font-size:13px\">&quot;</span><span style=\"font-size:13px;color:#0000ff\"><span style=\"font-size:13px;color:#0000ff\">&gt;<br>\r\n&nbsp; &lt;</span></span><span style=\"font-size:13px;color:#a31515\"><span style=\"font-size:13px;color:#a31515\">html</span></span><span style=\"font-size:13px;color:#0000ff\"><span style=\"font-size:13px;color:#0000ff\"> </span></span><span style=\"font-size:13px;color:#ff0000\"><span style=\"font-size:13px;color:#ff0000\">xmlns</span></span><span style=\"font-size:13px;color:#0000ff\"><span style=\"font-size:13px;color:#0000ff\">=</span></span><span style=\"font-size:13px\">&quot;</span><span style=\"font-size:13px;color:#0000ff\"><span style=\"font-size:13px;color:#0000ff\">http://www.w3.org/TR/REC-html40</span></span><span style=\"font-size:13px\">&quot;</span><span style=\"font-size:13px;color:#0000ff\"><span style=\"font-size:13px;color:#0000ff\">&gt;<br>\r\n&nbsp;&nbsp;&nbsp; &lt;</span></span><span style=\"font-size:13px;color:#a31515\"><span style=\"font-size:13px;color:#a31515\">head</span></span><span style=\"font-size:13px;color:#0000ff\"><span style=\"font-size:13px;color:#0000ff\">&gt;<br>\r\n&nbsp;&nbsp;&nbsp; &lt;/</span></span><span style=\"font-size:13px;color:#a31515\"><span style=\"font-size:13px;color:#a31515\">head</span></span><span style=\"font-size:13px;color:#0000ff\"><span style=\"font-size:13px;color:#0000ff\">&gt;<br>\r\n&nbsp;&nbsp;&nbsp; &lt;</span></span><span style=\"font-size:13px;color:#a31515\"><span style=\"font-size:13px;color:#a31515\">body</span></span><span style=\"font-size:13px;color:#0000ff\"><span style=\"font-size:13px;color:#0000ff\">&gt;<br>\r\n&nbsp;&nbsp;&nbsp;&nbsp;&nbsp; &lt;</span></span><span style=\"font-size:13px;color:#2b91af\"><span style=\"font-size:13px;color:#2b91af\">xsl:call-template</span></span><span style=\"font-size:13px;color:#0000ff\"><span style=\"font-size:13px;color:#0000ff\"> </span></span><span style=\"font-size:13px;color:#ff0000\"><span style=\"font-size:13px;color:#ff0000\">name</span></span><span style=\"font-size:13px;color:#0000ff\"><span style=\"font-size:13px;color:#0000ff\">=</span></span><span style=\"font-size:13px\">&quot;</span><span style=\"font-size:13px;color:#0000ff\"><span style=\"font-size:13px;color:#0000ff\">grouped-bibliography</span></span><span style=\"font-size:13px\">&quot;</span><span style=\"font-size:13px;color:#0000ff\"><span style=\"font-size:13px;color:#0000ff\">&gt;<br>\r\n&nbsp;&nbsp;&nbsp;&nbsp;&nbsp;&nbsp;&nbsp; &lt;</span></span><span style=\"font-size:13px;color:#2b91af\"><span style=\"font-size:13px;color:#2b91af\">xsl:with-param</span></span><span style=\"font-size:13px;color:#0000ff\"><span style=\"font-size:13px;color:#0000ff\"> </span></span><span style=\"font-size:13px;color:#ff0000\"><span style=\"font-size:13px;color:#ff0000\">name</span></span><span style=\"font-size:13px;color:#0000ff\"><span style=\"font-size:13px;color:#0000ff\">=</span></span><span style=\"font-size:13px\">&quot;</span><span style=\"font-size:13px;color:#0000ff\"><span style=\"font-size:13px;color:#0000ff\">name</span></span><span style=\"font-size:13px\">&quot;</span><span style=\"font-size:13px;color:#0000ff\"><span style=\"font-size:13px;color:#0000ff\"> </span></span><span style=\"font-size:13px;color:#ff0000\"><span style=\"font-size:13px;color:#ff0000\">select</span></span><span style=\"font-size:13px;color:#0000ff\"><span style=\"font-size:13px;color:#0000ff\">=</span></span><span style=\"font-size:13px\">&quot;</span><span style=\"font-size:13px;color:#0000ff\"><span style=\"font-size:13px;color:#0000ff\">'Books'</span></span><span style=\"font-size:13px\">&quot;</span><span style=\"font-size:13px;color:#0000ff\"><span style=\"font-size:13px;color:#0000ff\">/&gt;<br>\r\n<span style=\"font-size:13px;color:#0000ff\">&nbsp;&nbsp;&nbsp;&nbsp;&nbsp;&nbsp;&nbsp; </span>&lt;</span></span><span style=\"font-size:13px;color:#2b91af\"><span style=\"font-size:13px;color:#2b91af\">xsl:with-param</span></span><span style=\"font-size:13px;color:#0000ff\"><span style=\"font-size:13px;color:#0000ff\"> </span></span><span style=\"font-size:13px;color:#ff0000\"><span style=\"font-size:13px;color:#ff0000\">name</span></span><span style=\"font-size:13px;color:#0000ff\"><span style=\"font-size:13px;color:#0000ff\">=</span></span><span style=\"font-size:13px\">&quot;</span><span style=\"font-size:13px;color:#0000ff\"><span style=\"font-size:13px;color:#0000ff\">type</span></span><span style=\"font-size:13px\">&quot;</span><span style=\"font-size:13px;color:#0000ff\"><span style=\"font-size:13px;color:#0000ff\"> </span></span><span style=\"font-size:13px;color:#ff0000\"><span style=\"font-size:13px;color:#ff0000\">select</span></span><span style=\"font-size:13px;color:#0000ff\"><span style=\"font-size:13px;color:#0000ff\">=</span></span><span style=\"font-size:13px\">&quot;</span><span style=\"font-size:13px;color:#0000ff\"><span style=\"font-size:13px;color:#0000ff\">'Book'</span></span><span style=\"font-size:13px\">&quot;</span><span style=\"font-size:13px;color:#0000ff\"><span style=\"font-size:13px;color:#0000ff\">/&gt;<br>\r\n<span style=\"font-size:13px;color:#0000ff\">&nbsp;&nbsp;&nbsp;&nbsp;&nbsp; </span>&lt;/</span></span><span style=\"font-size:13px;color:#2b91af\"><span style=\"font-size:13px;color:#2b91af\">xsl:call-template</span></span><span style=\"font-size:13px;color:#0000ff\"><span style=\"font-size:13px;color:#0000ff\">&gt;<br>\r\n<br>\r\n<span style=\"font-size:13px;color:#0000ff\">&nbsp;&nbsp;&nbsp;&nbsp;&nbsp;&nbsp;</span>&lt;</span></span><span style=\"font-size:13px;color:#2b91af\"><span style=\"font-size:13px;color:#2b91af\">xsl:call-template</span></span><span style=\"font-size:13px;color:#0000ff\"><span style=\"font-size:13px;color:#0000ff\"> </span></span><span style=\"font-size:13px;color:#ff0000\"><span style=\"font-size:13px;color:#ff0000\">name</span></span><span style=\"font-size:13px;color:#0000ff\"><span style=\"font-size:13px;color:#0000ff\">=</span></span><span style=\"font-size:13px\">&quot;</span><span style=\"font-size:13px;color:#0000ff\"><span style=\"font-size:13px;color:#0000ff\">grouped-bibliography</span></span><span style=\"font-size:13px\">&quot;</span><span style=\"font-size:13px;color:#0000ff\"><span style=\"font-size:13px;color:#0000ff\">&gt;<br>\r\n<span style=\"font-size:13px;color:#0000ff\">&nbsp;&nbsp;&nbsp;&nbsp;&nbsp;&nbsp;&nbsp; </span>&lt;</span></span><span style=\"font-size:13px;color:#2b91af\"><span style=\"font-size:13px;color:#2b91af\">xsl:with-param</span></span><span style=\"font-size:13px;color:#0000ff\"><span style=\"font-size:13px;color:#0000ff\"> </span></span><span style=\"font-size:13px;color:#ff0000\"><span style=\"font-size:13px;color:#ff0000\">name</span></span><span style=\"font-size:13px;color:#0000ff\"><span style=\"font-size:13px;color:#0000ff\">=</span></span><span style=\"font-size:13px\">&quot;</span><span style=\"font-size:13px;color:#0000ff\"><span style=\"font-size:13px;color:#0000ff\">name</span></span><span style=\"font-size:13px\">&quot;</span><span style=\"font-size:13px;color:#0000ff\"><span style=\"font-size:13px;color:#0000ff\"> </span></span><span style=\"font-size:13px;color:#ff0000\"><span style=\"font-size:13px;color:#ff0000\">select</span></span><span style=\"font-size:13px;color:#0000ff\"><span style=\"font-size:13px;color:#0000ff\">=</span></span><span style=\"font-size:13px\">&quot;</span><span style=\"font-size:13px;color:#0000ff\"><span style=\"font-size:13px;color:#0000ff\">'Book Sections'</span></span><span style=\"font-size:13px\">&quot;</span><span style=\"font-size:13px;color:#0000ff\"><span style=\"font-size:13px;color:#0000ff\">/&gt;<br>\r\n<span style=\"font-size:13px;color:#0000ff\">&nbsp;&nbsp;&nbsp;&nbsp;&nbsp;&nbsp;&nbsp; </span>&lt;</span></span><span style=\"font-size:13px;color:#2b91af\"><span style=\"font-size:13px;color:#2b91af\">xsl:with-param</span></span><span style=\"font-size:13px;color:#0000ff\"><span style=\"font-size:13px;color:#0000ff\"> </span></span><span style=\"font-size:13px;color:#ff0000\"><span style=\"font-size:13px;color:#ff0000\">name</span></span><span style=\"font-size:13px;color:#0000ff\"><span style=\"font-size:13px;color:#0000ff\">=</span></span><span style=\"font-size:13px\">&quot;</span><span style=\"font-size:13px;color:#0000ff\"><span style=\"font-size:13px;color:#0000ff\">type</span></span><span style=\"font-size:13px\">&quot;</span><span style=\"font-size:13px;color:#0000ff\"><span style=\"font-size:13px;color:#0000ff\"> </span></span><span style=\"font-size:13px;color:#ff0000\"><span style=\"font-size:13px;color:#ff0000\">select</span></span><span style=\"font-size:13px;color:#0000ff\"><span style=\"font-size:13px;color:#0000ff\">=</span></span><span style=\"font-size:13px\">&quot;</span><span style=\"font-size:13px;color:#0000ff\"><span style=\"font-size:13px;color:#0000ff\">'BookSection'</span></span><span style=\"font-size:13px\">&quot;</span><span style=\"font-size:13px;color:#0000ff\"><span style=\"font-size:13px;color:#0000ff\">/&gt;<br>\r\n<span style=\"font-size:13px;color:#0000ff\">&nbsp;&nbsp;&nbsp;&nbsp;&nbsp;&nbsp;</span>&lt;/</span></span><span style=\"font-size:13px;color:#2b91af\"><span style=\"font-size:13px;color:#2b91af\">xsl:call-template</span></span><span style=\"font-size:13px;color:#0000ff\"><span style=\"font-size:13px;color:#0000ff\">&gt;<br>\r\n&nbsp;&nbsp;&nbsp; &lt;/</span></span><span style=\"font-size:13px;color:#a31515\"><span style=\"font-size:13px;color:#a31515\">body</span></span><span style=\"font-size:13px;color:#0000ff\"><span style=\"font-size:13px;color:#0000ff\">&gt;<br>\r\n&nbsp; &lt;/</span></span><span style=\"font-size:13px;color:#a31515\"><span style=\"font-size:13px;color:#a31515\">html</span></span><span style=\"font-size:13px;color:#0000ff\"><span style=\"font-size:13px;color:#0000ff\">&gt;<br>\r\n&lt;/</span></span><span style=\"font-size:13px;color:#2b91af\"><span style=\"font-size:13px;color:#2b91af\">xsl:when</span></span><span style=\"font-size:13px;color:#0000ff\"><span style=\"font-size:13px;color:#0000ff\">&gt;&nbsp;</span>&nbsp;\r\n<p>\r\n<p>&nbsp;</p>\r\n</span>\r\n<p>\r\n<p>&nbsp;</p>\r\nYou could of course make separate templates for every type as well then.<br>\r\n<br>\r\nHTH</p>\r\n",
    "PostedDate": "2008-07-18T17:20:11.147-07:00",
    "UserRole": null,
    "MarkedAsAnswerDate": null
  }
]