[
  {
    "Id": "229615",
    "ThreadId": "67549",
    "Html": "<p>Hello,</p>\r\n<p>I'm very glad I've found your helpful tool. Thank you very much for your efforts.</p>\r\n<p>I'm writing my master thesis and I need to change the citation style according to my proffessor's rules.</p>\r\n<p>I need to have citations in the footnotes like this:</p>\r\n<p><strong>Kim/Verrecchia (1997)</strong></p>\r\n<p>instead of</p>\r\n<p>(Kim &amp;  Verrecchia, 1997)</p>\r\n<p>&nbsp;</p>\r\n<p>I've tried with this code in APA, but it didn't work out:</p>\r\n<p>&lt;citation&gt;<br>&nbsp;&nbsp;&nbsp;&nbsp;&nbsp; &lt;openbracket&gt;(&lt;/openbracket&gt;<br>&nbsp;&nbsp;&nbsp;&nbsp;&nbsp; &lt;closebracket&gt;)&lt;/closebracket&gt;<br>&nbsp;&nbsp;&nbsp;&nbsp;&nbsp; &lt;separator&gt;<strong><span style=\"color:#ff0000\">/</span></strong> &lt;/separator&gt;</p>\r\n<p>.........</p>\r\n<p>&lt;/source&gt;<br>&nbsp;&nbsp;&nbsp;&nbsp;&nbsp; &lt;source type=&quot;JournalArticle&quot;&gt;<br>&nbsp;&nbsp;&nbsp;&nbsp;&nbsp;&nbsp;&nbsp; &lt;format&gt;{%Author:1%}<strong><span style=\"color:#ff0000\">{%CitationPrefix%}</span></strong>{ %Year%{%YearSuffix%}}{, %CitationVolume%}{, %CitationPages:p.:pp.%}{%CitationSuffix%}&lt;/format&gt;<br>&nbsp;&nbsp;&nbsp;&nbsp;&nbsp; &lt;/source&gt;</p>\r\n<p>&nbsp;</p>\r\n<p>Your help is greatly appreciated!</p>",
    "PostedDate": "2009-09-01T00:56:04.64-07:00",
    "UserRole": null,
    "MarkedAsAnswerDate": null
  },
  {
    "Id": "229658",
    "ThreadId": "67549",
    "Html": "<p>The APA styles comes with Word 2007, it is not a BibWord style. So copy and pasting a data element into APA.xsl won't achieve a single thing.</p>\r\n<p>That aside, in BibWord the &quot;separator&quot; element is used to define the separator between multiple grouped in-text citations. So with your &quot;/ &quot;, you would get something like:</p>\r\n<p style=\"padding-left:30px\">(Kim, 1997/ Parker, 1998/ Thomson, 1996)</p>\r\n<p>What you want to change is the separator between authors. Your author is formatted using list <strong>1</strong> (as in %Author:<strong>1</strong>%). And list <strong>1</strong> could look like this for example:</p>\r\n<div style=\"color:Black;background-color:White\">\r\n<pre>      <span style=\"color:Blue\">&lt;</span><span style=\"color:#A31515\">list</span> <span style=\"color:Red\">name</span><span style=\"color:Blue\">=</span><span style=\"color:Black\">&quot;</span><span style=\"color:Blue\">citation_author</span><span style=\"color:Black\">&quot;</span> <span style=\"color:Red\">id</span><span style=\"color:Blue\">=</span><span style=\"color:Black\">&quot;</span><span style=\"color:Blue\"><strong>1</strong></span><span style=\"color:Black\">&quot;</span><span style=\"color:Blue\">&gt;</span>\r\n        <span style=\"color:Blue\">&lt;</span><span style=\"color:#A31515\">single_prefix</span><span style=\"color:Blue\">&gt;</span><span style=\"color:Blue\">&lt;/</span><span style=\"color:#A31515\">single_prefix</span><span style=\"color:Blue\">&gt;</span>\r\n        <span style=\"color:Blue\">&lt;</span><span style=\"color:#A31515\">multi_prefix</span><span style=\"color:Blue\">&gt;</span><span style=\"color:Blue\">&lt;/</span><span style=\"color:#A31515\">multi_prefix</span><span style=\"color:Blue\">&gt;</span>\r\n        <span style=\"color:Blue\">&lt;</span><span style=\"color:#A31515\">corporate</span><span style=\"color:Blue\">&gt;</span>{%Corporate%}<span style=\"color:Blue\">&lt;/</span><span style=\"color:#A31515\">corporate</span><span style=\"color:Blue\">&gt;</span>\r\n        <span style=\"color:Blue\">&lt;</span><span style=\"color:#A31515\">first_person</span><span style=\"color:Blue\">&gt;</span>{%Last|First|Middle%}<span style=\"color:Blue\">&lt;/</span><span style=\"color:#A31515\">first_person</span><span style=\"color:Blue\">&gt;</span>\r\n        <span style=\"color:Blue\">&lt;</span><span style=\"color:#A31515\">other_persons</span><span style=\"color:Blue\">&gt;</span>{%Last|First|Middle%}<span style=\"color:Blue\">&lt;/</span><span style=\"color:#A31515\">other_persons</span><span style=\"color:Blue\">&gt;</span>\r\n        <span style=\"color:Blue\">&lt;</span><span style=\"color:#A31515\">separator_between_if_two</span><span style=\"color:Blue\">&gt;</span> &amp; <span style=\"color:Blue\">&lt;/</span><span style=\"color:#A31515\">separator_between_if_two</span><span style=\"color:Blue\">&gt;</span>\r\n        <span style=\"color:Blue\">&lt;</span><span style=\"color:#A31515\">separator_between_if_more_than_two</span><span style=\"color:Blue\">&gt;</span>, <span style=\"color:Blue\">&lt;/</span><span style=\"color:#A31515\">separator_between_if_more_than_two</span><span style=\"color:Blue\">&gt;</span>\r\n        <span style=\"color:Blue\">&lt;</span><span style=\"color:#A31515\">separator_before_last</span><span style=\"color:Blue\">&gt;</span> &amp; <span style=\"color:Blue\">&lt;/</span><span style=\"color:#A31515\">separator_before_last</span><span style=\"color:Blue\">&gt;</span>\r\n        <span style=\"color:Blue\">&lt;</span><span style=\"color:#A31515\">max_number_of_persons_to_display</span><span style=\"color:Blue\">&gt;</span>3<span style=\"color:Blue\">&lt;/</span><span style=\"color:#A31515\">max_number_of_persons_to_display</span><span style=\"color:Blue\">&gt;</span>\r\n        <span style=\"color:Blue\">&lt;</span><span style=\"color:#A31515\">number_of_persons_to_display_if_more_than_max</span><span style=\"color:Blue\">&gt;</span>1<span style=\"color:Blue\">&lt;/</span><span style=\"color:#A31515\">number_of_persons_to_display_if_more_than_max</span><span style=\"color:Blue\">&gt;</span>\r\n        <span style=\"color:Blue\">&lt;</span><span style=\"color:#A31515\">overflow</span><span style=\"color:Blue\">&gt;</span>, et al.<span style=\"color:Blue\">&lt;/</span><span style=\"color:#A31515\">overflow</span><span style=\"color:Blue\">&gt;</span>\r\n        <span style=\"color:Blue\">&lt;</span><span style=\"color:#A31515\">single_suffix</span><span style=\"color:Blue\">&gt;</span><span style=\"color:Blue\">&lt;/</span><span style=\"color:#A31515\">single_suffix</span><span style=\"color:Blue\">&gt;</span>\r\n        <span style=\"color:Blue\">&lt;</span><span style=\"color:#A31515\">multi_suffix</span><span style=\"color:Blue\">&gt;</span><span style=\"color:Blue\">&lt;/</span><span style=\"color:#A31515\">multi_suffix</span><span style=\"color:Blue\">&gt;</span>\r\n      <span style=\"color:Blue\">&lt;/</span><span style=\"color:#A31515\">list</span><span style=\"color:Blue\">&gt;</span>\r\n</pre>\r\n</div>\r\n<p>What you want to play around with are the values of separator_between_if_two, separator_between_if_more_than_two, and separator_before_last. Also the max_number_of_persons_to_display and number_of_persons_to_display_if_more_than_max might be of interest to you.</p>\r\n<p>CitationPrefix contains the value which is specified by the \\f flag in the field code in Word. It has nothing to do with the surrounding brackets. If you don't want the brackets leading and trailing a group of in-text citations, you have to empty the openbracket and closebracket elements.</p>\r\n<p>Something along the following lines (with list 1 adjusted to your needs) should be what you are looking for:</p>\r\n<p style=\"padding-left:30px\">&lt;format&gt;{%CitationPrefix% }{%Author:1%} ({%Year%{%YearSuffix%}}{, %CitationVolume%}{, %CitationPages:p.:pp.%}){%CitationSuffix%}&lt;/format&gt;</p>",
    "PostedDate": "2009-09-01T04:45:54.22-07:00",
    "UserRole": null,
    "MarkedAsAnswerDate": null
  },
  {
    "Id": "229709",
    "ThreadId": "67549",
    "Html": "<p>Hello yves,</p>\r\n<p>thank you so much for your help.</p>\r\n<p>I took the Harvard AGPS style and managed to edit everything the way you suggested. Now I'm almost finished, there is only one thing - in the bibliography at the end I need the year twice, e.g.</p>\r\n<p><strong>Barron, Orie E. / Kim, Oliver / Lim, Steve C. / Stevens, Douglas E. <span style=\"color:#00ff00\">(1998)</span>:</strong> Using Analysts' Forecasts to Measure Properties of Analysts' Information Environment, in: <em>The Accounting Review</em>, Vol. 73, No. 4, <span style=\"color:#ff0000\">1998</span>, S. 421-433.</p>\r\n<p>...but i get the year only once (the green and not the red)</p>\r\n<p>here is the code:</p>\r\n<p>&lt;format&gt;{&amp;lt;b&amp;gt;%Author:3% ({%Year%{%YearSuffix%}}):&amp;lt;/b&amp;gt; }{%Title|ShortTitle%}{, in: &amp;lt;i&amp;gt;%JournalName%&amp;lt;/i&amp;gt;}{, Vol. %Volume%}{, No. %Issue%}, { %Year%} {, %Pages:p.:S. %}{, viewed {{%DayAccessed% }%MonthAccessed:s% }%YearAccessed%}{, &amp;lt;%URL:l%&amp;gt;}{, %Comments%}.&lt;/format&gt;</p>\r\n<p>Thanks!</p>\r\n<p>&nbsp;</p>",
    "PostedDate": "2009-09-01T06:49:00.913-07:00",
    "UserRole": null,
    "MarkedAsAnswerDate": null
  },
  {
    "Id": "229899",
    "ThreadId": "67549",
    "Html": "<p>By default BibWord only allows you to use each parameter once. This gives some powerful conditional formatting capabilities. By adding the &quot;r&quot; option to a parameter, you can mark the parameter as being reusable at a later time. This can be a limit in the conditional syntax for really complex queries, but in your case, it should not have any consequences.</p>\r\n<p>&lt;format&gt;{&amp;lt;b&amp;gt;%Author:3% ({%Year<strong><span style=\"color:#ff0000\">:r</span></strong>%{%YearSuffix%}}):&amp;lt;/b&amp;gt; }{%Title|ShortTitle%}{, in: &amp;lt;i&amp;gt;%JournalName%&amp;lt;/i&amp;gt;}{, Vol. %Volume%}{, No. %Issue%}, { %Year%} {, %Pages:p.:S. %}{, viewed {{%DayAccessed% }%MonthAccessed:s% }%YearAccessed%}{, &amp;lt;%URL:l%&amp;gt;}{, %Comments%}.&lt;/format&gt;</p>",
    "PostedDate": "2009-09-01T14:28:20.057-07:00",
    "UserRole": null,
    "MarkedAsAnswerDate": null
  },
  {
    "Id": "229909",
    "ThreadId": "67549",
    "Html": "<p>Thank you so much - everything is perfect now :-)</p>",
    "PostedDate": "2009-09-01T14:50:15.697-07:00",
    "UserRole": null,
    "MarkedAsAnswerDate": null
  }
]