[
  {
    "Id": "642359",
    "ThreadId": "265163",
    "Html": "\r\n<p>Hey,</p>\r\n<p>I am wondering where in the APA.xsl I can alter the number of listed authors before it gives back the et al.?<br>\r\nI already altered this for the in-line refs, but I am unable to find it for the reference list.</p>\r\n<p>Can someone help me figure out how to do this?</p>\r\n<p>Thanks in advance.</p>\r\n<p>Guido</p>\r\n",
    "PostedDate": "2011-07-14T07:44:51.33-07:00",
    "UserRole": null,
    "MarkedAsAnswerDate": null
  }
]