[
  {
    "Id": "1495479",
    "ThreadId": "662547",
    "Html": "Please here is  my problem\r<br />\n<br />\nWhen I cite using APA it says \r<br />\n(LastName, Year, Pág. X)\r<br />\nThe correct way is: (LastName, Year, p. X)\r<br />\n<br />\nHow can I edit the file  APASixthEditionOfficeOnline.xml (for Microsoft Word) to fix this problem?\r<br />\n<br />\nPlease: You can see this problem in: <a href=\"https://tinyurl.com/apa-problem\" rel=\"nofollow\">https://tinyurl.com/apa-problem</a><br />\n\r<br />\nI will appreciate your help to improve my APA style.﻿<br />\n",
    "PostedDate": "2017-04-14T09:55:09.707-07:00",
    "UserRole": null,
    "MarkedAsAnswerDate": null
  }
]