[
  {
    "Id": "188422",
    "ThreadId": "55792",
    "Html": "<p>Hello Yves and all. Greetings from Portugal</p>\r\n<p>I want to get a really minor get-up in the &quot;APA without space&quot; citation style. I just want to change the way the first author is displayed in a bibliography.</p>\r\n<p>Now we have this: Carlos, J. (2004)</p>\r\n<p>I want this: CARLOS, Jo&atilde;o L. (2004)</p>\r\n<p>I need to capitalize surname and have complete first name and the initial of middle name. I know how to open the citation file produced by BibWord, with a text editor, but being not a programmer I get lost in the APASpace.XSL 9946 lines file. With some orientation, maybe I could edit it myself. Thanks.</p>",
    "PostedDate": "2009-05-09T04:38:23.4-07:00",
    "UserRole": null,
    "MarkedAsAnswerDate": null
  },
  {
    "Id": "188439",
    "ThreadId": "55792",
    "Html": "<p>That style is not a BibWord style (meaning it is a mess to edit). It is a simple adaptation of the APA file that came with Word 2007. I no longer play around with those as they are too complex to handle.</p>\r\n<p>That said, I can point you in the direction as to where to look. There is a template called &quot;formatMainAuthor&quot;. In it there is a&nbsp;call to a template which does the actual name formatting. It takes the format&nbsp;(depending on the available&nbsp;elements) as input. I would think that it is just&nbsp;a matter&nbsp;of replacing those with your own definition. Something along the line of &quot;%L, %F %m&quot; and upperLast set to&nbsp;'yes' might do&nbsp;the&nbsp;trick for you.&nbsp;</p>\r\n<p>Yves</p>",
    "PostedDate": "2009-05-09T06:18:48.237-07:00",
    "UserRole": null,
    "MarkedAsAnswerDate": null
  },
  {
    "Id": "188460",
    "ThreadId": "55792",
    "Html": "<p>&nbsp;</p>\r\n<p>Hello Yves,</p>\r\n<p>Thanks for your answer. This is even harder than I thought. I tried&nbsp; but I can&acute;t produce any affect.</p>\r\n<p>Now I opened Harvard-Leeds and it was made by you; I could get there from Harvard-Leeds too with 4 small changes, but I am not sure if I can do it, even going over BibWord documents for hours. At this point someone should be doing such kind of work for a small shareware fee.</p>\r\n<p>Harvard-Leeds, It now produces this:</p>\r\n<p>BORGMAN, Christine L. (ed). 1990. <em>Scholarly Communication and Bibliometrics</em>. Newbury Park: Sage Publications.<br>DEROUET, Jean-Louis. 2000. Une science de l'administration scolaire est-elle possible? <em>Revue Fran&ccedil;aise de P&eacute;dagogie</em>. <strong>130</strong>, pp.5-14.<br>MUCCHIELLI, Roger. 1991. <em>L'Analyse de Contenu des Documents et des Communications</em>. Paris: &Eacute;ditions ESF.</p>\r\n<p>I wanted this:</p>\r\n<p>BORGMAN, Christine L. (ed) (1990). <em>Scholarly Communication and Bibliometrics</em>. Newbury Park: Sage Publications.<br> DEROUET, Jean-Louis (2000). Une science de l'administration scolaire est-elle possible? <em>Revue Fran&ccedil;aise de P&eacute;dagogie</em>. 130, pp. 5-14.<br> MUCCHIELLI, Roger (1991). <em>L'Analyse de Contenu des Documents et des Communications</em>. Paris: &Eacute;ditions ESF.</p>\r\n<p>a) Take off the point after the author name</p>\r\n<p>b) Put years inside ()</p>\r\n<p>c) Take off bold in journal number</p>\r\n<p>d) Get a space after pp.</p>",
    "PostedDate": "2009-05-09T08:47:54.627-07:00",
    "UserRole": null,
    "MarkedAsAnswerDate": null
  },
  {
    "Id": "188474",
    "ThreadId": "55792",
    "Html": "<p>I doubt you have being going over them for hours without result. The <a href=\"http://bibword.codeplex.com/Release/ProjectReleases.aspx?ReleaseId=26661#DownloadId=66671\">guide</a> might not be all that good, but it should have helped you to find at least the places to look.</p>\r\n<p>What you want to do is change how a bibliography entry looks. All formatting information you need for that is concentrated between <span style=\"color:#0000ff;font-size:x-small\"><span style=\"color:#0000ff;font-size:x-small\">&lt;</span></span><span style=\"color:#a31515;font-size:x-small\">bibliography</span><span style=\"color:#0000ff;font-size:x-small\"><span style=\"color:#0000ff;font-size:x-small\">&gt;</span></span> and <span style=\"color:#0000ff;font-size:x-small\"><span style=\"color:#0000ff;font-size:x-small\">&lt;/</span></span><span style=\"color:#a31515;font-size:x-small\">bibliography</span><span style=\"color:#0000ff;font-size:x-small\"><span style=\"color:#0000ff;font-size:x-small\">&gt;</span></span>. A mere 200 lines of code.</p>\r\n<p>Narrowing it further down, each type of source has its separate entry in a <em>source</em> element. For example, for books, you have:</p>\r\n<p style=\"line-height:normal;margin:0cm 0cm 0pt\"><span style=\"font-family:'Courier New';color:blue;font-size:10pt\"><span style=\"\">&nbsp; </span>&lt;</span><span style=\"font-family:'Courier New';color:#a31515;font-size:10pt\">source</span><span style=\"font-family:'Courier New';color:blue;font-size:10pt\"> </span><span style=\"font-family:'Courier New';color:red;font-size:10pt\">type</span><span style=\"font-family:'Courier New';color:blue;font-size:10pt\">=</span><span style=\"font-family:'Courier New';font-size:10pt\">&quot;<span style=\"color:blue\">Book</span>&quot;<span style=\"color:blue\">&gt;<br><span style=\"\">&nbsp;&nbsp;&nbsp; </span>&lt;</span><span style=\"color:#a31515\">column</span><span style=\"color:blue\"> </span><span style=\"color:red\">id</span><span style=\"color:blue\">=</span>&quot;<span style=\"color:blue\">1</span>&quot;<span style=\"color:blue\">&gt;<br><span style=\"\">&nbsp;&nbsp;&nbsp;&nbsp;&nbsp; </span>&lt;</span><span style=\"color:#a31515\">halign</span><span style=\"color:blue\">&gt;</span>left<span style=\"color:blue\">&lt;/</span><span style=\"color:#a31515\">halign</span><span style=\"color:blue\">&gt;<br><span style=\"\">&nbsp;&nbsp;&nbsp;&nbsp;&nbsp; </span>&lt;</span><span style=\"color:#a31515\">valign</span><span style=\"color:blue\">&gt;</span>top<span style=\"color:blue\">&lt;/</span><span style=\"color:#a31515\">valign</span><span style=\"color:blue\">&gt;<br><span style=\"\">&nbsp;&nbsp;&nbsp;&nbsp;&nbsp; </span>&lt;</span><span style=\"color:#a31515\">format</span><span style=\"color:blue\">&gt;</span>{%Author:2|Editor:3%.{ %Year%{%YearSuffix%}.}}{ <span style=\"color:red\">&amp;lt;</span>i<span style=\"color:red\">&amp;gt;</span>%Title|ShortTitle%<span style=\"color:red\">&amp;lt;</span>/i<span style=\"color:red\">&amp;gt;</span>.{ %Year%{%YearSuffix%}.}}{ %City%{: %Publisher%}}{ %Publisher%}.<span style=\"color:blue\">&lt;/</span><span style=\"color:#a31515\">format</span><span style=\"color:blue\">&gt;<br><span style=\"\">&nbsp;&nbsp;&nbsp; </span>&lt;/</span><span style=\"color:#a31515\">column</span><span style=\"color:blue\">&gt;<br><span style=\"\">&nbsp;&nbsp;&nbsp; </span>&lt;</span><span style=\"color:#a31515\">sortkey</span><span style=\"color:blue\">&gt;</span>{%Author:0|Editor:0|Title:a|ShortTitle:a%} {%Year%} {%Title:a|ShortTitle:a%}<span style=\"color:blue\">&lt;/</span><span style=\"color:#a31515\">sortkey</span><span style=\"color:blue\">&gt;<br><span style=\"\">&nbsp; </span>&lt;/</span><span style=\"color:#a31515\">source</span><span style=\"color:blue\">&gt;</span></span></p>\r\n<p>And as you only want to change the format, and not the sorting rules, the only entry of concern to you is <span style=\"color:#0000ff;font-size:x-small\"><span style=\"color:#0000ff;font-size:x-small\">&lt;</span></span><span style=\"color:#a31515;font-size:x-small\">format</span><span style=\"color:#0000ff;font-size:x-small\"><span style=\"color:#0000ff;font-size:x-small\">&gt;</span></span>. So basically what you have to do is update each of those elements with what you want. So you are down to something like 20 lines of code to change. And that is only if you want to change every entry, if you only use JournalArticle and Book, you only need to change 2 lines.</p>\r\n<p>Now let us take a look at your questions:</p>\r\n<p>a) Take off the point after the author name</p>\r\n<p>If the format string looks like <span style=\"font-family:'Courier New';font-size:10pt\" lang=NL-BE><strong><em>{%Author:2|Editor:3%.{ %Year%{%YearSuffix%}.}}</em></strong></span>, where do you think that period after the author stands in the format string? Right after <span style=\"font-family:'Courier New';font-size:10pt\" lang=NL-BE><strong><em>%Author:2|Editor:3%</em></strong></span>. So removing it from there will remove it from the output.</p>\r\n<p>b) Put years inside ()</p>\r\n<p>If in the format string, there is a piece looking like <span style=\"font-family:'Courier New';font-size:10pt\"><strong><em>%Year%</em></strong></span>, what variable do you think it represents? That's right, the year. So putting brackets around the year is the same as putting brackets around <span style=\"font-family:'Courier New';font-size:10pt\"><strong><em>%Year%</em></strong></span>. Of course, there is a little extra here as you also have to incorporate&nbsp;<span style=\"font-family:'Courier New';font-size:10pt\"><strong><em>%YearSuffix%</em></strong></span>, in your brackets.</p>\r\n<p>c) Take off bold in journal number</p>\r\n<p>This might be a little trickier if you have never used HTML before. The html code for bold is <em>&lt;b&gt;</em>. As <em>&lt;</em> <em>&gt;</em> are special characters, you will actually have to look for <em><strong><span style=\"font-family:'Courier New';color:red;font-size:10pt\" lang=NL-BE>&amp;lt;</span><span style=\"font-family:'Courier New';font-size:10pt\" lang=NL-BE>b<span style=\"color:red\">&amp;gt;</span></span></strong></em> in the code. For journal articles, you will see that the volume is formatted using <em><strong><span style=\"font-family:'Courier New';color:red;font-size:10pt\" lang=NL-BE>&amp;lt;</span><span style=\"font-family:'Courier New';font-size:10pt\" lang=NL-BE>b<span style=\"color:red\">&amp;gt;</span>%Volume%<span style=\"color:red\">&amp;lt;</span>/b<span style=\"color:red\">&amp;gt;</span></span></strong></em>. So what you need is to just strip the bold markup away until all that remains is <span style=\"font-family:'Courier New';font-size:10pt\" lang=NL-BE><em><strong>%Volume%</strong></em></span>.</p>\r\n<p>d) Get a space after pp.</p>\r\n<p>Have you actually looked at the <a href=\"http://bibword.codeplex.com/Release/ProjectReleases.aspx?ReleaseId=26661#DownloadId=66671\">guide</a>? It clearly explains how BibWord decides on how to format page prefixes. It's all there under the Pages variable. Consider looking it up as homework :-)</p>\r\n<p>So with these changes, your format string for books would look something like:</p>\r\n<p><span style=\"font-family:'Courier New';color:blue;font-size:10pt\">&lt;</span><span style=\"font-family:'Courier New';color:#a31515;font-size:10pt\">format</span><span style=\"font-family:'Courier New';color:blue;font-size:10pt\">&gt;</span><span style=\"font-family:'Courier New';font-size:10pt\">{%Author:2|Editor:3%{ (%Year%{%YearSuffix%})}.}{ <span style=\"color:red\">&amp;lt;</span>i<span style=\"color:red\">&amp;gt;</span>%Title|ShortTitle%<span style=\"color:red\">&amp;lt;</span>/i<span style=\"color:red\">&amp;gt;</span>{ (%Year%{%YearSuffix%})}.}{ %City%{: %Publisher%}}{ %Publisher%}.<span style=\"color:blue\">&lt;/</span><span style=\"color:#a31515\">format</span><span style=\"color:blue\">&gt;</span></span></p>",
    "PostedDate": "2009-05-09T10:16:46.44-07:00",
    "UserRole": null,
    "MarkedAsAnswerDate": null
  },
  {
    "Id": "188604",
    "ThreadId": "55792",
    "Html": "<p>Thanks. I managed to do the work. Some experience with html helped me, but I couldn't do it without your help anyway. Stay well.</p>",
    "PostedDate": "2009-05-10T04:32:20.663-07:00",
    "UserRole": null,
    "MarkedAsAnswerDate": null
  }
]