[
  {
    "Id": "807261",
    "ThreadId": "347776",
    "Html": "\r\n<p>Hi Yves,</p>\r\n<p>First of all, congratulations by the work.</p>\r\n<p>I have a question regarding the appearance of the citations when using the <a id=\"fileDownload0\" tabindex=\"9\" href=\"http://bibword.codeplex.com/releases/view/27212#DownloadId=67907\">\r\nABNT NBR 6023:2002*</a>,&nbsp;<span>reference style as defined by NBR 6023:2002</span>.</p>\r\n<p>When I have more than one author, it should&nbsp;not be separeted by &quot;e&quot; (that means &quot;and&quot; in portuguese). According to ABNT, both citation and bibliography have author list sapareted by &quot;;&quot;, no matter how many authors.</p>\r\n<p>And for more than three authors, the &quot;<em>et al</em>&quot; format have to show only the first author.</p>\r\n<p>I've&nbsp;tried to modify the xsl code, in the namelists lines, fron line 307 on, but is not solving the problem.</p>\r\n<p>What I have to do further? Is there any other line I have to change?</p>\r\n<p>Can you help me and others who face the same trouble?</p>\r\n<p>Marcelo.</p>\r\n",
    "PostedDate": "2012-03-07T20:05:17.96-08:00",
    "UserRole": null,
    "MarkedAsAnswerDate": null
  },
  {
    "Id": "809218",
    "ThreadId": "347776",
    "Html": "<p>I had as many people saying it should be \"e\" as there are ones saying it should be \";\". Nobody has given me conclusive proof of one or the other. Right now the rule is:</p>\r\n<p>&nbsp; 2 authors: e</p>\r\n<p>&nbsp; more than 2 authors:&nbsp;, and e for the last separator</p>\r\n<p>Anyway, if you want to change it, look for</p>\r\n<div style=\"color: black; background-color: white;\">\r\n<pre><span style=\"color: blue;\">&lt;</span><span style=\"color: #a31515;\">separator_between_if_two</span><span style=\"color: blue;\">&gt;</span> e <span style=\"color: blue;\">&lt;/</span><span style=\"color: #a31515;\">separator_between_if_two</span><span style=\"color: blue;\">&gt;</span>\r\n<span style=\"color: blue;\">&lt;</span><span style=\"color: #a31515;\">separator_between_if_more_than_two</span><span style=\"color: blue;\">&gt;</span>, <span style=\"color: blue;\">&lt;/</span><span style=\"color: #a31515;\">separator_between_if_more_than_two</span><span style=\"color: blue;\">&gt;</span>\r\n<span style=\"color: blue;\">&lt;</span><span style=\"color: #a31515;\">separator_before_last</span><span style=\"color: blue;\">&gt;</span> e <span style=\"color: blue;\">&lt;/</span><span style=\"color: #a31515;\">separator_before_last</span><span style=\"color: blue;\">&gt;</span>\r\n</pre>\r\n</div>\r\n<p>Change the 'e' to whatever you prefer.</p>\r\n<p>&nbsp;</p>",
    "PostedDate": "2012-03-12T11:51:46.89-07:00",
    "UserRole": null,
    "MarkedAsAnswerDate": null
  },
  {
    "Id": "812236",
    "ThreadId": "347776",
    "Html": "\r\n<div dir=\"ltr\">Thanks Yves,\r\n<div><br>\r\n</div>\r\n<div>Well, it's strange the existence of that who argue for a &quot;e&quot;, because the rules of the Brazilian norm from ABNT are clear. The expected is &quot;only one way&quot;, but it simply happens. ; )</div>\r\n<div><br>\r\n</div>\r\n<div>Anyway, as you've sad, I'll try to find the code you gave me and let it the way I need.</div>\r\n<div><br>\r\n</div>\r\n<div>Thanks again and go on in your work.</div>\r\n<div><br>\r\n</div>\r\n<div>Marcelo.</div>\r\n<div><br>\r\n</div>\r\n<div>\r\n<div>\r\n<div id=\"SkyDrivePlaceholder\"></div>\r\n<hr id=\"stopSpelling\">\r\nFrom: [email removed]<br>\r\nTo: [email removed]<br>\r\nDate: Mon, 12 Mar 2012 11:51:51 -0700<br>\r\nSubject: Re: ABNT format [bibword:347776]<br>\r\n<br>\r\nFrom: yves<br>\r\n<div id=\"ecxThreadNotificationPostBody\">I had as many people saying it should be &quot;e&quot; as there are ones saying it should be &quot;;&quot;. Nobody has given me conclusive proof of one or the other. Right now the rule is:<br>\r\n2 authors: e<br>\r\nmore than 2 authors: , and e for the last separator<br>\r\nAnyway, if you want to change it, look for<br>\r\n<div style=\"color:black; background-color:white\">\r\n<pre><span style=\"color:blue\">&lt;</span><span style=\"color:#a31515\">separator_between_if_two</span><span style=\"color:blue\">&gt;</span> e <span style=\"color:blue\">&lt;/</span><span style=\"color:#a31515\">separator_between_if_two</span><span style=\"color:blue\">&gt;</span>\r\n<span style=\"color:blue\">&lt;</span><span style=\"color:#a31515\">separator_between_if_more_than_two</span><span style=\"color:blue\">&gt;</span>, <span style=\"color:blue\">&lt;/</span><span style=\"color:#a31515\">separator_between_if_more_than_two</span><span style=\"color:blue\">&gt;</span>\r\n<span style=\"color:blue\">&lt;</span><span style=\"color:#a31515\">separator_before_last</span><span style=\"color:blue\">&gt;</span> e <span style=\"color:blue\">&lt;/</span><span style=\"color:#a31515\">separator_before_last</span><span style=\"color:blue\">&gt;</span>\r\n</pre>\r\n</div>\r\nChange the 'e' to whatever you prefer.<br>\r\n<br>\r\n</div>\r\n<div id=\"ecxThreadNotificationFooter\">Read the <a href=\"http://bibword.codeplex.com/discussions/347776#post809218\" target=\"_blank\">\r\nfull discussion online</a>.<br>\r\nTo add a post to this discussion, reply to this email (<a href=\"mailto:bibword@discussions.codeplex.com?subject=[bibword:347776]\">bibword@discussions.codeplex.com</a>)<br>\r\nTo start a new discussion for this project, email <a href=\"mailto:bibword@discussions.codeplex.com\">\r\nbibword@discussions.codeplex.com</a><br>\r\nYou are receiving this email because you subscribed to this discussion on CodePlex. You can\r\n<a href=\"https://bibword.codeplex.com/discussions/347776/unsubscribe/\" target=\"_blank\">\r\nunsubscribe</a> on CodePlex.com.<br>\r\nPlease note: Images and attachments will be removed from emails. Any posts to this discussion will also be available online at CodePlex.com<br>\r\n</div>\r\n</div>\r\n</div>\r\n</div>\r\n",
    "PostedDate": "2012-03-18T13:30:07.047-07:00",
    "UserRole": null,
    "MarkedAsAnswerDate": null
  },
  {
    "Id": "823219",
    "ThreadId": "347776",
    "Html": "\r\n<div dir=\"ltr\">Hi, Yves,\r\n<div><br>\r\n</div>\r\n<div>I guess I could white you a second time to resolve another question.<br>\r\n<div><br>\r\n</div>\r\n<div>I would like to ask you about the indirect citations in the code of ABNT (Brazilian Rules). I refer to that citations in which the names of authors appears outside the parentheses, written in lowercase.</div>\r\n<div><br>\r\n</div>\r\n<div>Is there a way to do this?</div>\r\n<div><br>\r\n</div>\r\n<div>Marcelo.<br>\r\n<br>\r\n<div>\r\n<div id=\"SkyDrivePlaceholder\"></div>\r\n<hr id=\"stopSpelling\">\r\nFrom: [email removed]<br>\r\nTo: [email removed]<br>\r\nDate: Mon, 12 Mar 2012 11:51:51 -0700<br>\r\nSubject: Re: ABNT format [bibword:347776]<br>\r\n<br>\r\nFrom: yves<br>\r\n<div id=\"ecxThreadNotificationPostBody\">I had as many people saying it should be &quot;e&quot; as there are ones saying it should be &quot;;&quot;. Nobody has given me conclusive proof of one or the other. Right now the rule is:<br>\r\n2 authors: e<br>\r\nmore than 2 authors: , and e for the last separator<br>\r\nAnyway, if you want to change it, look for<br>\r\n<div style=\"color:black; background-color:white\">\r\n<pre><span style=\"color:blue\">&lt;</span><span style=\"color:#a31515\">separator_between_if_two</span><span style=\"color:blue\">&gt;</span> e <span style=\"color:blue\">&lt;/</span><span style=\"color:#a31515\">separator_between_if_two</span><span style=\"color:blue\">&gt;</span>\r\n<span style=\"color:blue\">&lt;</span><span style=\"color:#a31515\">separator_between_if_more_than_two</span><span style=\"color:blue\">&gt;</span>, <span style=\"color:blue\">&lt;/</span><span style=\"color:#a31515\">separator_between_if_more_than_two</span><span style=\"color:blue\">&gt;</span>\r\n<span style=\"color:blue\">&lt;</span><span style=\"color:#a31515\">separator_before_last</span><span style=\"color:blue\">&gt;</span> e <span style=\"color:blue\">&lt;/</span><span style=\"color:#a31515\">separator_before_last</span><span style=\"color:blue\">&gt;</span>\r\n</pre>\r\n</div>\r\nChange the 'e' to whatever you prefer.<br>\r\n<br>\r\n</div>\r\n<div id=\"ecxThreadNotificationFooter\">Read the <a href=\"http://bibword.codeplex.com/discussions/347776#post809218\" target=\"_blank\">\r\nfull discussion online</a>.<br>\r\nTo add a post to this discussion, reply to this email (<a href=\"mailto:bibword@discussions.codeplex.com?subject=[bibword:347776]\">bibword@discussions.codeplex.com</a>)<br>\r\nTo start a new discussion for this project, email <a href=\"mailto:bibword@discussions.codeplex.com\">\r\nbibword@discussions.codeplex.com</a><br>\r\nYou are receiving this email because you subscribed to this discussion on CodePlex. You can\r\n<a href=\"https://bibword.codeplex.com/discussions/347776/unsubscribe/\" target=\"_blank\">\r\nunsubscribe</a> on CodePlex.com.<br>\r\nPlease note: Images and attachments will be removed from emails. Any posts to this discussion will also be available online at CodePlex.com<br>\r\n</div>\r\n</div>\r\n</div>\r\n</div>\r\n</div>\r\n",
    "PostedDate": "2012-04-12T20:12:55.067-07:00",
    "UserRole": null,
    "MarkedAsAnswerDate": null
  },
  {
    "Id": "823302",
    "ThreadId": "347776",
    "Html": "<p>Yes.</p>\r\n<p>However, Word forces you to make a choice. You can only use one format in your document. So either you choose for \"(AUTHOR, YEAR)\" or for \"author (YEAR)\" for your entire document.</p>\r\n<p>If you really want to use both, Microsoft suggests to use \"(AUTHOR, YEAR)\", then right-click and edit the citation to suppress the author. You can then manually type the \"author\". But that is prone to errors if you ask me.</p>\r\n<p>Theoretically you could abuse the suppress author flag (or another existing flag) to have a different meaning (e.g. use \"author (YEAR)\" instead of \"(AUTHOR, YEAR)\" formatting) but that would require some xslt programming.</p>\r\n<p>&nbsp;</p>",
    "PostedDate": "2012-04-13T01:19:26.78-07:00",
    "UserRole": null,
    "MarkedAsAnswerDate": null
  },
  {
    "Id": "845245",
    "ThreadId": "347776",
    "Html": "<p>Hello yves,</p>\r\n<p>&nbsp;</p>\r\n<p>I also need to modify the format so I can use it AUTHOR, YEAR without the parentheses. If they show like this, I can use it in the text as AUTHOR (YEAR) or (AUTHOR, YEAR) anytime I need just by supressing one of the terms.</p>\r\n<p>I entered on the code and deleted the lines:</p>\r\n<div style=\"color: black; background-color: white;\">\r\n<pre><span style=\"color: blue;\">&lt;</span><span style=\"color: #a31515;\">openbracket</span><span style=\"color: blue;\">&gt;</span>(<span style=\"color: blue;\">&lt;/</span><span style=\"color: #a31515;\">openbracket</span><span style=\"color: blue;\">&gt;</span>\r\n<span style=\"color: blue;\">&lt;</span><span style=\"color: #a31515;\">closebracket</span><span style=\"color: blue;\">&gt;</span>)<span style=\"color: blue;\">&lt;/</span><span style=\"color: #a31515;\">closebracket</span><span style=\"color: blue;\">&gt;</span>\r\n</pre>\r\n</div>\r\n<p>But when I add a citation it appears one space character before the author like this _AUTHOR, YEAR (where I've put the \"_\" is where the space appears). Do you know which line I have to alter to correct this?</p>\r\n<p>&nbsp;</p>",
    "PostedDate": "2012-06-05T16:05:27.867-07:00",
    "UserRole": null,
    "MarkedAsAnswerDate": null
  },
  {
    "Id": "847916",
    "ThreadId": "347776",
    "Html": "<p>You can't change that in the code. But there is a workaround. See the following discussion: <a href=\"http://bibword.codeplex.com/discussions/208897\">http://bibword.codeplex.com/discussions/208897</a></p>",
    "PostedDate": "2012-06-12T05:49:28.24-07:00",
    "UserRole": null,
    "MarkedAsAnswerDate": null
  }
]