[
  {
    "Id": "1497963",
    "ThreadId": "663728",
    "Html": "Just before all this disappears, as the new academic year begins, I thought I would post a definitive solution to the MHRA footnote style not being picked up by certain versions of word, despite other .XSL files being picked up when installed in the same, relevant, folder. \r<br />\n<br />\nAs others have pointed out, the file hosted on the site seems to need a slight tweak. Basically open the MHRA XSL file with a text editor, and then replace the section from the first instance of 'ssl:choose' to just before the  '&lt;!-- Formats a bibliography for display. --&gt;' section with the code below. Worked for me anyway! Then save the new file and so on.\r<br />\n<br />\nHave a good academic year!<br />\n<pre><code>&lt;xsl:choose&gt;\n      &lt;!-- Gets the name of the style as it will be displayed in Word 2007 / 2010. --&gt;\n      &lt;xsl:when test=&quot;b:StyleName&quot;&gt;\n        &lt;xsl:value-of select=&quot;msxsl:node-set($data)/general/stylename&quot;/&gt;\n      &lt;/xsl:when&gt;\n\n      &lt;!-- Gets the version information for the style in Word 2007 / 2010. --&gt;\n      &lt;xsl:when test=&quot;b:Version&quot;&gt;\n        &lt;xsl:value-of select=&quot;msxsl:node-set($data)/general/version&quot;/&gt;\n      &lt;/xsl:when&gt;\n\n      &lt;!-- Sets a version number in Word 2013. --&gt;\n      &lt;xsl:when test=&quot;b:XslVersion&quot;&gt;\n        &lt;xsl:choose&gt;\n          &lt;xsl:when test=&quot;msxsl:node-set($data)/general/version2013&quot;&gt;\n            &lt;xsl:value-of select=&quot;msxsl:node-set($data)/general/version2013&quot;/&gt;\n          &lt;/xsl:when&gt;\n          &lt;xsl:otherwise&gt;\n            &lt;!-- Fallback method : use a dummy version number of 1. --&gt;\n            &lt;xsl:text&gt;1&lt;/xsl:text&gt;\n          &lt;/xsl:otherwise&gt;\n        &lt;/xsl:choose&gt;\n      &lt;/xsl:when&gt;\n\n      &lt;!-- Set the name of the style in Word 2013. --&gt;\n      &lt;xsl:when test=&quot;b:StyleNameLocalized&quot;&gt;\n        &lt;xsl:value-of select=&quot;msxsl:node-set($data)/general/stylename&quot;/&gt;\n      &lt;/xsl:when&gt;\n\n      &lt;!-- Gets a description of the style. (Word 2008 or later) --&gt;\n      &lt;xsl:when test=&quot;b:Description&quot;&gt;\n        &lt;xsl:value-of select=&quot;msxsl:node-set($data)/general/description&quot;/&gt;\n      &lt;/xsl:when&gt;\n\n      &lt;!-- Gets the URL for updates. (Word 2008 or later) --&gt;\n      &lt;xsl:when test=&quot;b:UpdateURL&quot;&gt;\n        &lt;xsl:value-of select=&quot;msxsl:node-set($data)/general/URL&quot;/&gt;\n      &lt;/xsl:when&gt;\n\n      &lt;!-- Retrieve the most important fields for a certain type of citation. --&gt;\n      &lt;xsl:when test=&quot;b:GetImportantFields&quot;&gt;\n        &lt;xsl:variable name=&quot;type&quot; select=&quot;b:GetImportantFields/b:SourceType&quot;/&gt;\n        &lt;b:ImportantFields&gt;\n          &lt;xsl:copy-of select=&quot;msxsl:node-set($data)/importantfields/source[@type = $type]/*&quot;/&gt;\n        &lt;/b:ImportantFields&gt;\n      &lt;/xsl:when&gt;\n\n      &lt;!-- Formats a citation for display. --&gt;\n      &lt;xsl:when test=&quot;b:Citation&quot;&gt;\n        &lt;xsl:choose&gt;\n          &lt;xsl:when test=&quot;msxsl:node-set($data)/citation&quot;&gt;\n            &lt;xsl:call-template name=&quot;format-citation&quot;/&gt;\n          &lt;/xsl:when&gt;\n          &lt;xsl:otherwise&gt;\n            &lt;!-- Fallback method. --&gt;\n            &lt;xsl:call-template name=&quot;format-footnote-citation&quot;/&gt;\n          &lt;/xsl:otherwise&gt;\n        &lt;/xsl:choose&gt;\n      &lt;/xsl:when&gt;\n\n      &lt;!-- Formats a footnote citation for display (Word 2008 or later). --&gt;\n      &lt;xsl:when test=&quot;b:FootnoteCitation&quot;&gt;\n        &lt;xsl:choose&gt;\n          &lt;xsl:when test=&quot;msxsl:node-set($data)/footnotecitation&quot;&gt;\n            &lt;xsl:call-template name=&quot;format-footnote-citation&quot;/&gt;\n          &lt;/xsl:when&gt;\n          &lt;xsl:otherwise&gt;\n            &lt;!-- Fallback method. --&gt;\n            &lt;xsl:call-template name=&quot;format-citation&quot;/&gt;\n          &lt;/xsl:otherwise&gt;\n        &lt;/xsl:choose&gt;\n      &lt;/xsl:when&gt;</code></pre>\n\n",
    "PostedDate": "2017-09-07T14:48:30.743-07:00",
    "UserRole": null,
    "MarkedAsAnswerDate": null
  }
]