[
  {
    "Id": "530685",
    "ThreadId": "237039",
    "Html": "\r\n<p>I would just like to share how you import a new citation style for office 2011 for mac...&nbsp;</p>\r\n<p>&nbsp;</p>\r\n<p>/Applications/Microsoft Office 2011/Microsoft Word.app/Contents/Resources</p>\r\n<p>&nbsp;</p>\r\n<p>it is a bit tricky since you have to realize that you have to show content of the word 2011...</p>\r\n",
    "PostedDate": "2010-12-03T07:11:18.753-08:00",
    "UserRole": null,
    "MarkedAsAnswerDate": null
  }
]